student_id,full_name,email,department,batch_year,current_semester,cgpa,performance_status,backlog_count,active_backlog
S00001,Aamir Mehta,aamir.mehta20@college.ac.in,AIML,2023,6,5.61,Average,4,False
S00002,Junaid Chandrasekaran,junaid.chandrasekaran34@college.ac.in,MECH,2024,4,4.51,At Risk,4,True
S00003,Mohammed Bhat,mohammed.bhat81@college.ac.in,CSE,2025,2,5.08,At Risk,3,True
S00004,Riya Prasad,riya.prasad30@college.ac.in,ECE,2022,8,7.11,Good,0,False
S00005,Aman Desai,aman.desai36@college.ac.in,AIML,2023,6,7.07,Good,0,False
S00006,Swati Chandrasekaran,swati.chandrasekaran94@college.ac.in,MECH,2022,8,5.98,Average,5,True
S00007,Akash Hegde,akash.hegde74@college.ac.in,CSE,2025,2,7.29,Good,0,False
S00008,Vikram Rajan,vikram.rajan87@college.ac.in,CSE,2023,6,6.66,Average,4,True
S00009,Ravi Selvam,ravi.selvam11@college.ac.in,CSE,2023,6,7.18,Good,0,False
S00010,Salman Chauhan,salman.chauhan13@college.ac.in,ECE,2023,5,6.2,Average,0,False
S00011,Hiba Dubey,hiba.dubey45@college.ac.in,AIML,2023,6,7.78,Good,0,False
S00012,Imran Naidu,imran.naidu95@college.ac.in,MECH,2023,6,4.79,At Risk,5,True
S00013,Lakshmi Hegde,lakshmi.hegde12@college.ac.in,CSE,2023,5,5.95,Average,4,True
S00014,Karthik Prasad,karthik.prasad34@college.ac.in,AIML,2024,4,5.71,Average,0,False
S00015,Pooja Gupta,pooja.gupta94@college.ac.in,ECE,2023,6,6.29,Average,0,False
S00016,Karthik Iyengar,karthik.iyengar12@college.ac.in,CSE,2025,2,7.43,Good,0,False
S00017,Rizwan Tiwari,rizwan.tiwari52@college.ac.in,CSE,2024,4,7.22,Good,0,False
S00018,Sonal Gupta,sonal.gupta34@college.ac.in,MECH,2023,6,7.82,Good,0,False
S00019,Praveen Arumugam,praveen.arumugam48@college.ac.in,MECH,2023,6,5.82,Average,3,True
S00020,Fatima Velayudhan,fatima.velayudhan57@college.ac.in,MECH,2023,6,6.22,Average,0,False
S00021,Neha Malik,neha.malik49@college.ac.in,AIML,2022,8,6.61,Average,0,False
S00022,Deepak Rao,deepak.rao18@college.ac.in,AIML,2025,2,7.78,Good,0,False
S00023,Salman Khan,salman.khan44@college.ac.in,CSE,2024,4,5.99,Average,6,True
S00024,Piyush Tiwari,piyush.tiwari89@college.ac.in,CSE,2023,6,7.27,Good,0,False
S00025,Sanjay Chetty,sanjay.chetty96@college.ac.in,CSE,2023,5,7.07,Good,3,False
S00026,Farhan Natarajan,farhan.natarajan86@college.ac.in,AIML,2024,4,7.74,Good,0,False
S00027,Junaid Siddiqui,junaid.siddiqui34@college.ac.in,MECH,2022,8,6.06,Average,4,False
S00028,Madhan Chauhan,madhan.chauhan60@college.ac.in,CSE,2025,2,6.42,Average,0,False
S00029,Aishwarya Velayudhan,aishwarya.velayudhan80@college.ac.in,CSE,2022,8,7.55,Good,0,False
S00030,Sana Selvam,sana.selvam58@college.ac.in,AIML,2025,2,4.99,At Risk,2,True
S00031,Faisal Iyengar,faisal.iyengar12@college.ac.in,MECH,2023,6,6.6,Average,0,False
S00032,Nisha Venkataraman,nisha.venkataraman50@college.ac.in,AIML,2024,4,7.12,Good,0,False
S00033,Sachin Mirza,sachin.mirza78@college.ac.in,ECE,2023,6,5.78,Average,2,True
S00034,Dhanush Menon,dhanush.menon50@college.ac.in,CSE,2023,6,5.94,Average,6,True
S00035,Tarun Venkataraman,tarun.venkataraman96@college.ac.in,CSE,2025,2,3.57,At Risk,5,True
S00036,Amina Mirza,amina.mirza63@college.ac.in,MECH,2023,6,5.68,Average,1,False
S00037,Menon Mehta,menon.mehta61@college.ac.in,AIML,2025,2,7.68,Good,0,False
S00038,Ramesh Mirza,ramesh.mirza67@college.ac.in,MECH,2023,6,5.39,At Risk,3,True
S00039,Arjun Babu,arjun.babu33@college.ac.in,MECH,2023,6,6.06,Average,0,False
S00040,Rukhsar Rao,rukhsar.rao25@college.ac.in,CSE,2023,6,7.42,Good,0,False
S00041,Ramya Namboothiri,ramya.namboothiri64@college.ac.in,CSE,2022,8,7.7,Good,0,False
S00042,Sonal Das,sonal.das52@college.ac.in,CSE,2023,6,7.32,Good,2,False
S00043,Madhan Shetty,madhan.shetty81@college.ac.in,ECE,2022,8,6.1,Average,2,False
S00044,Ananya Naidu,ananya.naidu15@college.ac.in,AIML,2024,4,6.85,Average,1,False
S00045,Vishnu Siddiqui,vishnu.siddiqui94@college.ac.in,ECE,2025,2,5.83,Average,2,True
S00046,Anjali Tiwari,anjali.tiwari39@college.ac.in,MECH,2022,8,5.74,Average,4,True
S00047,Nithya Nair,nithya.nair71@college.ac.in,CSE,2022,8,6.56,Average,0,False
S00048,Simran Menon,simran.menon95@college.ac.in,CSE,2024,4,7.04,Good,3,False
S00049,Revathi Natarajan,revathi.natarajan59@college.ac.in,MECH,2023,6,6.89,Average,0,False
S00050,Divya Naidu,divya.naidu68@college.ac.in,MECH,2022,8,7.43,Good,0,False
S00051,Karthik Joshi,karthik.joshi64@college.ac.in,ECE,2024,4,7.13,Good,0,False
S00052,Zainab Joshi,zainab.joshi58@college.ac.in,ECE,2024,4,6.75,Average,0,False
S00053,Ramesh Verma,ramesh.verma50@college.ac.in,MECH,2023,6,6.65,Average,0,False
S00054,Babu Mirza,babu.mirza93@college.ac.in,ECE,2025,2,5.58,Average,2,True
S00055,Anjali Sheikh,anjali.sheikh90@college.ac.in,CSE,2024,4,6.31,Average,3,False
S00056,Syed Chauhan,syed.chauhan15@college.ac.in,MECH,2024,4,5.83,Average,3,True
S00057,Syed Joshi,syed.joshi19@college.ac.in,CSE,2024,4,7.58,Good,0,False
S00058,Kavya Nambiar,kavya.nambiar37@college.ac.in,ECE,2023,5,6.77,Average,0,False
S00059,Lakshmi Rajan,lakshmi.rajan54@college.ac.in,AIML,2022,8,6.34,Average,3,False
S00060,Aishwarya Karunakaran,aishwarya.karunakaran83@college.ac.in,ECE,2024,4,5.4,At Risk,2,True
S00061,Nikhil Velayudhan,nikhil.velayudhan89@college.ac.in,CSE,2024,4,5.85,Average,2,False
S00062,Prerna Mishra,prerna.mishra92@college.ac.in,CSE,2022,8,6.81,Average,2,False
S00063,Amit Hegde,amit.hegde80@college.ac.in,CSE,2023,6,6.76,Average,0,False
S00064,Deepak Shah,deepak.shah28@college.ac.in,ECE,2024,4,5.95,Average,1,True
S00065,Aman Babu,aman.babu71@college.ac.in,ECE,2024,4,4.56,At Risk,3,True
S00066,Pallavi Ansari,pallavi.ansari61@college.ac.in,MECH,2023,6,5.52,Average,4,False
S00067,Revathi Babu,revathi.babu41@college.ac.in,ECE,2024,4,7.68,Good,0,False
S00068,Sreejith Pandey,sreejith.pandey50@college.ac.in,MECH,2022,8,5.9,Average,4,True
S00069,Dhanush Kumar,dhanush.kumar27@college.ac.in,ECE,2023,6,7.16,Good,0,False
S00070,Farhan Yadav,farhan.yadav94@college.ac.in,AIML,2025,2,5.91,Average,4,True
S00071,Keerthi Kumar,keerthi.kumar95@college.ac.in,AIML,2025,2,7.88,Good,0,False
S00072,Priya Iyengar,priya.iyengar56@college.ac.in,AIML,2023,6,6.67,Average,0,False
S00073,Aishwarya Joshi,aishwarya.joshi32@college.ac.in,CSE,2023,5,6.25,Average,0,False
S00074,Mohammed Patil,mohammed.patil99@college.ac.in,MECH,2022,8,6.15,Average,0,False
S00075,Ankit Gopalakrishnan,ankit.gopalakrishnan52@college.ac.in,ECE,2023,6,6.2,Average,5,True
S00076,Aamir Khan,aamir.khan99@college.ac.in,AIML,2023,6,6.79,Average,0,False
S00077,Anjali Patel,anjali.patel44@college.ac.in,AIML,2025,2,7.5,Good,0,False
S00078,Ankit Mirza,ankit.mirza49@college.ac.in,ECE,2025,2,7.24,Good,0,False
S00079,Revathi Varma,revathi.varma65@college.ac.in,ECE,2025,2,7.57,Good,0,False
S00080,Sanjay Arumugam,sanjay.arumugam27@college.ac.in,AIML,2024,4,6.02,Average,5,True
S00081,Sathish Malik,sathish.malik96@college.ac.in,CSE,2025,2,7.32,Good,0,False
S00082,Harikrishna Chauhan,harikrishna.chauhan89@college.ac.in,MECH,2025,2,5.56,Average,5,False
S00083,Ananya Hegde,ananya.hegde79@college.ac.in,CSE,2024,4,7.42,Good,0,False
S00084,Kavya Sharma,kavya.sharma46@college.ac.in,CSE,2024,4,7.22,Good,5,False
S00085,Athul Arumugam,athul.arumugam94@college.ac.in,CSE,2025,2,7.79,Good,0,False
S00086,Aamir Babu,aamir.babu84@college.ac.in,ECE,2023,6,5.66,Average,2,True
S00087,Pooja Rajan,pooja.rajan30@college.ac.in,AIML,2024,4,6.72,Average,0,False
S00088,Zubair Shetty,zubair.shetty27@college.ac.in,MECH,2024,4,5.17,At Risk,1,False
S00089,Adil Verma,adil.verma79@college.ac.in,AIML,2022,8,6.22,Average,3,False
S00090,Salman Kamath,salman.kamath58@college.ac.in,CSE,2022,8,6.6,Average,0,False
S00091,Tanvi Gopalakrishnan,tanvi.gopalakrishnan55@college.ac.in,CSE,2024,4,6.08,Average,4,False
S00092,Kavya Singh,kavya.singh40@college.ac.in,ECE,2022,8,5.81,Average,0,False
S00093,Amina Naidu,amina.naidu78@college.ac.in,ECE,2023,6,5.87,Average,1,True
S00094,Siddharth Qureshi,siddharth.qureshi37@college.ac.in,AIML,2022,8,7.25,Good,0,False
S00095,Nikhil Menon,nikhil.menon13@college.ac.in,AIML,2025,2,6.72,Average,0,False
S00096,Salman Iyer,salman.iyer50@college.ac.in,AIML,2025,2,6.49,Average,0,False
S00097,Pooja Sheikh,pooja.sheikh74@college.ac.in,ECE,2023,6,5.9,Average,6,True
S00098,Ramya Natarajan,ramya.natarajan62@college.ac.in,CSE,2024,4,7.13,Good,0,False
S00099,Lakshmi Gupta,lakshmi.gupta26@college.ac.in,ECE,2023,6,6.62,Average,4,True
S00100,Rajan Malik,rajan.malik45@college.ac.in,AIML,2024,4,5.17,At Risk,5,True
S00101,Pooja Rao,pooja.rao31@college.ac.in,CSE,2025,2,8.47,Good,0,False
S00102,Shahid Siddiqui,shahid.siddiqui34@college.ac.in,ECE,2024,4,7.9,Good,0,False
S00103,Babu Gupta,babu.gupta51@college.ac.in,MECH,2024,4,6.16,Average,0,False
S00104,Swati Menon,swati.menon72@college.ac.in,MECH,2023,6,6.72,Average,2,False
S00105,Nisha Murthy,nisha.murthy41@college.ac.in,CSE,2023,6,6.61,Average,3,False
S00106,Manoj Hussain,manoj.hussain88@college.ac.in,ECE,2024,4,7.01,Good,4,True
S00107,Rajesh Ansari,rajesh.ansari60@college.ac.in,AIML,2024,4,4.89,At Risk,1,True
S00108,Logesh Mirza,logesh.mirza49@college.ac.in,AIML,2025,2,6.77,Average,0,False
S00109,Nikhil Patil,nikhil.patil99@college.ac.in,MECH,2024,4,5.7,Average,4,False
S00110,Prithviraj Yadav,prithviraj.yadav76@college.ac.in,CSE,2024,4,7.02,Good,3,False
S00111,Harish Varma,harish.varma26@college.ac.in,CSE,2022,8,6.93,Average,2,True
S00112,Ravi Velayudhan,ravi.velayudhan34@college.ac.in,CSE,2022,8,7.04,Good,0,False
S00113,Keerthi Patel,keerthi.patel88@college.ac.in,ECE,2024,3,6.89,Average,0,False
S00114,Asif Patel,asif.patel87@college.ac.in,MECH,2023,6,5.37,At Risk,3,False
S00115,Vikram Warrier,vikram.warrier71@college.ac.in,ECE,2022,8,7.94,Good,0,False
S00116,Karthik Namboothiri,karthik.namboothiri61@college.ac.in,CSE,2022,8,7.56,Good,5,True
S00117,Divya Sheikh,divya.sheikh50@college.ac.in,AIML,2024,4,7.59,Good,0,False
S00118,Nikhil Iyer,nikhil.iyer53@college.ac.in,ECE,2023,6,5.31,At Risk,4,True
S00119,Farhan Velayudhan,farhan.velayudhan65@college.ac.in,ECE,2024,4,6.45,Average,3,False
S00120,Divya Nair,divya.nair94@college.ac.in,ECE,2023,6,7.26,Good,0,False
S00121,Divya Joshi,divya.joshi51@college.ac.in,MECH,2024,4,4.95,At Risk,6,True
S00122,Anjali Naidu,anjali.naidu49@college.ac.in,AIML,2024,4,6.86,Average,0,False
S00123,Amit Selvam,amit.selvam91@college.ac.in,CSE,2025,2,7.95,Good,0,False
S00124,Praveen Menon,praveen.menon10@college.ac.in,MECH,2025,2,7.18,Good,0,False
S00125,Hiba Das,hiba.das42@college.ac.in,ECE,2023,6,6.59,Average,0,False
S00126,Harikrishna Rao,harikrishna.rao22@college.ac.in,MECH,2024,4,6.76,Average,3,False
S00127,Jithin Krishnan,jithin.krishnan45@college.ac.in,ECE,2022,8,5.86,Average,2,False
S00128,Asif Das,asif.das48@college.ac.in,AIML,2022,8,7.21,Good,0,False
S00129,Tanvi Arumugam,tanvi.arumugam69@college.ac.in,MECH,2024,4,5.8,Average,2,False
S00130,Usman Subramaniam,usman.subramaniam31@college.ac.in,AIML,2024,4,7.09,Good,5,False
S00131,Mohammed Warrier,mohammed.warrier24@college.ac.in,AIML,2025,2,7.15,Good,0,False
S00132,Athul Mishra,athul.mishra43@college.ac.in,ECE,2022,8,5.41,At Risk,6,True
S00133,Nikhil Sharma,nikhil.sharma38@college.ac.in,MECH,2024,4,4.67,At Risk,4,False
S00134,Adil Kulkarni,adil.kulkarni31@college.ac.in,MECH,2023,6,5.49,At Risk,6,True
S00135,Rahul Qureshi,rahul.qureshi78@college.ac.in,AIML,2023,6,5.88,Average,2,True
S00136,Shahid Malik,shahid.malik37@college.ac.in,CSE,2022,8,6.77,Average,4,False
S00137,Ajith Iyengar,ajith.iyengar37@college.ac.in,MECH,2024,4,7.14,Good,0,False
S00138,Logesh Chetty,logesh.chetty57@college.ac.in,AIML,2023,5,7.37,Good,0,False
S00139,Madhan Rao,madhan.rao23@college.ac.in,MECH,2023,6,7.41,Good,0,False
S00140,Nadia Reddy,nadia.reddy81@college.ac.in,ECE,2025,2,7.07,Good,1,False
S00141,Nithya Karunakaran,nithya.karunakaran43@college.ac.in,AIML,2022,8,7.58,Good,4,False
S00142,Sathish Bhat,sathish.bhat65@college.ac.in,AIML,2023,6,5.49,At Risk,2,True
S00143,Saranya Desai,saranya.desai37@college.ac.in,AIML,2023,6,5.74,Average,3,True
S00144,Vishnu Kumar,vishnu.kumar58@college.ac.in,CSE,2024,4,6.8,Average,0,False
S00145,Nair Yadav,nair.yadav14@college.ac.in,ECE,2023,5,7.86,Good,0,False
S00146,Ramesh Siddiqui,ramesh.siddiqui58@college.ac.in,MECH,2024,4,6.5,Average,1,True
S00147,Nithya Nair,nithya.nair38@college.ac.in,MECH,2023,6,6.7,Average,1,False
S00148,Mansi Yadav,mansi.yadav54@college.ac.in,AIML,2024,4,7.79,Good,0,False
S00149,Simran Warrier,simran.warrier13@college.ac.in,ECE,2025,2,5.4,At Risk,5,False
S00150,Nithish Rao,nithish.rao75@college.ac.in,MECH,2023,6,7.2,Good,0,False
S00151,Prerna Murthy,prerna.murthy27@college.ac.in,AIML,2023,6,6.01,Average,5,False
S00152,Asif Shah,asif.shah90@college.ac.in,CSE,2024,4,6.41,Average,1,True
S00153,Naveen Das,naveen.das40@college.ac.in,CSE,2024,4,5.62,Average,5,True
S00154,Prithviraj Sheikh,prithviraj.sheikh58@college.ac.in,CSE,2023,6,6.48,Average,0,False
S00155,Arun Murugan,arun.murugan68@college.ac.in,CSE,2022,8,6.74,Average,4,False
S00156,Aamir Chetty,aamir.chetty74@college.ac.in,CSE,2024,3,6.7,Average,0,False
S00157,Nithish Rao,nithish.rao47@college.ac.in,ECE,2025,2,6.16,Average,0,False
S00158,Ankita Warrier,ankita.warrier37@college.ac.in,CSE,2025,2,7.68,Good,0,False
S00159,Pooja Selvam,pooja.selvam43@college.ac.in,MECH,2023,5,6.75,Average,0,False
S00160,Prerna Rao,prerna.rao83@college.ac.in,CSE,2025,2,7.33,Good,0,False
S00161,Sachin Gupta,sachin.gupta45@college.ac.in,AIML,2024,3,7.26,Good,0,False
S00162,Hiba Malik,hiba.malik50@college.ac.in,ECE,2024,4,5.16,At Risk,4,True
S00163,Divya Shetty,divya.shetty53@college.ac.in,CSE,2022,8,7.05,Good,0,False
S00164,Mohammed Menon,mohammed.menon66@college.ac.in,CSE,2022,8,8.22,Good,0,False
S00165,Farhan Velayudhan,farhan.velayudhan78@college.ac.in,ECE,2024,3,6.94,Average,0,False
S00166,Hiba Velayudhan,hiba.velayudhan17@college.ac.in,CSE,2022,8,6.53,Average,0,False
S00167,Pooja Bhat,pooja.bhat39@college.ac.in,CSE,2024,4,7.45,Good,2,False
S00168,Amal Tiwari,amal.tiwari26@college.ac.in,MECH,2023,6,5.32,At Risk,1,True
S00169,Ankita Mirza,ankita.mirza15@college.ac.in,AIML,2024,4,6.05,Average,0,False
S00170,Prithviraj Subramaniam,prithviraj.subramaniam87@college.ac.in,CSE,2025,2,4.08,At Risk,1,True
S00171,Syed Verma,syed.verma59@college.ac.in,ECE,2025,2,6.44,Average,1,False
S00172,Usman Reddy,usman.reddy54@college.ac.in,ECE,2025,2,6.34,Average,3,True
S00173,Kavya Singh,kavya.singh68@college.ac.in,MECH,2023,5,7.63,Good,0,False
S00174,Ravi Iyer,ravi.iyer60@college.ac.in,AIML,2024,3,7.34,Good,0,False
S00175,Rahul Selvam,rahul.selvam97@college.ac.in,CSE,2022,8,6.64,Average,2,True
S00176,Swati Velayudhan,swati.velayudhan45@college.ac.in,MECH,2023,6,6.76,Average,0,False
S00177,Shubham Naidu,shubham.naidu20@college.ac.in,CSE,2025,2,8.29,Good,0,False
S00178,Lakshmi Verma,lakshmi.verma93@college.ac.in,CSE,2023,6,6.78,Average,0,False
S00179,Rukhsar Patel,rukhsar.patel95@college.ac.in,MECH,2025,2,5.02,At Risk,2,False
S00180,Harikrishna Prasad,harikrishna.prasad89@college.ac.in,ECE,2025,2,7.92,Good,0,False
S00181,Krishnan Patel,krishnan.patel10@college.ac.in,ECE,2023,6,7.26,Good,0,False
S00182,Fatima Naidu,fatima.naidu37@college.ac.in,AIML,2023,6,7.31,Good,0,False
S00183,Gaurav Siddiqui,gaurav.siddiqui34@college.ac.in,CSE,2022,8,7.74,Good,0,False
S00184,Sonal Namboothiri,sonal.namboothiri17@college.ac.in,CSE,2023,6,6.87,Average,0,False
S00185,Swati Chandrasekaran,swati.chandrasekaran45@college.ac.in,MECH,2023,6,6.26,Average,2,False
S00186,Sachin Bhat,sachin.bhat89@college.ac.in,MECH,2023,6,5.74,Average,3,True
S00187,Kritika Rao,kritika.rao35@college.ac.in,CSE,2024,4,5.9,Average,1,True
S00188,Divya Menon,divya.menon23@college.ac.in,CSE,2025,2,7.51,Good,3,False
S00189,Nisha Pillai,nisha.pillai24@college.ac.in,MECH,2024,3,5.99,Average,5,True
S00190,Bilal Gupta,bilal.gupta15@college.ac.in,CSE,2024,4,7.23,Good,0,False
S00191,Sana Naidu,sana.naidu67@college.ac.in,CSE,2022,8,8.57,Excellent,0,False
S00192,Rajesh Rao,rajesh.rao10@college.ac.in,AIML,2025,2,6.31,Average,4,False
S00193,Riya Warrier,riya.warrier12@college.ac.in,CSE,2023,6,6.58,Average,0,False
S00194,Ramesh Namboothiri,ramesh.namboothiri18@college.ac.in,MECH,2024,4,5.16,At Risk,5,True
S00195,Nadia Kulkarni,nadia.kulkarni57@college.ac.in,CSE,2024,4,6.87,Average,0,False
S00196,Ramesh Prasad,ramesh.prasad74@college.ac.in,MECH,2025,2,6.71,Average,6,True
S00197,Shahid Singh,shahid.singh76@college.ac.in,MECH,2022,8,7.09,Good,0,False
S00198,Dhanush Natarajan,dhanush.natarajan97@college.ac.in,ECE,2023,6,6.73,Average,0,False
S00199,Swati Reddy,swati.reddy79@college.ac.in,ECE,2025,2,7.17,Good,0,False
S00200,Usman Mishra,usman.mishra22@college.ac.in,AIML,2025,2,8.3,Good,0,False
S00201,Aamir Mehta,aamir.mehta99@college.ac.in,CSE,2025,2,6.15,Average,2,True
S00202,Amal Varma,amal.varma15@college.ac.in,AIML,2024,4,6.51,Average,0,False
S00203,Pallavi Qureshi,pallavi.qureshi99@college.ac.in,CSE,2023,6,6.99,Average,0,False
S00204,Harikrishna Nair,harikrishna.nair50@college.ac.in,CSE,2024,4,5.87,Average,3,True
S00205,Ganesh Arumugam,ganesh.arumugam65@college.ac.in,MECH,2023,6,7.77,Good,0,False
S00206,Salman Murthy,salman.murthy49@college.ac.in,MECH,2022,8,5.71,Average,5,False
S00207,Swathi Venkataraman,swathi.venkataraman69@college.ac.in,MECH,2023,6,6.47,Average,3,False
S00208,Rizwan Shah,rizwan.shah70@college.ac.in,MECH,2025,2,6.01,Average,0,False
S00209,Simran Iyer,simran.iyer15@college.ac.in,ECE,2024,4,5.47,At Risk,2,True
S00210,Harikrishna Chauhan,harikrishna.chauhan25@college.ac.in,CSE,2024,4,7.38,Good,0,False
S00211,Rahul Iyer,rahul.iyer96@college.ac.in,ECE,2024,4,6.22,Average,0,False
S00212,Syed Subramaniam,syed.subramaniam92@college.ac.in,ECE,2025,2,6.11,Average,0,False
S00213,Amit Yadav,amit.yadav30@college.ac.in,AIML,2022,8,7.87,Good,0,False
S00214,Nithish Chandrasekaran,nithish.chandrasekaran32@college.ac.in,ECE,2024,3,6.18,Average,0,False
S00215,Ananya Kamath,ananya.kamath87@college.ac.in,ECE,2023,6,6.2,Average,2,False
S00216,Aditi Varma,aditi.varma58@college.ac.in,CSE,2023,6,7.3,Good,0,False
S00217,Akash Babu,akash.babu75@college.ac.in,ECE,2025,2,4.51,At Risk,3,True
S00218,Faisal Iyer,faisal.iyer90@college.ac.in,AIML,2023,6,5.5,Average,5,True
S00219,Avinash Bhat,avinash.bhat29@college.ac.in,CSE,2025,2,7.9,Good,0,False
S00220,Manoj Patel,manoj.patel95@college.ac.in,AIML,2022,8,8.36,Good,0,False
S00221,Muralidhar Joshi,muralidhar.joshi63@college.ac.in,AIML,2023,6,6.04,Average,5,True
S00222,Abhijith Venkataraman,abhijith.venkataraman99@college.ac.in,CSE,2025,2,6.71,Average,2,False
S00223,Praveen Singh,praveen.singh88@college.ac.in,CSE,2025,2,8.82,Excellent,0,False
S00224,Madhan Reddy,madhan.reddy30@college.ac.in,AIML,2025,2,7.24,Good,3,True
S00225,Abhijith Shetty,abhijith.shetty49@college.ac.in,AIML,2024,4,5.74,Average,2,True
S00226,Sneha Joshi,sneha.joshi34@college.ac.in,AIML,2025,2,7.97,Good,0,False
S00227,Pillai Pandey,pillai.pandey94@college.ac.in,ECE,2022,8,7.86,Good,0,False
S00228,Rajan Malik,rajan.malik80@college.ac.in,CSE,2025,2,7.0,Good,0,False
S00229,Gaurav Hegde,gaurav.hegde85@college.ac.in,CSE,2025,2,6.96,Average,0,False
S00230,Arjun Pandey,arjun.pandey16@college.ac.in,MECH,2025,2,6.78,Average,6,False
S00231,Keerthi Siddiqui,keerthi.siddiqui94@college.ac.in,AIML,2023,6,6.8,Average,0,False
S00232,Vignesh Natarajan,vignesh.natarajan44@college.ac.in,CSE,2024,4,5.71,Average,4,True
S00233,Nithish Velayudhan,nithish.velayudhan78@college.ac.in,MECH,2024,4,7.1,Good,0,False
S00234,Zainab Das,zainab.das35@college.ac.in,MECH,2024,4,4.14,At Risk,2,True
S00235,Gaurav Subramaniam,gaurav.subramaniam49@college.ac.in,AIML,2024,4,5.91,Average,3,False
S00236,Manoj Shah,manoj.shah43@college.ac.in,MECH,2024,4,6.08,Average,5,True
S00237,Sathish Verma,sathish.verma27@college.ac.in,ECE,2023,6,7.58,Good,0,False
S00238,Ganesh Pandey,ganesh.pandey37@college.ac.in,MECH,2024,4,6.16,Average,0,False
S00239,Ramya Nair,ramya.nair15@college.ac.in,CSE,2024,4,6.6,Average,4,True
S00240,Pooja Babu,pooja.babu34@college.ac.in,ECE,2022,8,5.37,At Risk,5,True
S00241,Rahul Kamath,rahul.kamath94@college.ac.in,CSE,2022,8,6.97,Average,1,False
S00242,Ananya Siddiqui,ananya.siddiqui52@college.ac.in,ECE,2023,6,6.02,Average,1,True
S00243,Nair Rao,nair.rao79@college.ac.in,AIML,2022,8,7.5,Good,0,False
S00244,Nair Gupta,nair.gupta30@college.ac.in,ECE,2023,6,6.46,Average,5,True
S00245,Nithya Joshi,nithya.joshi47@college.ac.in,ECE,2024,3,7.9,Good,0,False
S00246,Saranya Venkataraman,saranya.venkataraman26@college.ac.in,CSE,2025,2,5.97,Average,1,False
S00247,Sonal Shetty,sonal.shetty36@college.ac.in,CSE,2022,8,7.26,Good,0,False
S00248,Akash Arumugam,akash.arumugam47@college.ac.in,MECH,2025,2,6.09,Average,0,False
S00249,Gaurav Varma,gaurav.varma70@college.ac.in,ECE,2025,2,7.15,Good,0,False
S00250,Syed Mehta,syed.mehta40@college.ac.in,AIML,2024,4,7.45,Good,0,False
S00251,Madhan Desai,madhan.desai77@college.ac.in,ECE,2025,2,5.2,At Risk,3,True
S00252,Madhan Warrier,madhan.warrier32@college.ac.in,AIML,2023,5,6.51,Average,0,False
S00253,Jithin Reddy,jithin.reddy20@college.ac.in,ECE,2023,6,6.22,Average,4,True
S00254,Prerna Hussain,prerna.hussain99@college.ac.in,CSE,2024,4,8.04,Good,0,False
S00255,Athul Mehta,athul.mehta79@college.ac.in,MECH,2024,4,7.23,Good,0,False
S00256,Rajan Kamath,rajan.kamath77@college.ac.in,AIML,2023,5,4.82,At Risk,3,False
S00257,Ravi Mirza,ravi.mirza19@college.ac.in,MECH,2022,8,6.11,Average,0,False
S00258,Simran Natarajan,simran.natarajan12@college.ac.in,CSE,2024,4,6.03,Average,6,False
S00259,Sonal Pandey,sonal.pandey81@college.ac.in,CSE,2023,5,6.97,Average,5,False
S00260,Syed Malik,syed.malik18@college.ac.in,MECH,2023,5,6.61,Average,1,False
S00261,Syed Subramaniam,syed.subramaniam28@college.ac.in,ECE,2025,2,8.36,Good,3,False
S00262,Pallavi Joshi,pallavi.joshi82@college.ac.in,AIML,2022,8,7.41,Good,0,False
S00263,Sachin Siddiqui,sachin.siddiqui96@college.ac.in,AIML,2023,5,7.67,Good,0,False
S00264,Ramesh Shetty,ramesh.shetty13@college.ac.in,CSE,2025,2,6.05,Average,1,True
S00265,Nithish Hussain,nithish.hussain52@college.ac.in,AIML,2023,6,6.73,Average,4,False
S00266,Vishnu Qureshi,vishnu.qureshi21@college.ac.in,ECE,2024,4,6.39,Average,4,False
S00267,Rishita Shah,rishita.shah69@college.ac.in,CSE,2024,4,6.75,Average,2,False
S00268,Aamir Murthy,aamir.murthy16@college.ac.in,CSE,2022,8,7.69,Good,0,False
S00269,Manoj Shetty,manoj.shetty75@college.ac.in,CSE,2023,6,7.32,Good,0,False
S00270,Amina Kamath,amina.kamath94@college.ac.in,CSE,2023,6,8.06,Good,0,False
S00271,Prithviraj Siddiqui,prithviraj.siddiqui65@college.ac.in,MECH,2024,4,4.63,At Risk,6,False
S00272,Mansi Rajan,mansi.rajan79@college.ac.in,AIML,2022,8,6.38,Average,3,False
S00273,Vikram Kulkarni,vikram.kulkarni79@college.ac.in,ECE,2022,8,7.89,Good,0,False
S00274,Aman Khan,aman.khan87@college.ac.in,CSE,2023,6,6.64,Average,5,True
S00275,Swathi Joshi,swathi.joshi49@college.ac.in,MECH,2024,3,6.67,Average,0,False
S00276,Siddharth Menon,siddharth.menon99@college.ac.in,CSE,2023,5,5.98,Average,2,True
S00277,Mohammed Mishra,mohammed.mishra67@college.ac.in,ECE,2022,8,5.74,Average,3,True
S00278,Swathi Kumar,swathi.kumar51@college.ac.in,ECE,2024,4,6.95,Average,0,False
S00279,Anjali Selvam,anjali.selvam10@college.ac.in,CSE,2025,2,8.1,Good,0,False
S00280,Divya Rajan,divya.rajan18@college.ac.in,CSE,2023,6,7.86,Good,0,False
S00281,Sanjay Ansari,sanjay.ansari95@college.ac.in,ECE,2025,2,5.77,Average,2,False
S00282,Babu Iyer,babu.iyer82@college.ac.in,ECE,2023,5,7.05,Good,0,False
S00283,Ravi Rao,ravi.rao63@college.ac.in,CSE,2025,2,7.02,Good,0,False
S00284,Tanvi Hussain,tanvi.hussain24@college.ac.in,AIML,2022,8,7.63,Good,0,False
S00285,Tarun Karunakaran,tarun.karunakaran36@college.ac.in,MECH,2023,5,6.88,Average,0,False
S00286,Sanjay Sharma,sanjay.sharma29@college.ac.in,AIML,2025,2,7.06,Good,0,False
S00287,Arjun Sheikh,arjun.sheikh63@college.ac.in,ECE,2023,6,4.44,At Risk,5,True
S00288,Suresh Naidu,suresh.naidu83@college.ac.in,CSE,2023,6,6.75,Average,0,False
S00289,Sathish Warrier,sathish.warrier10@college.ac.in,MECH,2022,8,5.24,At Risk,5,True
S00290,Aman Murthy,aman.murthy43@college.ac.in,CSE,2025,2,4.96,At Risk,3,True
S00291,Athul Chetty,athul.chetty89@college.ac.in,ECE,2022,8,7.67,Good,0,False
S00292,Ramesh Mishra,ramesh.mishra67@college.ac.in,ECE,2023,5,6.9,Average,0,False
S00293,Jithin Rajan,jithin.rajan87@college.ac.in,CSE,2024,4,8.1,Good,0,False
S00294,Dinesh Tiwari,dinesh.tiwari85@college.ac.in,MECH,2023,5,5.6,Average,3,False
S00295,Athul Mirza,athul.mirza77@college.ac.in,MECH,2022,8,5.76,Average,3,True
S00296,Sanjay Mishra,sanjay.mishra17@college.ac.in,MECH,2024,4,5.83,Average,4,True
S00297,Arun Bhat,arun.bhat19@college.ac.in,MECH,2025,2,4.96,At Risk,4,True
S00298,Shahid Krishnan,shahid.krishnan17@college.ac.in,CSE,2023,6,6.62,Average,4,True
S00299,Abhijith Malik,abhijith.malik64@college.ac.in,CSE,2024,3,7.36,Good,0,False
S00300,Akash Nambiar,akash.nambiar15@college.ac.in,MECH,2022,8,5.92,Average,6,True
S00301,Keerthi Hegde,keerthi.hegde24@college.ac.in,AIML,2024,4,6.47,Average,0,False
S00302,Lakshmi Das,lakshmi.das45@college.ac.in,MECH,2022,8,6.2,Average,5,True
S00303,Menon Malik,menon.malik60@college.ac.in,CSE,2022,8,7.23,Good,0,False
S00304,Arjun Verma,arjun.verma13@college.ac.in,CSE,2022,8,6.8,Average,0,False
S00305,Madhan Nambiar,madhan.nambiar33@college.ac.in,MECH,2023,6,5.8,Average,1,True
S00306,Ganesh Kumar,ganesh.kumar78@college.ac.in,CSE,2024,4,7.72,Good,0,False
S00307,Lakshmi Verma,lakshmi.verma36@college.ac.in,CSE,2023,6,6.77,Average,4,True
S00308,Manoj Nair,manoj.nair34@college.ac.in,ECE,2025,2,8.78,Excellent,0,False
S00309,Ajith Iyer,ajith.iyer41@college.ac.in,CSE,2022,8,7.04,Good,0,False
S00310,Mohammed Naidu,mohammed.naidu75@college.ac.in,AIML,2022,8,6.33,Average,3,True
S00311,Prithviraj Yadav,prithviraj.yadav23@college.ac.in,MECH,2024,4,6.21,Average,0,False
S00312,Tanvi Sharma,tanvi.sharma60@college.ac.in,AIML,2025,2,3.71,At Risk,3,False
S00313,Arjun Sharma,arjun.sharma18@college.ac.in,ECE,2025,2,5.57,Average,1,True
S00314,Piyush Varma,piyush.varma21@college.ac.in,ECE,2024,4,7.14,Good,0,False
S00315,Amal Sharma,amal.sharma68@college.ac.in,CSE,2024,4,6.85,Average,3,False
S00316,Nikhil Kumar,nikhil.kumar67@college.ac.in,ECE,2024,3,5.33,At Risk,5,True
S00317,Asif Iyengar,asif.iyengar79@college.ac.in,CSE,2022,8,7.57,Good,0,False
S00318,Deepak Dubey,deepak.dubey72@college.ac.in,CSE,2024,4,7.97,Good,0,False
S00319,Amit Murugan,amit.murugan56@college.ac.in,ECE,2023,6,6.53,Average,0,False
S00320,Rajan Rao,rajan.rao45@college.ac.in,MECH,2023,6,7.71,Good,0,False
S00321,Ramesh Selvam,ramesh.selvam56@college.ac.in,CSE,2023,6,6.73,Average,0,False
S00322,Aditi Hegde,aditi.hegde21@college.ac.in,MECH,2024,4,5.41,At Risk,3,False
S00323,Ajith Rao,ajith.rao40@college.ac.in,AIML,2024,4,7.49,Good,0,False
S00324,Ankit Joshi,ankit.joshi27@college.ac.in,CSE,2024,4,5.98,Average,3,False
S00325,Praveen Shah,praveen.shah69@college.ac.in,MECH,2023,6,6.75,Average,1,True
S00326,Keerthi Kamath,keerthi.kamath33@college.ac.in,CSE,2023,6,5.41,At Risk,4,True
S00327,Keerthi Pandey,keerthi.pandey15@college.ac.in,MECH,2025,2,5.44,At Risk,1,True
S00328,Piyush Karunakaran,piyush.karunakaran82@college.ac.in,AIML,2022,8,6.38,Average,0,False
S00329,Tanvi Iyer,tanvi.iyer58@college.ac.in,ECE,2025,2,6.65,Average,0,False
S00330,Varun Shetty,varun.shetty22@college.ac.in,MECH,2023,6,7.38,Good,0,False
S00331,Sanjay Pillai,sanjay.pillai85@college.ac.in,AIML,2024,4,6.34,Average,0,False
S00332,Pooja Gopalakrishnan,pooja.gopalakrishnan80@college.ac.in,CSE,2022,8,7.95,Good,0,False
S00333,Salman Menon,salman.menon75@college.ac.in,ECE,2023,6,5.25,At Risk,6,True
S00334,Menon Kumar,menon.kumar96@college.ac.in,MECH,2024,4,6.7,Average,2,False
S00335,Dhanush Verma,dhanush.verma54@college.ac.in,AIML,2022,8,7.0,Good,0,False
S00336,Piyush Hegde,piyush.hegde63@college.ac.in,AIML,2022,8,6.05,Average,2,True
S00337,Vijay Karunakaran,vijay.karunakaran75@college.ac.in,ECE,2023,6,6.3,Average,6,True
S00338,Harish Patel,harish.patel56@college.ac.in,CSE,2022,8,6.32,Average,2,True
S00339,Faisal Patel,faisal.patel53@college.ac.in,MECH,2025,2,6.67,Average,0,False
S00340,Ananya Das,ananya.das85@college.ac.in,CSE,2022,8,6.06,Average,2,False
S00341,Meena Pandey,meena.pandey74@college.ac.in,CSE,2023,6,7.03,Good,0,False
S00342,Vignesh Sharma,vignesh.sharma57@college.ac.in,ECE,2024,4,6.08,Average,0,False
S00343,Tanvi Pillai,tanvi.pillai14@college.ac.in,MECH,2022,8,7.17,Good,0,False
S00344,Swati Joshi,swati.joshi21@college.ac.in,ECE,2024,4,5.48,At Risk,2,True
S00345,Rukhsar Chandrasekaran,rukhsar.chandrasekaran90@college.ac.in,CSE,2022,8,8.24,Good,0,False
S00346,Abhijith Murugan,abhijith.murugan71@college.ac.in,CSE,2023,6,5.5,Average,6,True
S00347,Ayesha Namboothiri,ayesha.namboothiri18@college.ac.in,ECE,2022,8,6.55,Average,0,False
S00348,Irfan Yadav,irfan.yadav37@college.ac.in,AIML,2023,6,7.9,Good,0,False
S00349,Varun Krishnan,varun.krishnan39@college.ac.in,CSE,2022,8,7.03,Good,0,False
S00350,Syed Pandey,syed.pandey88@college.ac.in,CSE,2024,4,6.89,Average,0,False
S00351,Siddharth Qureshi,siddharth.qureshi82@college.ac.in,MECH,2022,8,6.41,Average,3,True
S00352,Zainab Natarajan,zainab.natarajan76@college.ac.in,MECH,2023,6,5.68,Average,1,False
S00353,Rajesh Nair,rajesh.nair24@college.ac.in,AIML,2025,2,7.3,Good,0,False
S00354,Harikrishna Patel,harikrishna.patel83@college.ac.in,ECE,2025,2,5.75,Average,3,True
S00355,Sneha Desai,sneha.desai95@college.ac.in,CSE,2023,6,6.14,Average,3,True
S00356,Aishwarya Singh,aishwarya.singh48@college.ac.in,MECH,2024,4,6.1,Average,0,False
S00357,Varun Joshi,varun.joshi83@college.ac.in,ECE,2022,8,5.57,Average,3,True
S00358,Sanjay Dubey,sanjay.dubey30@college.ac.in,ECE,2022,8,6.0,Average,4,True
S00359,Mohammed Murugan,mohammed.murugan28@college.ac.in,ECE,2022,8,5.58,Average,5,True
S00360,Ramya Iyengar,ramya.iyengar81@college.ac.in,CSE,2022,8,7.64,Good,0,False
S00361,Menon Kulkarni,menon.kulkarni33@college.ac.in,AIML,2025,2,7.78,Good,0,False
S00362,Anjali Sharma,anjali.sharma63@college.ac.in,CSE,2022,8,7.37,Good,0,False
S00363,Siddharth Singh,siddharth.singh15@college.ac.in,CSE,2022,8,7.83,Good,0,False
S00364,Irfan Murthy,irfan.murthy59@college.ac.in,MECH,2022,8,5.93,Average,2,False
S00365,Manoj Selvam,manoj.selvam80@college.ac.in,AIML,2024,4,6.87,Average,0,False
S00366,Sachin Qureshi,sachin.qureshi98@college.ac.in,MECH,2023,6,7.71,Good,0,False
S00367,Meena Joshi,meena.joshi68@college.ac.in,ECE,2023,6,7.01,Good,0,False
S00368,Lakshmi Kumar,lakshmi.kumar91@college.ac.in,AIML,2022,8,5.86,Average,4,True
S00369,Karthik Arumugam,karthik.arumugam66@college.ac.in,ECE,2024,4,6.24,Average,0,False
S00370,Nikhil Joshi,nikhil.joshi45@college.ac.in,ECE,2025,2,8.6,Excellent,0,False
S00371,Harikrishna Siddiqui,harikrishna.siddiqui23@college.ac.in,MECH,2023,6,4.6,At Risk,6,True
S00372,Rukhsar Bhat,rukhsar.bhat79@college.ac.in,ECE,2022,8,6.21,Average,0,False
S00373,Asif Yadav,asif.yadav30@college.ac.in,CSE,2023,6,7.48,Good,2,False
S00374,Salman Kumar,salman.kumar52@college.ac.in,MECH,2025,2,6.9,Average,0,False
S00375,Pallavi Murthy,pallavi.murthy31@college.ac.in,ECE,2024,3,6.51,Average,0,False
S00376,Surya Gupta,surya.gupta70@college.ac.in,ECE,2025,2,7.92,Good,0,False
S00377,Shubham Pillai,shubham.pillai33@college.ac.in,MECH,2024,4,5.38,At Risk,3,True
S00378,Ankita Kamath,ankita.kamath77@college.ac.in,MECH,2023,6,5.88,Average,4,True
S00379,Karthik Naidu,karthik.naidu81@college.ac.in,AIML,2022,8,7.22,Good,4,False
S00380,Rizwan Qureshi,rizwan.qureshi53@college.ac.in,CSE,2024,4,7.62,Good,0,False
S00381,Ankita Pillai,ankita.pillai81@college.ac.in,ECE,2022,8,5.58,Average,4,True
S00382,Fatima Sharma,fatima.sharma36@college.ac.in,ECE,2025,2,5.59,Average,5,True
S00383,Nadia Patil,nadia.patil83@college.ac.in,AIML,2023,5,6.27,Average,4,False
S00384,Madhan Siddiqui,madhan.siddiqui26@college.ac.in,MECH,2022,8,5.93,Average,3,True
S00385,Sanjay Das,sanjay.das91@college.ac.in,ECE,2022,8,5.7,Average,2,True
S00386,Surya Bhat,surya.bhat91@college.ac.in,MECH,2024,4,5.25,At Risk,2,False
S00387,Vishnu Sheikh,vishnu.sheikh62@college.ac.in,MECH,2023,6,6.06,Average,3,False
S00388,Rajesh Arumugam,rajesh.arumugam59@college.ac.in,MECH,2023,6,6.16,Average,0,False
S00389,Divya Babu,divya.babu43@college.ac.in,MECH,2022,8,6.09,Average,0,False
S00390,Aditi Iyer,aditi.iyer33@college.ac.in,MECH,2023,6,6.25,Average,0,False
S00391,Farhan Das,farhan.das35@college.ac.in,CSE,2022,8,6.84,Average,4,False
S00392,Ramya Mishra,ramya.mishra16@college.ac.in,CSE,2024,4,5.89,Average,4,True
S00393,Vishnu Iyer,vishnu.iyer96@college.ac.in,ECE,2022,8,7.33,Good,0,False
S00394,Ganesh Patil,ganesh.patil11@college.ac.in,CSE,2025,2,6.11,Average,1,True
S00395,Ramesh Verma,ramesh.verma61@college.ac.in,MECH,2024,3,6.3,Average,2,True
S00396,Revathi Menon,revathi.menon11@college.ac.in,ECE,2024,4,7.43,Good,0,False
S00397,Amal Natarajan,amal.natarajan82@college.ac.in,CSE,2023,6,5.98,Average,5,False
S00398,Rizwan Bhat,rizwan.bhat85@college.ac.in,CSE,2025,2,6.4,Average,1,False
S00399,Kavya Arumugam,kavya.arumugam83@college.ac.in,MECH,2022,8,5.27,At Risk,3,True
S00400,Amit Velayudhan,amit.velayudhan51@college.ac.in,CSE,2023,6,5.29,At Risk,3,True
S00401,Irfan Menon,irfan.menon68@college.ac.in,MECH,2023,6,6.59,Average,0,False
S00402,Pooja Bhat,pooja.bhat13@college.ac.in,MECH,2025,2,7.92,Good,0,False
S00403,Praveen Chauhan,praveen.chauhan62@college.ac.in,AIML,2024,4,6.21,Average,1,False
S00404,Ankita Ansari,ankita.ansari44@college.ac.in,CSE,2022,8,6.58,Average,1,False
S00405,Tanvi Natarajan,tanvi.natarajan35@college.ac.in,MECH,2023,6,6.2,Average,2,True
S00406,Dinesh Chetty,dinesh.chetty88@college.ac.in,MECH,2023,6,5.73,Average,2,True
S00407,Sreejith Varma,sreejith.varma29@college.ac.in,AIML,2025,2,6.84,Average,0,False
S00408,Vivek Patil,vivek.patil11@college.ac.in,AIML,2024,4,5.79,Average,1,True
S00409,Jithin Hussain,jithin.hussain70@college.ac.in,AIML,2023,6,5.51,Average,6,False
S00410,Dhanush Mehta,dhanush.mehta60@college.ac.in,MECH,2022,8,7.09,Good,4,False
S00411,Nikhil Siddiqui,nikhil.siddiqui47@college.ac.in,CSE,2025,2,6.07,Average,1,False
S00412,Harikrishna Gopalakrishnan,harikrishna.gopalakrishnan80@college.ac.in,ECE,2023,6,5.56,Average,3,True
S00413,Ajith Sheikh,ajith.sheikh73@college.ac.in,ECE,2022,8,6.32,Average,4,False
S00414,Mohammed Shetty,mohammed.shetty51@college.ac.in,MECH,2024,4,5.85,Average,2,False
S00415,Aman Iyer,aman.iyer80@college.ac.in,ECE,2025,2,4.39,At Risk,3,True
S00416,Shreya Malik,shreya.malik96@college.ac.in,CSE,2024,4,7.07,Good,0,False
S00417,Ganesh Selvam,ganesh.selvam70@college.ac.in,CSE,2024,3,6.02,Average,0,False
S00418,Ganesh Gopalakrishnan,ganesh.gopalakrishnan32@college.ac.in,CSE,2023,6,7.6,Good,0,False
S00419,Abhijith Qureshi,abhijith.qureshi11@college.ac.in,MECH,2022,8,7.67,Good,0,False
S00420,Shubham Reddy,shubham.reddy17@college.ac.in,MECH,2022,8,6.78,Average,0,False
S00421,Nithish Kumar,nithish.kumar63@college.ac.in,CSE,2023,6,6.22,Average,0,False
S00422,Sana Venkataraman,sana.venkataraman52@college.ac.in,AIML,2022,8,7.65,Good,0,False
S00423,Usman Mirza,usman.mirza88@college.ac.in,ECE,2023,6,6.47,Average,0,False
S00424,Rishita Reddy,rishita.reddy59@college.ac.in,AIML,2024,4,7.71,Good,0,False
S00425,Rajan Natarajan,rajan.natarajan27@college.ac.in,ECE,2023,6,6.98,Average,0,False
S00426,Swathi Rao,swathi.rao40@college.ac.in,MECH,2023,6,6.09,Average,0,False
S00427,Keerthi Kamath,keerthi.kamath91@college.ac.in,ECE,2025,2,4.62,At Risk,6,True
S00428,Nisha Krishnan,nisha.krishnan80@college.ac.in,MECH,2024,4,5.39,At Risk,2,True
S00429,Dhanush Hegde,dhanush.hegde16@college.ac.in,MECH,2023,6,4.75,At Risk,3,True
S00430,Surya Nair,surya.nair60@college.ac.in,CSE,2023,6,7.52,Good,0,False
S00431,Nadia Kulkarni,nadia.kulkarni59@college.ac.in,ECE,2022,8,5.64,Average,1,True
S00432,Piyush Selvam,piyush.selvam38@college.ac.in,ECE,2023,6,6.79,Average,0,False
S00433,Aditi Selvam,aditi.selvam22@college.ac.in,AIML,2025,2,7.38,Good,0,False
S00434,Rohit Kulkarni,rohit.kulkarni63@college.ac.in,CSE,2025,2,6.07,Average,3,True
S00435,Anjali Tiwari,anjali.tiwari70@college.ac.in,MECH,2025,2,4.88,At Risk,2,False
S00436,Aman Kulkarni,aman.kulkarni14@college.ac.in,AIML,2023,6,7.2,Good,0,False
S00437,Swathi Sheikh,swathi.sheikh63@college.ac.in,MECH,2023,6,6.95,Average,0,False
S00438,Amina Kulkarni,amina.kulkarni11@college.ac.in,MECH,2022,8,7.19,Good,0,False
S00439,Syed Hussain,syed.hussain63@college.ac.in,ECE,2024,4,6.72,Average,0,False
S00440,Imran Mehta,imran.mehta63@college.ac.in,ECE,2024,3,6.63,Average,3,False
S00441,Varun Kumar,varun.kumar35@college.ac.in,AIML,2022,8,5.66,Average,5,True
S00442,Pooja Shetty,pooja.shetty24@college.ac.in,ECE,2024,4,6.84,Average,0,False
S00443,Dhanush Rao,dhanush.rao72@college.ac.in,ECE,2025,2,6.64,Average,4,False
S00444,Vivek Subramaniam,vivek.subramaniam11@college.ac.in,AIML,2022,8,7.54,Good,0,False
S00445,Aditi Menon,aditi.menon35@college.ac.in,AIML,2025,2,5.13,At Risk,5,True
S00446,Divya Selvam,divya.selvam16@college.ac.in,CSE,2025,2,7.02,Good,5,True
S00447,Neha Hussain,neha.hussain85@college.ac.in,ECE,2024,4,6.24,Average,6,False
S00448,Salman Bhat,salman.bhat41@college.ac.in,ECE,2024,4,6.96,Average,0,False
S00449,Surya Naidu,surya.naidu82@college.ac.in,ECE,2025,2,7.83,Good,5,False
S00450,Athul Namboothiri,athul.namboothiri99@college.ac.in,ECE,2023,6,8.05,Good,0,False
S00451,Nisha Hussain,nisha.hussain62@college.ac.in,CSE,2023,5,7.75,Good,0,False
S00452,Tarun Verma,tarun.verma38@college.ac.in,CSE,2024,4,8.02,Good,0,False
S00453,Tanvi Pandey,tanvi.pandey13@college.ac.in,MECH,2022,8,7.56,Good,0,False
S00454,Adil Joshi,adil.joshi95@college.ac.in,CSE,2022,8,8.04,Good,0,False
S00455,Sneha Mirza,sneha.mirza99@college.ac.in,CSE,2025,2,7.66,Good,0,False
S00456,Ankit Reddy,ankit.reddy12@college.ac.in,ECE,2024,4,7.07,Good,4,True
S00457,Vijay Shah,vijay.shah52@college.ac.in,CSE,2023,6,6.52,Average,0,False
S00458,Pooja Selvam,pooja.selvam19@college.ac.in,MECH,2025,2,6.09,Average,5,True
S00459,Karthik Nair,karthik.nair59@college.ac.in,ECE,2025,2,7.02,Good,5,False
S00460,Piyush Singh,piyush.singh26@college.ac.in,ECE,2022,8,6.47,Average,3,False
S00461,Ramesh Murthy,ramesh.murthy46@college.ac.in,ECE,2022,8,6.18,Average,3,True
S00462,Mohammed Das,mohammed.das13@college.ac.in,MECH,2024,4,7.2,Good,0,False
S00463,Muralidhar Das,muralidhar.das37@college.ac.in,MECH,2025,2,6.52,Average,0,False
S00464,Shreya Pandey,shreya.pandey48@college.ac.in,CSE,2023,6,5.45,At Risk,5,True
S00465,Menon Yadav,menon.yadav37@college.ac.in,CSE,2022,8,6.58,Average,4,True
S00466,Avinash Karunakaran,avinash.karunakaran71@college.ac.in,CSE,2023,6,7.7,Good,0,False
S00467,Suresh Joshi,suresh.joshi61@college.ac.in,MECH,2023,5,5.2,At Risk,5,True
S00468,Prithviraj Desai,prithviraj.desai65@college.ac.in,CSE,2025,2,6.85,Average,4,True
S00469,Rahul Murthy,rahul.murthy86@college.ac.in,ECE,2025,2,7.36,Good,5,False
S00470,Suresh Malik,suresh.malik89@college.ac.in,ECE,2024,4,5.1,At Risk,4,True
S00471,Zubair Desai,zubair.desai53@college.ac.in,ECE,2025,2,6.9,Average,0,False
S00472,Tanvi Chetty,tanvi.chetty32@college.ac.in,AIML,2022,8,6.93,Average,4,False
S00473,Madhan Hussain,madhan.hussain66@college.ac.in,AIML,2022,8,7.01,Good,0,False
S00474,Rohit Kamath,rohit.kamath48@college.ac.in,CSE,2024,4,7.39,Good,0,False
S00475,Rahul Menon,rahul.menon37@college.ac.in,MECH,2023,6,6.13,Average,3,False
S00476,Amal Varma,amal.varma98@college.ac.in,ECE,2025,2,7.04,Good,0,False
S00477,Divya Namboothiri,divya.namboothiri65@college.ac.in,ECE,2023,6,8.18,Good,0,False
S00478,Rajan Pillai,rajan.pillai35@college.ac.in,CSE,2022,8,8.19,Good,0,False
S00479,Mohammed Menon,mohammed.menon47@college.ac.in,AIML,2022,8,7.33,Good,0,False
S00480,Gaurav Rajan,gaurav.rajan85@college.ac.in,MECH,2022,8,6.75,Average,0,False
S00481,Anjali Desai,anjali.desai82@college.ac.in,CSE,2024,3,5.97,Average,0,False
S00482,Pooja Yadav,pooja.yadav28@college.ac.in,ECE,2025,2,6.83,Average,2,True
S00483,Kritika Ansari,kritika.ansari88@college.ac.in,ECE,2023,6,6.95,Average,0,False
S00484,Imran Iyer,imran.iyer23@college.ac.in,CSE,2023,6,6.44,Average,5,False
S00485,Swati Sheikh,swati.sheikh47@college.ac.in,AIML,2025,2,8.37,Good,0,False
S00486,Mohammed Namboothiri,mohammed.namboothiri36@college.ac.in,ECE,2024,3,4.55,At Risk,4,True
S00487,Zainab Pillai,zainab.pillai39@college.ac.in,ECE,2023,6,6.44,Average,0,False
S00488,Lakshmi Gupta,lakshmi.gupta75@college.ac.in,CSE,2023,6,6.54,Average,0,False
S00489,Muralidhar Sharma,muralidhar.sharma83@college.ac.in,ECE,2023,6,5.86,Average,1,False
S00490,Sonal Babu,sonal.babu89@college.ac.in,ECE,2023,6,5.82,Average,1,False
S00491,Aamir Arumugam,aamir.arumugam30@college.ac.in,CSE,2023,6,7.47,Good,0,False
S00492,Vivek Rao,vivek.rao58@college.ac.in,ECE,2023,6,5.91,Average,1,False
S00493,Shubham Patel,shubham.patel18@college.ac.in,AIML,2024,3,7.55,Good,0,False
S00494,Bilal Warrier,bilal.warrier10@college.ac.in,ECE,2022,8,7.47,Good,0,False
S00495,Madhan Nair,madhan.nair45@college.ac.in,MECH,2023,6,7.45,Good,0,False
S00496,Mohammed Joshi,mohammed.joshi48@college.ac.in,MECH,2023,6,6.47,Average,1,True
S00497,Sneha Das,sneha.das41@college.ac.in,CSE,2024,4,5.54,Average,5,True
S00498,Amal Sheikh,amal.sheikh80@college.ac.in,ECE,2024,4,6.24,Average,4,True
S00499,Ramya Namboothiri,ramya.namboothiri83@college.ac.in,CSE,2022,8,8.14,Good,0,False
S00500,Deepak Naidu,deepak.naidu60@college.ac.in,AIML,2023,6,6.54,Average,4,True
S00501,Amina Sharma,amina.sharma62@college.ac.in,AIML,2024,4,6.38,Average,1,True
S00502,Imran Chandrasekaran,imran.chandrasekaran22@college.ac.in,MECH,2022,8,6.69,Average,0,False
S00503,Muralidhar Desai,muralidhar.desai52@college.ac.in,AIML,2023,6,6.26,Average,0,False
S00504,Irfan Qureshi,irfan.qureshi93@college.ac.in,CSE,2025,2,7.97,Good,0,False
S00505,Faisal Das,faisal.das72@college.ac.in,ECE,2024,4,7.08,Good,0,False
S00506,Aditi Mirza,aditi.mirza94@college.ac.in,ECE,2022,8,7.28,Good,0,False
S00507,Madhan Krishnan,madhan.krishnan67@college.ac.in,CSE,2023,6,5.46,At Risk,4,True
S00508,Sonal Nair,sonal.nair78@college.ac.in,AIML,2024,3,6.94,Average,0,False
S00509,Salman Malik,salman.malik86@college.ac.in,MECH,2023,6,6.75,Average,0,False
S00510,Asif Subramaniam,asif.subramaniam13@college.ac.in,ECE,2022,8,6.72,Average,0,False
S00511,Nadia Hussain,nadia.hussain66@college.ac.in,AIML,2023,6,7.45,Good,0,False
S00512,Sreejith Rao,sreejith.rao57@college.ac.in,MECH,2023,5,6.84,Average,0,False
S00513,Amina Krishnan,amina.krishnan40@college.ac.in,MECH,2022,8,6.18,Average,1,False
S00514,Pallavi Joshi,pallavi.joshi33@college.ac.in,AIML,2023,6,5.24,At Risk,2,True
S00515,Ramesh Mishra,ramesh.mishra22@college.ac.in,AIML,2024,3,5.98,Average,2,True
S00516,Vignesh Ansari,vignesh.ansari57@college.ac.in,ECE,2024,3,6.82,Average,5,False
S00517,Ankita Murugan,ankita.murugan46@college.ac.in,ECE,2024,4,5.45,At Risk,1,False
S00518,Zainab Murthy,zainab.murthy71@college.ac.in,AIML,2023,6,6.25,Average,1,True
S00519,Kritika Hegde,kritika.hegde53@college.ac.in,MECH,2024,4,5.32,At Risk,5,False
S00520,Aman Kulkarni,aman.kulkarni36@college.ac.in,MECH,2023,6,4.83,At Risk,2,False
S00521,Vikram Bhat,vikram.bhat83@college.ac.in,CSE,2024,4,8.05,Good,0,False
S00522,Menon Sharma,menon.sharma88@college.ac.in,MECH,2022,8,7.3,Good,0,False
S00523,Ankita Warrier,ankita.warrier29@college.ac.in,MECH,2023,6,6.76,Average,0,False
S00524,Sreejith Iyer,sreejith.iyer64@college.ac.in,MECH,2024,4,4.77,At Risk,2,False
S00525,Logesh Verma,logesh.verma24@college.ac.in,ECE,2022,8,5.14,At Risk,4,False
S00526,Ravi Dubey,ravi.dubey50@college.ac.in,CSE,2023,6,7.07,Good,1,False
S00527,Sachin Malik,sachin.malik76@college.ac.in,ECE,2023,6,6.58,Average,0,False
S00528,Nithish Rao,nithish.rao64@college.ac.in,CSE,2025,2,6.93,Average,0,False
S00529,Junaid Qureshi,junaid.qureshi92@college.ac.in,AIML,2024,4,6.74,Average,0,False
S00530,Zubair Kamath,zubair.kamath31@college.ac.in,CSE,2025,2,6.47,Average,5,False
S00531,Jithin Mirza,jithin.mirza17@college.ac.in,AIML,2024,4,8.13,Good,0,False
S00532,Aamir Malik,aamir.malik90@college.ac.in,AIML,2023,6,6.75,Average,0,False
S00533,Karthik Dubey,karthik.dubey12@college.ac.in,CSE,2024,4,5.97,Average,3,False
S00534,Prerna Patil,prerna.patil53@college.ac.in,MECH,2024,3,6.03,Average,0,False
S00535,Aditi Nambiar,aditi.nambiar59@college.ac.in,MECH,2025,2,5.52,Average,3,True
S00536,Amit Shetty,amit.shetty85@college.ac.in,ECE,2023,6,4.86,At Risk,3,True
S00537,Harikrishna Kumar,harikrishna.kumar21@college.ac.in,ECE,2023,6,5.08,At Risk,6,True
S00538,Arun Ansari,arun.ansari20@college.ac.in,ECE,2022,8,6.87,Average,0,False
S00539,Babu Shah,babu.shah61@college.ac.in,ECE,2023,6,6.27,Average,1,True
S00540,Revathi Qureshi,revathi.qureshi92@college.ac.in,CSE,2024,4,6.93,Average,0,False
S00541,Arun Desai,arun.desai19@college.ac.in,ECE,2023,6,5.6,Average,2,False
S00542,Tarun Nambiar,tarun.nambiar69@college.ac.in,ECE,2022,8,4.89,At Risk,3,True
S00543,Nikhil Sharma,nikhil.sharma99@college.ac.in,MECH,2022,8,6.59,Average,1,False
S00544,Tanvi Iyer,tanvi.iyer65@college.ac.in,MECH,2023,6,5.82,Average,4,True
S00545,Prerna Pillai,prerna.pillai11@college.ac.in,ECE,2023,6,7.89,Good,0,False
S00546,Swathi Prasad,swathi.prasad39@college.ac.in,AIML,2023,6,5.22,At Risk,6,True
S00547,Tarun Naidu,tarun.naidu53@college.ac.in,ECE,2022,8,5.85,Average,2,False
S00548,Sana Tiwari,sana.tiwari60@college.ac.in,ECE,2022,8,7.69,Good,0,False
S00549,Salman Bhat,salman.bhat510@college.ac.in,AIML,2024,4,6.56,Average,0,False
S00550,Pallavi Rao,pallavi.rao88@college.ac.in,MECH,2023,5,7.04,Good,0,False
S00551,Mohammed Chauhan,mohammed.chauhan39@college.ac.in,MECH,2024,4,4.4,At Risk,5,True
S00552,Dinesh Kumar,dinesh.kumar32@college.ac.in,CSE,2022,8,7.84,Good,0,False
S00553,Neha Verma,neha.verma22@college.ac.in,CSE,2023,6,6.15,Average,2,True
S00554,Praveen Reddy,praveen.reddy99@college.ac.in,ECE,2025,2,8.08,Good,0,False
S00555,Revathi Iyer,revathi.iyer68@college.ac.in,AIML,2025,2,8.2,Good,0,False
S00556,Tarun Prasad,tarun.prasad59@college.ac.in,AIML,2025,2,6.82,Average,0,False
S00557,Aamir Babu,aamir.babu61@college.ac.in,CSE,2023,5,7.87,Good,0,False
S00558,Babu Iyer,babu.iyer10@college.ac.in,CSE,2023,6,7.41,Good,1,False
S00559,Prithviraj Patel,prithviraj.patel54@college.ac.in,ECE,2024,3,5.7,Average,3,False
S00560,Praveen Siddiqui,praveen.siddiqui67@college.ac.in,MECH,2023,6,7.01,Good,0,False
S00561,Irfan Selvam,irfan.selvam22@college.ac.in,AIML,2024,4,6.84,Average,1,False
S00562,Keerthi Chauhan,keerthi.chauhan81@college.ac.in,CSE,2025,2,6.61,Average,0,False
S00563,Swathi Warrier,swathi.warrier11@college.ac.in,CSE,2023,6,6.34,Average,0,False
S00564,Junaid Qureshi,junaid.qureshi25@college.ac.in,ECE,2023,6,8.1,Good,0,False
S00565,Sachin Reddy,sachin.reddy22@college.ac.in,MECH,2025,2,5.83,Average,3,True
S00566,Ramesh Warrier,ramesh.warrier85@college.ac.in,CSE,2024,4,7.35,Good,0,False
S00567,Adil Yadav,adil.yadav34@college.ac.in,CSE,2024,4,5.25,At Risk,3,True
S00568,Karthik Shah,karthik.shah79@college.ac.in,CSE,2022,8,7.78,Good,0,False
S00569,Ganesh Ansari,ganesh.ansari32@college.ac.in,ECE,2024,4,6.29,Average,0,False
S00570,Pooja Patel,pooja.patel82@college.ac.in,ECE,2023,6,7.39,Good,0,False
S00571,Jithin Venkataraman,jithin.venkataraman56@college.ac.in,MECH,2024,3,6.1,Average,5,True
S00572,Salman Rao,salman.rao71@college.ac.in,CSE,2024,4,5.89,Average,6,True
S00573,Sathish Murugan,sathish.murugan88@college.ac.in,AIML,2023,6,6.08,Average,0,False
S00574,Aman Gupta,aman.gupta79@college.ac.in,ECE,2025,2,6.24,Average,1,True
S00575,Irfan Murthy,irfan.murthy12@college.ac.in,AIML,2025,2,6.06,Average,4,False
S00576,Amit Kulkarni,amit.kulkarni32@college.ac.in,CSE,2022,8,7.64,Good,0,False
S00577,Neha Mirza,neha.mirza52@college.ac.in,AIML,2023,6,7.08,Good,0,False
S00578,Ankita Karunakaran,ankita.karunakaran63@college.ac.in,ECE,2022,8,7.46,Good,0,False
S00579,Athul Subramaniam,athul.subramaniam70@college.ac.in,ECE,2024,4,6.03,Average,0,False
S00580,Sathish Singh,sathish.singh62@college.ac.in,CSE,2022,8,7.54,Good,0,False
S00581,Sanjay Qureshi,sanjay.qureshi23@college.ac.in,MECH,2024,4,6.25,Average,4,False
S00582,Sathish Das,sathish.das27@college.ac.in,MECH,2022,8,6.31,Average,0,False
S00583,Shubham Mirza,shubham.mirza43@college.ac.in,ECE,2024,4,7.22,Good,0,False
S00584,Amina Rajan,amina.rajan11@college.ac.in,ECE,2023,6,7.64,Good,0,False
S00585,Tarun Arumugam,tarun.arumugam89@college.ac.in,MECH,2025,2,6.48,Average,0,False
S00586,Vignesh Bhat,vignesh.bhat43@college.ac.in,AIML,2024,4,4.64,At Risk,6,False
S00587,Ramya Patel,ramya.patel52@college.ac.in,ECE,2024,4,4.83,At Risk,2,False
S00588,Ravi Murthy,ravi.murthy48@college.ac.in,CSE,2023,6,7.58,Good,0,False
S00589,Riya Bhat,riya.bhat74@college.ac.in,ECE,2024,3,4.18,At Risk,5,True
S00590,Nadia Venkataraman,nadia.venkataraman91@college.ac.in,CSE,2025,2,6.4,Average,0,False
S00591,Rahul Qureshi,rahul.qureshi53@college.ac.in,CSE,2025,2,6.69,Average,4,False
S00592,Pillai Desai,pillai.desai28@college.ac.in,CSE,2024,4,5.66,Average,2,False
S00593,Mohammed Prasad,mohammed.prasad65@college.ac.in,MECH,2024,4,6.4,Average,0,False
S00594,Priya Rao,priya.rao27@college.ac.in,ECE,2024,3,4.43,At Risk,2,False
S00595,Rohit Shetty,rohit.shetty76@college.ac.in,AIML,2025,2,7.34,Good,0,False
S00596,Vivek Iyengar,vivek.iyengar49@college.ac.in,CSE,2022,8,7.93,Good,0,False
S00597,Aman Pandey,aman.pandey78@college.ac.in,ECE,2025,2,7.02,Good,0,False
S00598,Farhan Murthy,farhan.murthy83@college.ac.in,AIML,2022,8,6.62,Average,2,True
S00599,Harikrishna Verma,harikrishna.verma82@college.ac.in,CSE,2023,6,5.65,Average,3,True
S00600,Bilal Kumar,bilal.kumar19@college.ac.in,CSE,2024,4,6.7,Average,3,False
S00601,Varun Selvam,varun.selvam36@college.ac.in,CSE,2025,2,8.13,Good,0,False
S00602,Mohammed Das,mohammed.das15@college.ac.in,CSE,2023,6,6.97,Average,0,False
S00603,Vijay Mirza,vijay.mirza74@college.ac.in,MECH,2024,4,7.19,Good,0,False
S00604,Jithin Murthy,jithin.murthy84@college.ac.in,MECH,2023,5,5.34,At Risk,4,True
S00605,Deepak Verma,deepak.verma94@college.ac.in,CSE,2024,3,7.64,Good,0,False
S00606,Rohit Shah,rohit.shah38@college.ac.in,CSE,2024,4,7.9,Good,0,False
S00607,Vivek Desai,vivek.desai74@college.ac.in,MECH,2025,2,6.68,Average,5,False
S00608,Vishnu Dubey,vishnu.dubey23@college.ac.in,MECH,2023,6,6.73,Average,0,False
S00609,Muralidhar Singh,muralidhar.singh59@college.ac.in,ECE,2024,4,6.43,Average,5,False
S00610,Amina Chandrasekaran,amina.chandrasekaran55@college.ac.in,CSE,2023,6,7.14,Good,2,True
S00611,Rukhsar Verma,rukhsar.verma68@college.ac.in,ECE,2022,8,6.74,Average,4,False
S00612,Ravi Joshi,ravi.joshi50@college.ac.in,AIML,2023,6,7.37,Good,0,False
S00613,Jithin Kulkarni,jithin.kulkarni45@college.ac.in,CSE,2025,2,6.17,Average,5,True
S00614,Swathi Patil,swathi.patil59@college.ac.in,MECH,2023,6,7.05,Good,0,False
S00615,Ramesh Iyengar,ramesh.iyengar95@college.ac.in,ECE,2022,8,7.47,Good,0,False
S00616,Varun Desai,varun.desai41@college.ac.in,AIML,2023,5,8.11,Good,0,False
S00617,Arjun Mishra,arjun.mishra56@college.ac.in,ECE,2023,6,6.74,Average,0,False
S00618,Aishwarya Singh,aishwarya.singh54@college.ac.in,AIML,2025,2,6.6,Average,0,False
S00619,Junaid Murthy,junaid.murthy36@college.ac.in,AIML,2024,3,7.07,Good,0,False
S00620,Fatima Namboothiri,fatima.namboothiri39@college.ac.in,AIML,2023,6,6.17,Average,3,True
S00621,Vivek Bhat,vivek.bhat84@college.ac.in,ECE,2022,8,5.95,Average,1,True
S00622,Suresh Hussain,suresh.hussain66@college.ac.in,CSE,2024,4,5.17,At Risk,6,True
S00623,Aditi Siddiqui,aditi.siddiqui93@college.ac.in,ECE,2023,6,5.08,At Risk,3,True
S00624,Athul Varma,athul.varma43@college.ac.in,CSE,2024,4,7.56,Good,0,False
S00625,Varun Venkataraman,varun.venkataraman13@college.ac.in,ECE,2023,6,6.87,Average,0,False
S00626,Harish Reddy,harish.reddy30@college.ac.in,AIML,2022,8,6.25,Average,0,False
S00627,Gaurav Warrier,gaurav.warrier12@college.ac.in,CSE,2024,4,6.24,Average,0,False
S00628,Imran Gopalakrishnan,imran.gopalakrishnan92@college.ac.in,CSE,2023,6,7.88,Good,0,False
S00629,Syed Tiwari,syed.tiwari10@college.ac.in,AIML,2023,6,7.15,Good,0,False
S00630,Pooja Nair,pooja.nair54@college.ac.in,CSE,2022,8,7.48,Good,0,False
S00631,Zainab Sharma,zainab.sharma92@college.ac.in,CSE,2024,4,6.54,Average,0,False
S00632,Athul Mirza,athul.mirza39@college.ac.in,MECH,2024,4,7.87,Good,0,False
S00633,Irfan Rao,irfan.rao26@college.ac.in,CSE,2022,8,6.34,Average,4,True
S00634,Kavya Tiwari,kavya.tiwari74@college.ac.in,AIML,2023,6,6.85,Average,0,False
S00635,Nair Iyengar,nair.iyengar52@college.ac.in,ECE,2023,6,6.51,Average,0,False
S00636,Sonal Gopalakrishnan,sonal.gopalakrishnan21@college.ac.in,ECE,2025,2,6.84,Average,0,False
S00637,Aman Joshi,aman.joshi49@college.ac.in,MECH,2024,4,7.78,Good,0,False
S00638,Vignesh Hussain,vignesh.hussain70@college.ac.in,MECH,2022,8,7.41,Good,0,False
S00639,Hiba Iyer,hiba.iyer98@college.ac.in,ECE,2024,4,4.79,At Risk,2,True
S00640,Manoj Mishra,manoj.mishra75@college.ac.in,CSE,2024,4,6.19,Average,0,False
S00641,Bilal Mehta,bilal.mehta96@college.ac.in,AIML,2023,6,6.64,Average,0,False
S00642,Nisha Das,nisha.das18@college.ac.in,AIML,2024,4,5.55,Average,2,True
S00643,Ananya Natarajan,ananya.natarajan70@college.ac.in,ECE,2022,8,5.46,At Risk,2,True
S00644,Pooja Natarajan,pooja.natarajan95@college.ac.in,ECE,2023,6,6.96,Average,0,False
S00645,Nikhil Singh,nikhil.singh57@college.ac.in,CSE,2023,6,7.46,Good,0,False
S00646,Swati Joshi,swati.joshi88@college.ac.in,ECE,2022,8,7.08,Good,0,False
S00647,Logesh Shah,logesh.shah84@college.ac.in,CSE,2025,2,7.84,Good,0,False
S00648,Ramesh Iyengar,ramesh.iyengar43@college.ac.in,MECH,2023,6,6.33,Average,0,False
S00649,Harikrishna Venkataraman,harikrishna.venkataraman55@college.ac.in,CSE,2023,5,6.31,Average,0,False
S00650,Nithish Nambiar,nithish.nambiar61@college.ac.in,MECH,2023,6,4.96,At Risk,2,True
S00651,Junaid Rao,junaid.rao75@college.ac.in,CSE,2022,8,6.99,Average,4,False
S00652,Nadia Sheikh,nadia.sheikh62@college.ac.in,AIML,2025,2,7.1,Good,3,True
S00653,Aamir Krishnan,aamir.krishnan59@college.ac.in,ECE,2023,6,7.52,Good,1,False
S00654,Ananya Rao,ananya.rao83@college.ac.in,AIML,2023,6,6.71,Average,0,False
S00655,Vivek Chauhan,vivek.chauhan10@college.ac.in,AIML,2024,4,4.14,At Risk,4,True
S00656,Praveen Bhat,praveen.bhat51@college.ac.in,AIML,2023,6,7.09,Good,0,False
S00657,Asif Mehta,asif.mehta73@college.ac.in,ECE,2025,2,6.85,Average,0,False
S00658,Asif Qureshi,asif.qureshi27@college.ac.in,ECE,2022,8,6.15,Average,2,True
S00659,Prerna Malik,prerna.malik43@college.ac.in,MECH,2022,8,6.3,Average,2,False
S00660,Sachin Sheikh,sachin.sheikh22@college.ac.in,MECH,2022,8,5.8,Average,4,False
S00661,Pillai Khan,pillai.khan64@college.ac.in,ECE,2025,2,7.21,Good,0,False
S00662,Vivek Joshi,vivek.joshi41@college.ac.in,ECE,2024,3,7.74,Good,0,False
S00663,Ankita Iyengar,ankita.iyengar64@college.ac.in,AIML,2025,2,4.05,At Risk,6,True
S00664,Sonal Hussain,sonal.hussain99@college.ac.in,AIML,2024,4,6.62,Average,0,False
S00665,Nisha Nair,nisha.nair26@college.ac.in,CSE,2023,6,7.11,Good,0,False
S00666,Vikram Patil,vikram.patil42@college.ac.in,ECE,2024,4,6.28,Average,0,False
S00667,Nithish Sharma,nithish.sharma93@college.ac.in,CSE,2022,8,7.54,Good,0,False
S00668,Logesh Krishnan,logesh.krishnan69@college.ac.in,MECH,2022,8,7.24,Good,0,False
S00669,Rajesh Karunakaran,rajesh.karunakaran34@college.ac.in,AIML,2025,2,7.53,Good,0,False
S00670,Pooja Kumar,pooja.kumar80@college.ac.in,ECE,2023,5,6.68,Average,0,False
S00671,Tanvi Rao,tanvi.rao59@college.ac.in,ECE,2023,6,6.36,Average,6,True
S00672,Dinesh Gopalakrishnan,dinesh.gopalakrishnan82@college.ac.in,AIML,2024,4,8.2,Good,0,False
S00673,Fatima Natarajan,fatima.natarajan53@college.ac.in,CSE,2023,6,7.73,Good,0,False
S00674,Ravi Bhat,ravi.bhat37@college.ac.in,CSE,2023,6,5.8,Average,3,True
S00675,Dhanush Karunakaran,dhanush.karunakaran60@college.ac.in,ECE,2025,2,8.12,Good,0,False
S00676,Mansi Chauhan,mansi.chauhan19@college.ac.in,CSE,2022,8,7.7,Good,0,False
S00677,Sana Gopalakrishnan,sana.gopalakrishnan90@college.ac.in,CSE,2024,4,7.8,Good,0,False
S00678,Sonal Mishra,sonal.mishra34@college.ac.in,ECE,2023,6,5.85,Average,1,True
S00679,Ravi Hussain,ravi.hussain14@college.ac.in,AIML,2025,2,7.62,Good,0,False
S00680,Harish Selvam,harish.selvam86@college.ac.in,AIML,2023,6,7.58,Good,0,False
S00681,Muralidhar Selvam,muralidhar.selvam13@college.ac.in,ECE,2022,8,6.28,Average,5,False
S00682,Usman Ansari,usman.ansari74@college.ac.in,AIML,2024,4,6.51,Average,4,False
S00683,Nithya Gupta,nithya.gupta98@college.ac.in,AIML,2023,6,6.2,Average,0,False
S00684,Hiba Joshi,hiba.joshi72@college.ac.in,MECH,2024,3,4.43,At Risk,2,True
S00685,Shubham Gupta,shubham.gupta21@college.ac.in,MECH,2024,4,6.65,Average,0,False
S00686,Swati Das,swati.das89@college.ac.in,MECH,2022,8,6.43,Average,3,False
S00687,Manoj Selvam,manoj.selvam96@college.ac.in,CSE,2025,2,6.14,Average,6,True
S00688,Rahul Malik,rahul.malik88@college.ac.in,AIML,2023,6,7.73,Good,0,False
S00689,Babu Murthy,babu.murthy86@college.ac.in,AIML,2023,5,6.74,Average,0,False
S00690,Irfan Kamath,irfan.kamath71@college.ac.in,ECE,2024,4,5.1,At Risk,6,True
S00691,Revathi Chauhan,revathi.chauhan53@college.ac.in,MECH,2022,8,6.8,Average,2,False
S00692,Salman Sharma,salman.sharma24@college.ac.in,CSE,2025,2,7.87,Good,0,False
S00693,Avinash Joshi,avinash.joshi27@college.ac.in,CSE,2025,2,4.91,At Risk,4,True
S00694,Ramya Verma,ramya.verma37@college.ac.in,CSE,2022,8,7.28,Good,4,True
S00695,Pillai Siddiqui,pillai.siddiqui58@college.ac.in,CSE,2023,6,7.57,Good,0,False
S00696,Pallavi Naidu,pallavi.naidu26@college.ac.in,MECH,2024,3,6.56,Average,0,False
S00697,Logesh Rao,logesh.rao66@college.ac.in,MECH,2023,5,6.46,Average,5,True
S00698,Jithin Dubey,jithin.dubey38@college.ac.in,CSE,2025,2,5.96,Average,4,False
S00699,Abhijith Velayudhan,abhijith.velayudhan97@college.ac.in,ECE,2024,4,6.97,Average,0,False
S00700,Vikram Ansari,vikram.ansari95@college.ac.in,MECH,2023,6,4.51,At Risk,5,True
S00701,Farhan Ansari,farhan.ansari13@college.ac.in,MECH,2023,6,5.88,Average,3,True
S00702,Prerna Velayudhan,prerna.velayudhan84@college.ac.in,ECE,2024,4,6.64,Average,0,False
S00703,Sneha Velayudhan,sneha.velayudhan50@college.ac.in,AIML,2023,6,7.67,Good,0,False
S00704,Kavya Chetty,kavya.chetty17@college.ac.in,ECE,2022,8,7.47,Good,0,False
S00705,Rizwan Patel,rizwan.patel24@college.ac.in,ECE,2025,2,7.42,Good,0,False
S00706,Simran Siddiqui,simran.siddiqui63@college.ac.in,AIML,2023,6,7.58,Good,0,False
S00707,Keerthi Rajan,keerthi.rajan51@college.ac.in,CSE,2025,2,7.64,Good,0,False
S00708,Menon Gupta,menon.gupta71@college.ac.in,AIML,2023,5,7.36,Good,0,False
S00709,Kritika Babu,kritika.babu29@college.ac.in,AIML,2023,6,7.81,Good,0,False
S00710,Rizwan Kamath,rizwan.kamath60@college.ac.in,MECH,2023,6,6.77,Average,0,False
S00711,Varun Mirza,varun.mirza10@college.ac.in,ECE,2022,8,6.02,Average,6,False
S00712,Sathish Yadav,sathish.yadav44@college.ac.in,ECE,2023,6,5.93,Average,3,True
S00713,Salman Pillai,salman.pillai61@college.ac.in,MECH,2024,4,6.02,Average,3,False
S00714,Vikram Prasad,vikram.prasad82@college.ac.in,ECE,2023,6,6.51,Average,0,False
S00715,Abhijith Malik,abhijith.malik34@college.ac.in,AIML,2023,6,7.8,Good,0,False
S00716,Rohit Naidu,rohit.naidu88@college.ac.in,MECH,2023,6,6.43,Average,2,False
S00717,Simran Rao,simran.rao75@college.ac.in,CSE,2022,8,7.37,Good,0,False
S00718,Rishita Namboothiri,rishita.namboothiri72@college.ac.in,CSE,2024,4,6.35,Average,0,False
S00719,Rajan Desai,rajan.desai10@college.ac.in,ECE,2023,6,6.74,Average,1,False
S00720,Ganesh Yadav,ganesh.yadav81@college.ac.in,ECE,2025,2,6.18,Average,2,True
S00721,Ganesh Hussain,ganesh.hussain62@college.ac.in,CSE,2024,3,6.17,Average,3,False
S00722,Muralidhar Yadav,muralidhar.yadav11@college.ac.in,AIML,2025,2,5.42,At Risk,5,True
S00723,Sreejith Venkataraman,sreejith.venkataraman84@college.ac.in,CSE,2024,4,7.65,Good,0,False
S00724,Harikrishna Prasad,harikrishna.prasad60@college.ac.in,ECE,2025,2,6.58,Average,0,False
S00725,Harikrishna Singh,harikrishna.singh34@college.ac.in,MECH,2022,8,6.51,Average,0,False
S00726,Rajan Venkataraman,rajan.venkataraman55@college.ac.in,CSE,2023,6,6.33,Average,5,True
S00727,Suresh Iyer,suresh.iyer67@college.ac.in,ECE,2025,2,7.51,Good,0,False
S00728,Vivek Warrier,vivek.warrier72@college.ac.in,ECE,2023,6,5.54,Average,4,True
S00729,Zainab Mirza,zainab.mirza64@college.ac.in,CSE,2022,8,6.94,Average,2,False
S00730,Syed Sheikh,syed.sheikh96@college.ac.in,MECH,2022,8,6.21,Average,3,False
S00731,Swathi Varma,swathi.varma95@college.ac.in,MECH,2022,8,7.06,Good,0,False
S00732,Mansi Pandey,mansi.pandey17@college.ac.in,AIML,2025,2,6.23,Average,1,False
S00733,Rahul Mishra,rahul.mishra65@college.ac.in,MECH,2023,6,6.04,Average,5,False
S00734,Gaurav Hussain,gaurav.hussain37@college.ac.in,AIML,2024,3,6.41,Average,0,False
S00735,Rizwan Prasad,rizwan.prasad32@college.ac.in,ECE,2023,6,5.35,At Risk,4,True
S00736,Athul Mishra,athul.mishra74@college.ac.in,CSE,2024,4,6.12,Average,0,False
S00737,Mansi Rajan,mansi.rajan76@college.ac.in,AIML,2023,6,8.39,Good,0,False
S00738,Tanvi Gupta,tanvi.gupta71@college.ac.in,CSE,2024,4,8.08,Good,0,False
S00739,Vikram Sheikh,vikram.sheikh55@college.ac.in,CSE,2022,8,7.06,Good,0,False
S00740,Praveen Kulkarni,praveen.kulkarni25@college.ac.in,ECE,2022,8,5.66,Average,2,False
S00741,Athul Rao,athul.rao23@college.ac.in,AIML,2025,2,5.4,At Risk,4,True
S00742,Rahul Pandey,rahul.pandey82@college.ac.in,ECE,2023,5,6.59,Average,0,False
S00743,Vishnu Naidu,vishnu.naidu89@college.ac.in,CSE,2024,4,8.06,Good,0,False
S00744,Amina Gopalakrishnan,amina.gopalakrishnan58@college.ac.in,ECE,2025,2,5.38,At Risk,3,False
S00745,Karthik Natarajan,karthik.natarajan34@college.ac.in,MECH,2022,8,7.0,Good,0,False
S00746,Amal Menon,amal.menon11@college.ac.in,CSE,2024,4,7.21,Good,0,False
S00747,Muralidhar Iyengar,muralidhar.iyengar23@college.ac.in,MECH,2023,6,5.95,Average,1,True
S00748,Pooja Menon,pooja.menon49@college.ac.in,ECE,2023,6,7.22,Good,0,False
S00749,Bilal Sharma,bilal.sharma52@college.ac.in,ECE,2023,6,7.24,Good,0,False
S00750,Divya Joshi,divya.joshi26@college.ac.in,CSE,2023,6,7.23,Good,0,False
S00751,Lakshmi Hussain,lakshmi.hussain65@college.ac.in,ECE,2024,4,5.58,Average,2,False
S00752,Priya Mehta,priya.mehta56@college.ac.in,CSE,2023,6,6.16,Average,2,True
S00753,Pooja Mishra,pooja.mishra55@college.ac.in,MECH,2025,2,6.37,Average,0,False
S00754,Aamir Hegde,aamir.hegde37@college.ac.in,MECH,2024,4,4.74,At Risk,3,True
S00755,Saranya Shah,saranya.shah33@college.ac.in,MECH,2025,2,7.11,Good,0,False
S00756,Tarun Shah,tarun.shah29@college.ac.in,CSE,2022,8,5.7,Average,5,True
S00757,Simran Gupta,simran.gupta36@college.ac.in,ECE,2022,8,5.59,Average,5,True
S00758,Dhanush Dubey,dhanush.dubey87@college.ac.in,MECH,2024,3,7.63,Good,0,False
S00759,Shreya Mehta,shreya.mehta15@college.ac.in,ECE,2023,6,6.39,Average,0,False
S00760,Aditi Kumar,aditi.kumar85@college.ac.in,MECH,2024,4,7.6,Good,0,False
S00761,Aditi Rao,aditi.rao44@college.ac.in,ECE,2025,2,5.39,At Risk,3,True
S00762,Sathish Varma,sathish.varma59@college.ac.in,ECE,2022,8,7.17,Good,0,False
S00763,Rishita Malik,rishita.malik34@college.ac.in,AIML,2024,4,6.72,Average,0,False
S00764,Sathish Rao,sathish.rao28@college.ac.in,MECH,2022,8,7.44,Good,0,False
S00765,Irfan Reddy,irfan.reddy85@college.ac.in,ECE,2025,2,5.77,Average,3,True
S00766,Junaid Iyer,junaid.iyer53@college.ac.in,AIML,2023,6,7.8,Good,0,False
S00767,Menon Selvam,menon.selvam36@college.ac.in,AIML,2023,5,6.03,Average,6,True
S00768,Prerna Iyer,prerna.iyer65@college.ac.in,MECH,2023,6,5.7,Average,2,False
S00769,Ayesha Singh,ayesha.singh69@college.ac.in,MECH,2023,6,5.4,At Risk,3,True
S00770,Arun Mehta,arun.mehta28@college.ac.in,CSE,2023,6,6.11,Average,3,True
S00771,Muralidhar Menon,muralidhar.menon44@college.ac.in,CSE,2022,8,7.16,Good,0,False
S00772,Pillai Arumugam,pillai.arumugam47@college.ac.in,CSE,2024,4,6.81,Average,3,False
S00773,Krishnan Nair,krishnan.nair94@college.ac.in,AIML,2022,8,7.35,Good,0,False
S00774,Varun Das,varun.das85@college.ac.in,CSE,2023,6,7.73,Good,0,False
S00775,Logesh Das,logesh.das65@college.ac.in,CSE,2024,3,6.94,Average,0,False
S00776,Muralidhar Malik,muralidhar.malik21@college.ac.in,CSE,2022,8,8.04,Good,0,False
S00777,Pillai Rajan,pillai.rajan97@college.ac.in,CSE,2023,6,6.72,Average,5,True
S00778,Pallavi Naidu,pallavi.naidu71@college.ac.in,AIML,2023,6,7.73,Good,0,False
S00779,Harikrishna Murthy,harikrishna.murthy52@college.ac.in,ECE,2023,6,6.37,Average,2,False
S00780,Swathi Iyengar,swathi.iyengar72@college.ac.in,MECH,2022,8,6.62,Average,4,False
S00781,Prerna Singh,prerna.singh57@college.ac.in,CSE,2024,4,6.9,Average,0,False
S00782,Aditi Das,aditi.das90@college.ac.in,CSE,2024,4,7.69,Good,0,False
S00783,Arjun Joshi,arjun.joshi15@college.ac.in,CSE,2024,4,6.11,Average,6,False
S00784,Vijay Mehta,vijay.mehta47@college.ac.in,CSE,2022,8,7.67,Good,0,False
S00785,Faisal Sharma,faisal.sharma63@college.ac.in,CSE,2023,6,5.58,Average,3,True
S00786,Avinash Chandrasekaran,avinash.chandrasekaran34@college.ac.in,AIML,2025,2,5.4,At Risk,2,True
S00787,Akash Rajan,akash.rajan28@college.ac.in,ECE,2024,4,4.73,At Risk,2,True
S00788,Shreya Natarajan,shreya.natarajan56@college.ac.in,AIML,2023,6,5.77,Average,2,True
S00789,Muralidhar Yadav,muralidhar.yadav21@college.ac.in,ECE,2022,8,7.38,Good,0,False
S00790,Sathish Prasad,sathish.prasad83@college.ac.in,AIML,2025,2,7.13,Good,0,False
S00791,Simran Menon,simran.menon93@college.ac.in,MECH,2024,4,3.86,At Risk,6,True
S00792,Arjun Bhat,arjun.bhat81@college.ac.in,CSE,2024,4,8.31,Good,0,False
S00793,Syed Prasad,syed.prasad64@college.ac.in,MECH,2024,4,6.57,Average,4,True
S00794,Avinash Naidu,avinash.naidu77@college.ac.in,ECE,2024,4,6.02,Average,0,False
S00795,Adil Namboothiri,adil.namboothiri96@college.ac.in,MECH,2023,6,4.26,At Risk,3,True
S00796,Piyush Iyengar,piyush.iyengar40@college.ac.in,AIML,2025,2,7.17,Good,0,False
S00797,Madhan Namboothiri,madhan.namboothiri85@college.ac.in,CSE,2023,6,7.7,Good,0,False
S00798,Swathi Babu,swathi.babu41@college.ac.in,ECE,2024,4,5.91,Average,3,True
S00799,Harikrishna Khan,harikrishna.khan78@college.ac.in,CSE,2024,3,7.06,Good,0,False
S00800,Aamir Menon,aamir.menon24@college.ac.in,MECH,2023,6,4.59,At Risk,2,True
S00801,Shubham Naidu,shubham.naidu63@college.ac.in,AIML,2023,6,6.0,Average,2,False
S00802,Jithin Babu,jithin.babu23@college.ac.in,MECH,2023,6,6.01,Average,1,False
S00803,Vijay Namboothiri,vijay.namboothiri57@college.ac.in,MECH,2023,6,5.9,Average,3,True
S00804,Anjali Verma,anjali.verma89@college.ac.in,CSE,2024,4,5.86,Average,5,True
S00805,Aishwarya Chandrasekaran,aishwarya.chandrasekaran29@college.ac.in,MECH,2024,4,5.59,Average,1,True
S00806,Ayesha Subramaniam,ayesha.subramaniam30@college.ac.in,MECH,2022,8,7.78,Good,0,False
S00807,Harish Sharma,harish.sharma98@college.ac.in,CSE,2023,6,7.73,Good,0,False
S00808,Zainab Rajan,zainab.rajan95@college.ac.in,MECH,2023,6,6.01,Average,4,True
S00809,Jithin Kulkarni,jithin.kulkarni48@college.ac.in,ECE,2022,8,7.07,Good,0,False
S00810,Aman Shah,aman.shah96@college.ac.in,CSE,2023,6,8.24,Good,0,False
S00811,Nithish Hussain,nithish.hussain93@college.ac.in,CSE,2022,8,7.02,Good,0,False
S00812,Ankit Qureshi,ankit.qureshi57@college.ac.in,CSE,2023,6,6.33,Average,0,False
S00813,Ramesh Mishra,ramesh.mishra56@college.ac.in,ECE,2022,8,7.22,Good,0,False
S00814,Keerthi Ansari,keerthi.ansari71@college.ac.in,ECE,2024,4,5.55,Average,5,True
S00815,Zubair Kulkarni,zubair.kulkarni97@college.ac.in,ECE,2025,2,8.48,Good,0,False
S00816,Syed Shah,syed.shah79@college.ac.in,AIML,2025,2,6.78,Average,2,True
S00817,Gaurav Shetty,gaurav.shetty63@college.ac.in,ECE,2024,3,4.58,At Risk,5,False
S00818,Ajith Patil,ajith.patil76@college.ac.in,CSE,2022,8,7.1,Good,0,False
S00819,Rohit Rao,rohit.rao29@college.ac.in,MECH,2023,6,4.67,At Risk,4,False
S00820,Fatima Natarajan,fatima.natarajan17@college.ac.in,ECE,2022,8,6.77,Average,0,False
S00821,Neha Venkataraman,neha.venkataraman97@college.ac.in,CSE,2023,6,6.03,Average,0,False
S00822,Sana Subramaniam,sana.subramaniam56@college.ac.in,ECE,2023,5,6.68,Average,0,False
S00823,Rajesh Rao,rajesh.rao88@college.ac.in,CSE,2024,4,5.84,Average,3,False
S00824,Faisal Patel,faisal.patel84@college.ac.in,MECH,2023,6,6.59,Average,0,False
S00825,Tanvi Dubey,tanvi.dubey85@college.ac.in,CSE,2024,4,7.7,Good,0,False
S00826,Nithish Iyengar,nithish.iyengar28@college.ac.in,CSE,2025,2,5.55,Average,2,True
S00827,Piyush Verma,piyush.verma93@college.ac.in,MECH,2024,3,6.06,Average,0,False
S00828,Amit Sheikh,amit.sheikh63@college.ac.in,ECE,2023,6,5.61,Average,5,False
S00829,Amal Namboothiri,amal.namboothiri45@college.ac.in,CSE,2024,4,4.93,At Risk,4,True
S00830,Ankita Natarajan,ankita.natarajan63@college.ac.in,MECH,2022,8,6.34,Average,5,True
S00831,Arjun Qureshi,arjun.qureshi82@college.ac.in,CSE,2025,2,7.02,Good,1,False
S00832,Aishwarya Rao,aishwarya.rao45@college.ac.in,MECH,2023,6,5.07,At Risk,4,True
S00833,Nithish Murthy,nithish.murthy89@college.ac.in,MECH,2023,6,5.07,At Risk,5,False
S00834,Junaid Prasad,junaid.prasad83@college.ac.in,CSE,2024,4,6.3,Average,5,False
S00835,Nair Reddy,nair.reddy61@college.ac.in,ECE,2024,3,6.99,Average,0,False
S00836,Amina Rao,amina.rao98@college.ac.in,CSE,2023,6,7.89,Good,0,False
S00837,Irfan Menon,irfan.menon43@college.ac.in,ECE,2023,6,5.94,Average,6,True
S00838,Arjun Sharma,arjun.sharma80@college.ac.in,CSE,2023,6,6.69,Average,0,False
S00839,Imran Rao,imran.rao88@college.ac.in,AIML,2025,2,4.61,At Risk,5,False
S00840,Suresh Verma,suresh.verma45@college.ac.in,MECH,2025,2,5.92,Average,2,True
S00841,Menon Dubey,menon.dubey65@college.ac.in,CSE,2022,8,6.92,Average,0,False
S00842,Menon Bhat,menon.bhat25@college.ac.in,MECH,2024,4,6.86,Average,0,False
S00843,Vijay Joshi,vijay.joshi97@college.ac.in,ECE,2022,8,6.42,Average,4,True
S00844,Salman Pillai,salman.pillai86@college.ac.in,CSE,2022,8,6.35,Average,0,False
S00845,Salman Dubey,salman.dubey42@college.ac.in,CSE,2025,2,7.59,Good,0,False
S00846,Shreya Pandey,shreya.pandey89@college.ac.in,ECE,2024,4,7.37,Good,0,False
S00847,Priya Reddy,priya.reddy64@college.ac.in,MECH,2023,6,4.61,At Risk,5,True
S00848,Shahid Namboothiri,shahid.namboothiri68@college.ac.in,AIML,2025,2,7.49,Good,0,False
S00849,Rahul Mishra,rahul.mishra98@college.ac.in,CSE,2024,4,7.14,Good,0,False
S00850,Nikhil Gupta,nikhil.gupta96@college.ac.in,CSE,2022,8,7.81,Good,0,False
S00851,Vignesh Tiwari,vignesh.tiwari26@college.ac.in,CSE,2022,8,7.76,Good,0,False
S00852,Syed Gupta,syed.gupta26@college.ac.in,CSE,2023,6,6.57,Average,1,False
S00853,Muralidhar Natarajan,muralidhar.natarajan82@college.ac.in,ECE,2024,4,6.5,Average,2,True
S00854,Aishwarya Siddiqui,aishwarya.siddiqui57@college.ac.in,AIML,2024,4,6.81,Average,0,False
S00855,Fatima Iyer,fatima.iyer38@college.ac.in,CSE,2023,6,7.78,Good,0,False
S00856,Fatima Patil,fatima.patil39@college.ac.in,ECE,2022,8,5.36,At Risk,2,False
S00857,Anjali Pillai,anjali.pillai87@college.ac.in,CSE,2025,2,6.52,Average,3,False
S00858,Imran Desai,imran.desai37@college.ac.in,ECE,2024,4,6.42,Average,0,False
S00859,Muralidhar Babu,muralidhar.babu12@college.ac.in,ECE,2023,6,6.85,Average,4,True
S00860,Ankit Mirza,ankit.mirza59@college.ac.in,AIML,2025,2,6.77,Average,0,False
S00861,Rahul Reddy,rahul.reddy87@college.ac.in,AIML,2023,6,5.8,Average,3,True
S00862,Usman Qureshi,usman.qureshi10@college.ac.in,CSE,2022,8,7.08,Good,0,False
S00863,Nair Kumar,nair.kumar10@college.ac.in,MECH,2023,6,6.49,Average,1,False
S00864,Adil Subramaniam,adil.subramaniam94@college.ac.in,AIML,2023,5,5.87,Average,6,False
S00865,Pallavi Dubey,pallavi.dubey82@college.ac.in,CSE,2023,6,7.53,Good,0,False
S00866,Aman Iyer,aman.iyer92@college.ac.in,AIML,2025,2,4.94,At Risk,4,False
S00867,Bilal Naidu,bilal.naidu62@college.ac.in,CSE,2024,4,4.37,At Risk,5,True
S00868,Ramya Desai,ramya.desai27@college.ac.in,CSE,2025,2,6.39,Average,2,True
S00869,Ramesh Das,ramesh.das13@college.ac.in,ECE,2025,2,6.84,Average,0,False
S00870,Sachin Venkataraman,sachin.venkataraman66@college.ac.in,CSE,2024,4,7.46,Good,0,False
S00871,Vikram Bhat,vikram.bhat52@college.ac.in,ECE,2024,4,6.1,Average,4,True
S00872,Saranya Chetty,saranya.chetty67@college.ac.in,CSE,2023,5,6.37,Average,2,True
S00873,Ramya Sheikh,ramya.sheikh74@college.ac.in,MECH,2023,6,7.26,Good,0,False
S00874,Simran Rajan,simran.rajan41@college.ac.in,ECE,2022,8,6.8,Average,0,False
S00875,Meena Shetty,meena.shetty90@college.ac.in,MECH,2022,8,6.36,Average,3,True
S00876,Lakshmi Reddy,lakshmi.reddy51@college.ac.in,ECE,2024,3,7.49,Good,2,False
S00877,Sathish Selvam,sathish.selvam85@college.ac.in,ECE,2024,4,6.46,Average,0,False
S00878,Rajesh Kulkarni,rajesh.kulkarni31@college.ac.in,ECE,2025,2,6.4,Average,0,False
S00879,Naveen Ansari,naveen.ansari39@college.ac.in,MECH,2023,6,5.75,Average,5,True
S00880,Pillai Desai,pillai.desai51@college.ac.in,MECH,2022,8,6.32,Average,4,False
S00881,Ayesha Varma,ayesha.varma64@college.ac.in,CSE,2022,8,7.33,Good,0,False
S00882,Vivek Natarajan,vivek.natarajan51@college.ac.in,AIML,2025,2,6.44,Average,0,False
S00883,Bilal Hegde,bilal.hegde47@college.ac.in,AIML,2024,4,7.65,Good,0,False
S00884,Usman Verma,usman.verma28@college.ac.in,ECE,2025,2,7.74,Good,0,False
S00885,Gaurav Yadav,gaurav.yadav50@college.ac.in,CSE,2022,8,7.5,Good,0,False
S00886,Ramya Rajan,ramya.rajan96@college.ac.in,MECH,2025,2,7.39,Good,0,False
S00887,Sanjay Iyengar,sanjay.iyengar70@college.ac.in,MECH,2023,6,5.72,Average,2,True
S00888,Dhanush Verma,dhanush.verma78@college.ac.in,CSE,2024,4,5.75,Average,1,True
S00889,Pallavi Pillai,pallavi.pillai23@college.ac.in,CSE,2025,2,5.71,Average,4,True
S00890,Shubham Bhat,shubham.bhat71@college.ac.in,CSE,2024,4,6.0,Average,3,True
S00891,Adil Malik,adil.malik18@college.ac.in,MECH,2023,6,6.54,Average,4,False
S00892,Sreejith Iyengar,sreejith.iyengar64@college.ac.in,ECE,2023,6,6.46,Average,0,False
S00893,Mohammed Gopalakrishnan,mohammed.gopalakrishnan95@college.ac.in,CSE,2024,4,6.82,Average,5,True
S00894,Ananya Mishra,ananya.mishra40@college.ac.in,MECH,2025,2,7.51,Good,3,False
S00895,Faisal Menon,faisal.menon57@college.ac.in,ECE,2024,4,6.7,Average,0,False
S00896,Ganesh Babu,ganesh.babu30@college.ac.in,CSE,2024,4,6.08,Average,4,False
S00897,Ramya Dubey,ramya.dubey97@college.ac.in,ECE,2023,6,5.49,At Risk,4,True
S00898,Naveen Velayudhan,naveen.velayudhan58@college.ac.in,ECE,2023,6,7.98,Good,0,False
S00899,Arun Venkataraman,arun.venkataraman36@college.ac.in,AIML,2022,8,6.64,Average,0,False
S00900,Babu Subramaniam,babu.subramaniam16@college.ac.in,CSE,2024,4,7.55,Good,0,False
S00901,Junaid Dubey,junaid.dubey66@college.ac.in,CSE,2024,4,7.12,Good,4,False
S00902,Amit Malik,amit.malik47@college.ac.in,AIML,2024,4,8.06,Good,0,False
S00903,Rishita Selvam,rishita.selvam66@college.ac.in,AIML,2023,6,6.1,Average,3,False
S00904,Simran Joshi,simran.joshi71@college.ac.in,MECH,2022,8,6.88,Average,0,False
S00905,Irfan Ansari,irfan.ansari64@college.ac.in,CSE,2022,8,6.56,Average,2,False
S00906,Farhan Nambiar,farhan.nambiar14@college.ac.in,CSE,2025,2,6.15,Average,5,True
S00907,Abhijith Gopalakrishnan,abhijith.gopalakrishnan32@college.ac.in,CSE,2022,8,7.8,Good,0,False
S00908,Swati Qureshi,swati.qureshi37@college.ac.in,CSE,2025,2,5.5,Average,2,True
S00909,Sreejith Varma,sreejith.varma41@college.ac.in,ECE,2024,4,6.9,Average,0,False
S00910,Ajith Singh,ajith.singh39@college.ac.in,CSE,2023,6,8.17,Good,0,False
S00911,Gaurav Iyengar,gaurav.iyengar67@college.ac.in,CSE,2025,2,7.51,Good,0,False
S00912,Salman Sheikh,salman.sheikh16@college.ac.in,CSE,2024,3,6.03,Average,0,False
S00913,Nadia Mishra,nadia.mishra78@college.ac.in,AIML,2022,8,8.45,Good,0,False
S00914,Rahul Karunakaran,rahul.karunakaran28@college.ac.in,CSE,2025,2,7.29,Good,0,False
S00915,Rajan Venkataraman,rajan.venkataraman33@college.ac.in,CSE,2023,5,6.23,Average,2,True
S00916,Revathi Babu,revathi.babu40@college.ac.in,AIML,2022,8,5.86,Average,5,True
S00917,Imran Murthy,imran.murthy59@college.ac.in,CSE,2023,6,7.47,Good,0,False
S00918,Ravi Mirza,ravi.mirza16@college.ac.in,ECE,2023,5,6.54,Average,0,False
S00919,Fatima Prasad,fatima.prasad68@college.ac.in,CSE,2025,2,6.28,Average,0,False
S00920,Jithin Mishra,jithin.mishra15@college.ac.in,AIML,2024,4,6.98,Average,1,False
S00921,Pooja Shetty,pooja.shetty28@college.ac.in,AIML,2022,8,5.75,Average,3,False
S00922,Lakshmi Naidu,lakshmi.naidu84@college.ac.in,MECH,2025,2,5.7,Average,1,False
S00923,Ankita Kamath,ankita.kamath60@college.ac.in,CSE,2024,4,6.55,Average,0,False
S00924,Rohit Mirza,rohit.mirza60@college.ac.in,CSE,2023,6,7.45,Good,3,False
S00925,Faisal Shetty,faisal.shetty73@college.ac.in,CSE,2024,4,6.06,Average,5,True
S00926,Shreya Prasad,shreya.prasad96@college.ac.in,AIML,2024,4,4.67,At Risk,4,False
S00927,Imran Karunakaran,imran.karunakaran84@college.ac.in,AIML,2024,4,6.4,Average,2,False
S00928,Bilal Gupta,bilal.gupta41@college.ac.in,AIML,2022,8,7.68,Good,0,False
S00929,Riya Dubey,riya.dubey78@college.ac.in,MECH,2022,8,7.41,Good,0,False
S00930,Farhan Malik,farhan.malik22@college.ac.in,CSE,2023,6,7.64,Good,0,False
S00931,Adil Rao,adil.rao61@college.ac.in,CSE,2024,4,8.02,Good,0,False
S00932,Bilal Gopalakrishnan,bilal.gopalakrishnan22@college.ac.in,ECE,2024,4,6.22,Average,3,True
S00933,Muralidhar Rao,muralidhar.rao43@college.ac.in,CSE,2024,4,6.46,Average,6,True
S00934,Ganesh Hegde,ganesh.hegde99@college.ac.in,AIML,2024,4,7.44,Good,0,False
S00935,Deepak Rajan,deepak.rajan22@college.ac.in,MECH,2025,2,7.61,Good,0,False
S00936,Pallavi Iyer,pallavi.iyer51@college.ac.in,CSE,2023,5,8.22,Good,0,False
S00937,Rahul Rao,rahul.rao71@college.ac.in,ECE,2023,6,6.38,Average,0,False
S00938,Arjun Murthy,arjun.murthy39@college.ac.in,AIML,2025,2,6.37,Average,1,False
S00939,Vivek Qureshi,vivek.qureshi18@college.ac.in,ECE,2023,6,7.35,Good,2,False
S00940,Siddharth Velayudhan,siddharth.velayudhan79@college.ac.in,AIML,2024,4,6.33,Average,0,False
S00941,Junaid Prasad,junaid.prasad37@college.ac.in,MECH,2022,8,7.45,Good,0,False
S00942,Jithin Hegde,jithin.hegde81@college.ac.in,MECH,2024,4,5.86,Average,3,False
S00943,Ramesh Siddiqui,ramesh.siddiqui25@college.ac.in,AIML,2022,8,7.01,Good,0,False
S00944,Asif Kamath,asif.kamath34@college.ac.in,CSE,2024,3,7.6,Good,0,False
S00945,Muralidhar Pandey,muralidhar.pandey57@college.ac.in,MECH,2024,4,6.71,Average,0,False
S00946,Kavya Rao,kavya.rao82@college.ac.in,AIML,2024,4,5.97,Average,3,False
S00947,Nair Murthy,nair.murthy74@college.ac.in,CSE,2025,2,6.46,Average,0,False
S00948,Faisal Mehta,faisal.mehta85@college.ac.in,MECH,2025,2,6.66,Average,0,False
S00949,Ananya Patel,ananya.patel32@college.ac.in,AIML,2024,4,5.88,Average,5,True
S00950,Akash Das,akash.das12@college.ac.in,MECH,2023,6,6.92,Average,0,False
S00951,Nadia Kamath,nadia.kamath17@college.ac.in,MECH,2025,2,7.35,Good,0,False
S00952,Zainab Iyengar,zainab.iyengar34@college.ac.in,MECH,2023,5,5.38,At Risk,3,True
S00953,Aamir Bhat,aamir.bhat60@college.ac.in,CSE,2023,6,6.8,Average,0,False
S00954,Riya Gopalakrishnan,riya.gopalakrishnan95@college.ac.in,MECH,2024,4,6.32,Average,0,False
S00955,Vignesh Mehta,vignesh.mehta81@college.ac.in,CSE,2025,2,7.86,Good,0,False
S00956,Athul Malik,athul.malik58@college.ac.in,CSE,2022,8,5.19,At Risk,6,False
S00957,Revathi Rao,revathi.rao30@college.ac.in,CSE,2025,2,7.18,Good,0,False
S00958,Ramesh Babu,ramesh.babu24@college.ac.in,MECH,2025,2,7.01,Good,0,False
S00959,Hiba Yadav,hiba.yadav73@college.ac.in,MECH,2022,8,6.63,Average,0,False
S00960,Akash Natarajan,akash.natarajan39@college.ac.in,CSE,2022,8,7.69,Good,0,False
S00961,Ananya Shah,ananya.shah83@college.ac.in,MECH,2024,4,6.28,Average,0,False
S00962,Amit Verma,amit.verma67@college.ac.in,ECE,2023,5,6.9,Average,0,False
S00963,Ankita Dubey,ankita.dubey70@college.ac.in,MECH,2024,4,6.58,Average,5,False
S00964,Faisal Sheikh,faisal.sheikh34@college.ac.in,ECE,2025,2,6.63,Average,1,True
S00965,Zainab Das,zainab.das18@college.ac.in,MECH,2024,3,6.39,Average,1,True
S00966,Amal Menon,amal.menon80@college.ac.in,CSE,2023,6,7.11,Good,0,False
S00967,Asif Siddiqui,asif.siddiqui16@college.ac.in,CSE,2024,4,6.59,Average,4,False
S00968,Babu Qureshi,babu.qureshi64@college.ac.in,AIML,2025,2,7.47,Good,0,False
S00969,Mansi Sheikh,mansi.sheikh28@college.ac.in,ECE,2025,2,7.33,Good,0,False
S00970,Nikhil Murthy,nikhil.murthy16@college.ac.in,CSE,2023,5,5.9,Average,2,False
S00971,Saranya Varma,saranya.varma65@college.ac.in,MECH,2024,4,7.61,Good,0,False
S00972,Gaurav Krishnan,gaurav.krishnan53@college.ac.in,CSE,2022,8,7.1,Good,0,False
S00973,Akash Mishra,akash.mishra26@college.ac.in,AIML,2024,4,6.18,Average,2,False
S00974,Babu Gopalakrishnan,babu.gopalakrishnan25@college.ac.in,ECE,2023,6,6.94,Average,0,False
S00975,Akash Rao,akash.rao56@college.ac.in,MECH,2023,6,5.25,At Risk,4,True
S00976,Bilal Patel,bilal.patel85@college.ac.in,MECH,2023,6,6.18,Average,0,False
S00977,Bilal Tiwari,bilal.tiwari13@college.ac.in,ECE,2022,8,6.28,Average,0,False
S00978,Sachin Tiwari,sachin.tiwari41@college.ac.in,MECH,2022,8,6.16,Average,1,False
S00979,Karthik Khan,karthik.khan95@college.ac.in,ECE,2023,6,6.99,Average,0,False
S00980,Madhan Kulkarni,madhan.kulkarni93@college.ac.in,CSE,2025,2,6.87,Average,0,False
S00981,Vijay Chauhan,vijay.chauhan14@college.ac.in,ECE,2022,8,5.87,Average,3,False
S00982,Shreya Mishra,shreya.mishra78@college.ac.in,CSE,2024,4,5.6,Average,3,False
S00983,Naveen Pillai,naveen.pillai84@college.ac.in,CSE,2023,6,7.27,Good,0,False
S00984,Tarun Karunakaran,tarun.karunakaran94@college.ac.in,MECH,2024,4,5.67,Average,4,False
S00985,Shubham Selvam,shubham.selvam31@college.ac.in,AIML,2024,4,6.81,Average,0,False
S00986,Logesh Patel,logesh.patel36@college.ac.in,MECH,2022,8,6.33,Average,0,False
S00987,Simran Tiwari,simran.tiwari47@college.ac.in,CSE,2024,3,8.06,Good,0,False
S00988,Nithya Mishra,nithya.mishra72@college.ac.in,AIML,2023,6,7.45,Good,0,False
S00989,Abhijith Namboothiri,abhijith.namboothiri22@college.ac.in,MECH,2024,4,5.38,At Risk,5,False
S00990,Amit Venkataraman,amit.venkataraman21@college.ac.in,ECE,2022,8,5.56,Average,2,True
S00991,Shreya Nair,shreya.nair88@college.ac.in,AIML,2022,8,5.9,Average,6,True
S00992,Dhanush Murthy,dhanush.murthy93@college.ac.in,AIML,2024,4,7.06,Good,0,False
S00993,Siddharth Kulkarni,siddharth.kulkarni47@college.ac.in,MECH,2023,6,6.58,Average,5,False
S00994,Babu Rajan,babu.rajan24@college.ac.in,MECH,2025,2,5.52,Average,3,False
S00995,Aamir Mishra,aamir.mishra43@college.ac.in,MECH,2024,4,6.23,Average,0,False
S00996,Neha Shah,neha.shah47@college.ac.in,MECH,2024,4,7.09,Good,0,False
S00997,Amal Tiwari,amal.tiwari39@college.ac.in,AIML,2024,4,5.83,Average,2,True
S00998,Nisha Tiwari,nisha.tiwari66@college.ac.in,ECE,2022,8,7.64,Good,0,False
S00999,Ankita Iyer,ankita.iyer19@college.ac.in,MECH,2024,4,4.88,At Risk,2,False
S01000,Sanjay Dubey,sanjay.dubey13@college.ac.in,CSE,2022,8,7.52,Good,0,False
S01001,Prithviraj Gupta,prithviraj.gupta25@college.ac.in,ECE,2022,8,7.59,Good,0,False
S01002,Karthik Pandey,karthik.pandey14@college.ac.in,CSE,2023,6,7.05,Good,2,False
S01003,Ravi Hegde,ravi.hegde73@college.ac.in,MECH,2023,5,6.56,Average,0,False
S01004,Shreya Qureshi,shreya.qureshi83@college.ac.in,MECH,2024,4,6.0,Average,5,True
S01005,Vijay Patel,vijay.patel86@college.ac.in,ECE,2024,4,7.16,Good,0,False
S01006,Aamir Prasad,aamir.prasad87@college.ac.in,MECH,2023,5,7.03,Good,0,False
S01007,Sonal Iyengar,sonal.iyengar99@college.ac.in,ECE,2023,6,6.21,Average,0,False
S01008,Sonal Chauhan,sonal.chauhan87@college.ac.in,AIML,2025,2,6.68,Average,2,False
S01009,Ananya Murthy,ananya.murthy23@college.ac.in,AIML,2023,6,6.76,Average,0,False
S01010,Swathi Malik,swathi.malik23@college.ac.in,MECH,2022,8,6.46,Average,0,False
S01011,Farhan Rao,farhan.rao60@college.ac.in,ECE,2024,4,6.61,Average,0,False
S01012,Shubham Verma,shubham.verma27@college.ac.in,CSE,2022,8,7.24,Good,0,False
S01013,Rohit Karunakaran,rohit.karunakaran17@college.ac.in,MECH,2022,8,6.97,Average,2,False
S01014,Muralidhar Murugan,muralidhar.murugan14@college.ac.in,ECE,2024,3,6.65,Average,0,False
S01015,Vikram Murthy,vikram.murthy65@college.ac.in,ECE,2024,3,8.02,Good,0,False
S01016,Rukhsar Murthy,rukhsar.murthy63@college.ac.in,AIML,2023,6,5.36,At Risk,1,True
S01017,Rohit Hussain,rohit.hussain69@college.ac.in,MECH,2023,6,7.0,Good,0,False
S01018,Vishnu Chetty,vishnu.chetty40@college.ac.in,MECH,2022,8,7.65,Good,0,False
S01019,Rukhsar Siddiqui,rukhsar.siddiqui39@college.ac.in,MECH,2023,6,7.26,Good,2,False
S01020,Muralidhar Naidu,muralidhar.naidu81@college.ac.in,AIML,2025,2,6.32,Average,0,False
S01021,Swathi Tiwari,swathi.tiwari77@college.ac.in,ECE,2025,2,8.09,Good,0,False
S01022,Simran Velayudhan,simran.velayudhan61@college.ac.in,AIML,2024,4,6.18,Average,2,False
S01023,Abhijith Kulkarni,abhijith.kulkarni85@college.ac.in,ECE,2023,6,6.86,Average,0,False
S01024,Sonal Reddy,sonal.reddy44@college.ac.in,ECE,2024,4,4.98,At Risk,4,True
S01025,Asif Nambiar,asif.nambiar99@college.ac.in,ECE,2024,4,6.89,Average,5,False
S01026,Zainab Kulkarni,zainab.kulkarni86@college.ac.in,AIML,2023,6,5.31,At Risk,3,True
S01027,Mansi Hussain,mansi.hussain75@college.ac.in,ECE,2023,6,6.23,Average,0,False
S01028,Rajesh Siddiqui,rajesh.siddiqui29@college.ac.in,MECH,2022,8,7.04,Good,0,False
S01029,Nithish Murugan,nithish.murugan32@college.ac.in,CSE,2025,2,6.71,Average,2,False
S01030,Naveen Hegde,naveen.hegde93@college.ac.in,ECE,2023,6,6.77,Average,0,False
S01031,Abhijith Varma,abhijith.varma50@college.ac.in,CSE,2024,4,7.09,Good,0,False
S01032,Vijay Naidu,vijay.naidu89@college.ac.in,AIML,2023,6,7.79,Good,0,False
S01033,Siddharth Tiwari,siddharth.tiwari37@college.ac.in,MECH,2023,6,6.29,Average,0,False
S01034,Ramya Prasad,ramya.prasad79@college.ac.in,CSE,2022,8,7.55,Good,0,False
S01035,Lakshmi Krishnan,lakshmi.krishnan49@college.ac.in,CSE,2022,8,7.44,Good,3,False
S01036,Kavya Selvam,kavya.selvam61@college.ac.in,CSE,2023,6,6.24,Average,0,False
S01037,Simran Das,simran.das83@college.ac.in,MECH,2022,8,6.15,Average,4,True
S01038,Karthik Nambiar,karthik.nambiar85@college.ac.in,ECE,2024,4,6.06,Average,2,False
S01039,Imran Kamath,imran.kamath79@college.ac.in,CSE,2022,8,8.0,Good,0,False
S01040,Madhan Verma,madhan.verma26@college.ac.in,ECE,2024,4,5.4,At Risk,5,True
S01041,Vijay Bhat,vijay.bhat78@college.ac.in,ECE,2022,8,6.14,Average,2,False
S01042,Ganesh Reddy,ganesh.reddy70@college.ac.in,CSE,2024,4,7.11,Good,0,False
S01043,Shahid Naidu,shahid.naidu33@college.ac.in,CSE,2024,3,5.57,Average,2,True
S01044,Bilal Ansari,bilal.ansari70@college.ac.in,AIML,2023,6,6.84,Average,0,False
S01045,Zubair Sheikh,zubair.sheikh84@college.ac.in,CSE,2025,2,6.41,Average,0,False
S01046,Harikrishna Singh,harikrishna.singh66@college.ac.in,AIML,2022,8,6.96,Average,0,False
S01047,Mansi Rao,mansi.rao62@college.ac.in,MECH,2024,4,4.87,At Risk,1,True
S01048,Neha Pandey,neha.pandey75@college.ac.in,CSE,2025,2,6.8,Average,0,False
S01049,Sonal Rajan,sonal.rajan77@college.ac.in,AIML,2024,3,8.11,Good,0,False
S01050,Divya Shah,divya.shah10@college.ac.in,CSE,2023,5,7.2,Good,0,False
S01051,Amina Rao,amina.rao58@college.ac.in,CSE,2024,4,8.26,Good,0,False
S01052,Asif Dubey,asif.dubey80@college.ac.in,AIML,2024,4,6.75,Average,0,False
S01053,Fatima Mirza,fatima.mirza83@college.ac.in,ECE,2025,2,5.94,Average,4,False
S01054,Sathish Rao,sathish.rao77@college.ac.in,MECH,2025,2,5.34,At Risk,2,True
S01055,Deepak Hegde,deepak.hegde71@college.ac.in,CSE,2024,4,6.88,Average,5,False
S01056,Manoj Prasad,manoj.prasad66@college.ac.in,MECH,2023,6,6.41,Average,0,False
S01057,Saranya Qureshi,saranya.qureshi62@college.ac.in,CSE,2022,8,6.94,Average,0,False
S01058,Suresh Malik,suresh.malik65@college.ac.in,CSE,2024,4,8.36,Good,0,False
S01059,Ajith Warrier,ajith.warrier98@college.ac.in,CSE,2025,2,7.5,Good,0,False
S01060,Jithin Rajan,jithin.rajan30@college.ac.in,ECE,2022,8,7.89,Good,0,False
S01061,Aditi Kumar,aditi.kumar30@college.ac.in,CSE,2024,4,6.8,Average,0,False
S01062,Lakshmi Arumugam,lakshmi.arumugam39@college.ac.in,AIML,2024,4,8.63,Excellent,0,False
S01063,Nair Warrier,nair.warrier46@college.ac.in,MECH,2025,2,5.77,Average,5,True
S01064,Syed Chandrasekaran,syed.chandrasekaran11@college.ac.in,AIML,2023,6,7.3,Good,0,False
S01065,Muralidhar Reddy,muralidhar.reddy39@college.ac.in,ECE,2025,2,7.87,Good,0,False
S01066,Amal Sharma,amal.sharma63@college.ac.in,ECE,2023,5,5.77,Average,6,True
S01067,Keerthi Natarajan,keerthi.natarajan69@college.ac.in,ECE,2022,8,6.87,Average,3,False
S01068,Rajesh Venkataraman,rajesh.venkataraman76@college.ac.in,ECE,2025,2,8.08,Good,0,False
S01069,Kavya Selvam,kavya.selvam87@college.ac.in,CSE,2024,4,8.05,Good,0,False
S01070,Zainab Chetty,zainab.chetty73@college.ac.in,MECH,2023,6,6.73,Average,1,False
S01071,Logesh Kulkarni,logesh.kulkarni59@college.ac.in,AIML,2025,2,5.88,Average,5,True
S01072,Swati Murthy,swati.murthy34@college.ac.in,MECH,2023,6,7.3,Good,0,False
S01073,Kavya Natarajan,kavya.natarajan73@college.ac.in,CSE,2022,8,7.49,Good,0,False
S01074,Shreya Warrier,shreya.warrier57@college.ac.in,AIML,2022,8,7.03,Good,0,False
S01075,Jithin Rao,jithin.rao47@college.ac.in,MECH,2024,4,5.65,Average,1,False
S01076,Rahul Mehta,rahul.mehta25@college.ac.in,MECH,2023,6,6.02,Average,0,False
S01077,Rishita Khan,rishita.khan60@college.ac.in,CSE,2023,6,6.22,Average,5,True
S01078,Zainab Hegde,zainab.hegde25@college.ac.in,MECH,2024,4,5.52,Average,3,True
S01079,Vikram Kulkarni,vikram.kulkarni66@college.ac.in,CSE,2024,4,5.95,Average,3,False
S01080,Siddharth Pandey,siddharth.pandey96@college.ac.in,AIML,2025,2,8.39,Good,0,False
S01081,Hiba Menon,hiba.menon87@college.ac.in,AIML,2023,6,7.33,Good,0,False
S01082,Ankit Nambiar,ankit.nambiar69@college.ac.in,ECE,2024,3,7.28,Good,0,False
S01083,Kavya Tiwari,kavya.tiwari72@college.ac.in,AIML,2023,6,6.97,Average,0,False
S01084,Swathi Yadav,swathi.yadav56@college.ac.in,CSE,2024,4,7.78,Good,0,False
S01085,Pooja Das,pooja.das12@college.ac.in,CSE,2024,4,8.06,Good,0,False
S01086,Sreejith Pillai,sreejith.pillai90@college.ac.in,CSE,2025,2,7.82,Good,0,False
S01087,Praveen Mishra,praveen.mishra68@college.ac.in,CSE,2023,5,6.43,Average,0,False
S01088,Harikrishna Velayudhan,harikrishna.velayudhan52@college.ac.in,CSE,2024,4,7.83,Good,0,False
S01089,Pooja Menon,pooja.menon31@college.ac.in,AIML,2023,6,7.46,Good,0,False
S01090,Babu Varma,babu.varma11@college.ac.in,CSE,2023,6,6.73,Average,0,False
S01091,Vignesh Patel,vignesh.patel10@college.ac.in,AIML,2023,6,6.57,Average,2,False
S01092,Ankit Velayudhan,ankit.velayudhan40@college.ac.in,CSE,2022,8,7.84,Good,0,False
S01093,Imran Murthy,imran.murthy88@college.ac.in,CSE,2024,4,5.64,Average,3,True
S01094,Vishnu Gupta,vishnu.gupta37@college.ac.in,MECH,2023,6,5.91,Average,5,False
S01095,Riya Nair,riya.nair51@college.ac.in,MECH,2022,8,5.27,At Risk,4,True
S01096,Abhijith Qureshi,abhijith.qureshi48@college.ac.in,MECH,2024,4,7.66,Good,0,False
S01097,Zainab Pillai,zainab.pillai17@college.ac.in,AIML,2023,6,6.73,Average,0,False
S01098,Ayesha Naidu,ayesha.naidu35@college.ac.in,ECE,2023,6,6.66,Average,0,False
S01099,Vignesh Kamath,vignesh.kamath47@college.ac.in,MECH,2024,4,6.62,Average,1,True
S01100,Zainab Khan,zainab.khan24@college.ac.in,AIML,2024,4,5.97,Average,1,True
S01101,Ankit Desai,ankit.desai18@college.ac.in,AIML,2023,6,6.76,Average,4,True
S01102,Neha Reddy,neha.reddy69@college.ac.in,AIML,2023,6,5.86,Average,1,False
S01103,Shahid Arumugam,shahid.arumugam62@college.ac.in,AIML,2022,8,7.8,Good,0,False
S01104,Sonal Naidu,sonal.naidu49@college.ac.in,CSE,2024,4,7.68,Good,1,False
S01105,Lakshmi Reddy,lakshmi.reddy39@college.ac.in,CSE,2025,2,5.78,Average,5,True
S01106,Nisha Joshi,nisha.joshi76@college.ac.in,AIML,2022,8,6.4,Average,0,False
S01107,Arun Tiwari,arun.tiwari36@college.ac.in,AIML,2023,6,7.19,Good,0,False
S01108,Rajesh Joshi,rajesh.joshi57@college.ac.in,MECH,2024,3,5.3,At Risk,2,False
S01109,Neha Singh,neha.singh79@college.ac.in,ECE,2023,6,7.1,Good,0,False
S01110,Babu Yadav,babu.yadav93@college.ac.in,CSE,2024,4,7.15,Good,0,False
S01111,Kritika Joshi,kritika.joshi11@college.ac.in,AIML,2022,8,6.99,Average,0,False
S01112,Meena Singh,meena.singh66@college.ac.in,MECH,2023,5,6.82,Average,0,False
S01113,Sneha Singh,sneha.singh81@college.ac.in,ECE,2024,4,7.56,Good,0,False
S01114,Pillai Subramaniam,pillai.subramaniam62@college.ac.in,CSE,2023,6,7.54,Good,4,False
S01115,Akash Chetty,akash.chetty79@college.ac.in,CSE,2023,6,6.92,Average,6,False
S01116,Sonal Reddy,sonal.reddy21@college.ac.in,AIML,2023,6,5.76,Average,1,False
S01117,Swati Chetty,swati.chetty76@college.ac.in,MECH,2022,8,7.22,Good,0,False
S01118,Nair Kulkarni,nair.kulkarni59@college.ac.in,AIML,2023,6,5.59,Average,5,True
S01119,Asif Tiwari,asif.tiwari43@college.ac.in,CSE,2023,6,7.32,Good,0,False
S01120,Ramya Verma,ramya.verma58@college.ac.in,CSE,2024,4,7.07,Good,0,False
S01121,Rizwan Varma,rizwan.varma71@college.ac.in,CSE,2023,5,7.57,Good,0,False
S01122,Irfan Pandey,irfan.pandey74@college.ac.in,CSE,2024,4,6.16,Average,0,False
S01123,Ankit Rao,ankit.rao53@college.ac.in,CSE,2023,5,6.05,Average,0,False
S01124,Zainab Das,zainab.das78@college.ac.in,ECE,2023,6,6.49,Average,0,False
S01125,Abhijith Iyengar,abhijith.iyengar81@college.ac.in,CSE,2024,4,7.79,Good,0,False
S01126,Syed Warrier,syed.warrier53@college.ac.in,MECH,2025,2,5.65,Average,3,True
S01127,Imran Kumar,imran.kumar13@college.ac.in,CSE,2025,2,6.51,Average,0,False
S01128,Lakshmi Rao,lakshmi.rao37@college.ac.in,CSE,2023,6,7.64,Good,0,False
S01129,Nisha Joshi,nisha.joshi58@college.ac.in,AIML,2022,8,7.61,Good,0,False
S01130,Sreejith Ansari,sreejith.ansari89@college.ac.in,MECH,2023,6,7.56,Good,0,False
S01131,Amina Rao,amina.rao89@college.ac.in,ECE,2023,6,7.46,Good,0,False
S01132,Rohit Rao,rohit.rao26@college.ac.in,CSE,2024,3,6.57,Average,5,False
S01133,Babu Arumugam,babu.arumugam90@college.ac.in,CSE,2023,6,7.39,Good,0,False
S01134,Ankita Khan,ankita.khan33@college.ac.in,MECH,2024,3,6.83,Average,0,False
S01135,Hiba Khan,hiba.khan47@college.ac.in,MECH,2024,3,6.3,Average,0,False
S01136,Irfan Tiwari,irfan.tiwari52@college.ac.in,ECE,2024,4,7.58,Good,0,False
S01137,Ankit Nambiar,ankit.nambiar42@college.ac.in,AIML,2023,6,6.67,Average,1,False
S01138,Menon Gopalakrishnan,menon.gopalakrishnan13@college.ac.in,CSE,2024,4,5.33,At Risk,2,True
S01139,Madhan Namboothiri,madhan.namboothiri40@college.ac.in,CSE,2023,6,7.07,Good,0,False
S01140,Tarun Natarajan,tarun.natarajan60@college.ac.in,CSE,2023,6,7.6,Good,0,False
S01141,Amal Singh,amal.singh78@college.ac.in,CSE,2022,8,7.67,Good,0,False
S01142,Dinesh Chandrasekaran,dinesh.chandrasekaran43@college.ac.in,AIML,2023,6,6.64,Average,0,False
S01143,Piyush Nair,piyush.nair20@college.ac.in,CSE,2024,4,8.14,Good,0,False
S01144,Revathi Prasad,revathi.prasad32@college.ac.in,MECH,2023,6,6.76,Average,0,False
S01145,Babu Namboothiri,babu.namboothiri90@college.ac.in,CSE,2024,4,6.79,Average,3,True
S01146,Pallavi Krishnan,pallavi.krishnan80@college.ac.in,MECH,2025,2,5.31,At Risk,4,True
S01147,Nithish Sheikh,nithish.sheikh36@college.ac.in,ECE,2022,8,6.6,Average,0,False
S01148,Divya Tiwari,divya.tiwari71@college.ac.in,CSE,2024,4,5.91,Average,4,True
S01149,Ajith Mehta,ajith.mehta62@college.ac.in,AIML,2025,2,5.56,Average,4,True
S01150,Amit Karunakaran,amit.karunakaran52@college.ac.in,ECE,2024,4,6.69,Average,0,False
S01151,Shahid Siddiqui,shahid.siddiqui25@college.ac.in,ECE,2025,2,5.99,Average,2,False
S01152,Sana Shah,sana.shah14@college.ac.in,MECH,2024,3,5.64,Average,2,False
S01153,Ankita Chauhan,ankita.chauhan99@college.ac.in,AIML,2023,6,7.19,Good,0,False
S01154,Shubham Nair,shubham.nair63@college.ac.in,AIML,2025,2,7.32,Good,0,False
S01155,Shahid Sharma,shahid.sharma95@college.ac.in,ECE,2025,2,5.27,At Risk,6,True
S01156,Siddharth Nambiar,siddharth.nambiar29@college.ac.in,MECH,2024,3,7.17,Good,0,False
S01157,Siddharth Velayudhan,siddharth.velayudhan18@college.ac.in,ECE,2024,3,6.07,Average,5,True
S01158,Pillai Rao,pillai.rao59@college.ac.in,MECH,2025,2,6.55,Average,0,False
S01159,Vivek Das,vivek.das77@college.ac.in,AIML,2023,6,6.19,Average,0,False
S01160,Revathi Dubey,revathi.dubey86@college.ac.in,CSE,2023,5,6.87,Average,0,False
S01161,Tanvi Namboothiri,tanvi.namboothiri33@college.ac.in,CSE,2024,3,6.83,Average,2,True
S01162,Surya Nambiar,surya.nambiar63@college.ac.in,ECE,2023,6,6.01,Average,0,False
S01163,Sneha Hegde,sneha.hegde46@college.ac.in,AIML,2022,8,6.81,Average,0,False
S01164,Nisha Das,nisha.das55@college.ac.in,CSE,2022,8,7.21,Good,0,False
S01165,Salman Patil,salman.patil52@college.ac.in,MECH,2023,6,6.3,Average,0,False
S01166,Logesh Reddy,logesh.reddy79@college.ac.in,MECH,2024,4,5.73,Average,3,False
S01167,Harikrishna Dubey,harikrishna.dubey59@college.ac.in,CSE,2024,3,6.52,Average,0,False
S01168,Riya Sharma,riya.sharma57@college.ac.in,ECE,2025,2,7.61,Good,0,False
S01169,Shubham Das,shubham.das82@college.ac.in,CSE,2023,6,5.81,Average,5,True
S01170,Rizwan Nair,rizwan.nair75@college.ac.in,MECH,2023,6,5.42,At Risk,1,True
S01171,Vijay Das,vijay.das21@college.ac.in,ECE,2022,8,7.55,Good,0,False
S01172,Lakshmi Rajan,lakshmi.rajan44@college.ac.in,ECE,2022,8,7.41,Good,0,False
S01173,Kritika Venkataraman,kritika.venkataraman50@college.ac.in,CSE,2024,4,7.32,Good,0,False
S01174,Farhan Shah,farhan.shah14@college.ac.in,CSE,2023,6,7.05,Good,0,False
S01175,Ananya Sharma,ananya.sharma29@college.ac.in,MECH,2024,4,5.65,Average,3,True
S01176,Aditi Krishnan,aditi.krishnan85@college.ac.in,CSE,2022,8,7.71,Good,0,False
S01177,Pillai Tiwari,pillai.tiwari68@college.ac.in,MECH,2023,6,7.21,Good,0,False
S01178,Lakshmi Chetty,lakshmi.chetty53@college.ac.in,MECH,2022,8,6.0,Average,4,False
S01179,Vivek Sheikh,vivek.sheikh54@college.ac.in,AIML,2023,6,7.72,Good,0,False
S01180,Kritika Shetty,kritika.shetty94@college.ac.in,ECE,2025,2,8.5,Excellent,0,False
S01181,Piyush Babu,piyush.babu62@college.ac.in,CSE,2022,8,8.0,Good,4,False
S01182,Vignesh Prasad,vignesh.prasad96@college.ac.in,MECH,2023,6,4.4,At Risk,2,True
S01183,Asif Natarajan,asif.natarajan11@college.ac.in,CSE,2023,6,6.9,Average,0,False
S01184,Swathi Gupta,swathi.gupta13@college.ac.in,ECE,2025,2,6.01,Average,1,True
S01185,Saranya Babu,saranya.babu19@college.ac.in,ECE,2023,5,5.53,Average,2,True
S01186,Menon Kamath,menon.kamath73@college.ac.in,ECE,2024,3,6.46,Average,0,False
S01187,Pallavi Murugan,pallavi.murugan14@college.ac.in,CSE,2023,5,6.67,Average,0,False
S01188,Abhijith Malik,abhijith.malik27@college.ac.in,AIML,2023,5,7.21,Good,0,False
S01189,Suresh Prasad,suresh.prasad18@college.ac.in,CSE,2022,8,5.23,At Risk,5,True
S01190,Neha Warrier,neha.warrier61@college.ac.in,MECH,2024,4,7.32,Good,0,False
S01191,Swathi Iyer,swathi.iyer84@college.ac.in,CSE,2023,6,6.37,Average,4,False
S01192,Shreya Verma,shreya.verma57@college.ac.in,CSE,2023,5,7.84,Good,0,False
S01193,Nair Namboothiri,nair.namboothiri15@college.ac.in,AIML,2022,8,7.6,Good,0,False
S01194,Dhanush Gopalakrishnan,dhanush.gopalakrishnan13@college.ac.in,ECE,2024,4,6.96,Average,0,False
S01195,Tanvi Rao,tanvi.rao60@college.ac.in,AIML,2023,6,7.29,Good,0,False
S01196,Junaid Murthy,junaid.murthy59@college.ac.in,CSE,2025,2,7.71,Good,0,False
S01197,Ramesh Krishnan,ramesh.krishnan39@college.ac.in,CSE,2024,4,6.75,Average,0,False
S01198,Asif Gopalakrishnan,asif.gopalakrishnan37@college.ac.in,ECE,2023,6,5.68,Average,1,True
S01199,Vivek Qureshi,vivek.qureshi26@college.ac.in,ECE,2023,6,6.25,Average,0,False
S01200,Tarun Namboothiri,tarun.namboothiri35@college.ac.in,MECH,2023,6,6.63,Average,0,False
S01201,Ravi Menon,ravi.menon54@college.ac.in,CSE,2025,2,7.99,Good,0,False
S01202,Naveen Prasad,naveen.prasad52@college.ac.in,AIML,2023,6,7.98,Good,0,False
S01203,Riya Chetty,riya.chetty79@college.ac.in,CSE,2025,2,6.56,Average,0,False
S01204,Amal Patel,amal.patel86@college.ac.in,AIML,2024,4,6.65,Average,0,False
S01205,Swati Arumugam,swati.arumugam25@college.ac.in,ECE,2023,6,7.01,Good,0,False
S01206,Ankit Nambiar,ankit.nambiar31@college.ac.in,ECE,2025,2,7.45,Good,0,False
S01207,Madhan Kumar,madhan.kumar18@college.ac.in,ECE,2024,3,6.73,Average,5,False
S01208,Sana Natarajan,sana.natarajan44@college.ac.in,ECE,2024,4,7.35,Good,0,False
S01209,Zubair Nambiar,zubair.nambiar89@college.ac.in,ECE,2023,6,7.35,Good,0,False
S01210,Deepak Joshi,deepak.joshi64@college.ac.in,MECH,2024,4,7.27,Good,0,False
S01211,Bilal Pandey,bilal.pandey66@college.ac.in,MECH,2024,4,7.2,Good,0,False
S01212,Aman Rao,aman.rao26@college.ac.in,MECH,2023,6,5.53,Average,2,True
S01213,Ramya Velayudhan,ramya.velayudhan32@college.ac.in,CSE,2022,8,6.87,Average,3,False
S01214,Ravi Murugan,ravi.murugan49@college.ac.in,MECH,2024,3,3.85,At Risk,2,True
S01215,Sreejith Gupta,sreejith.gupta21@college.ac.in,CSE,2023,6,6.86,Average,2,False
S01216,Praveen Pandey,praveen.pandey81@college.ac.in,CSE,2024,4,5.95,Average,6,True
S01217,Sathish Rao,sathish.rao23@college.ac.in,ECE,2024,4,7.38,Good,0,False
S01218,Syed Nair,syed.nair12@college.ac.in,AIML,2023,6,6.1,Average,4,True
S01219,Abhijith Sharma,abhijith.sharma55@college.ac.in,MECH,2023,6,7.49,Good,0,False
S01220,Akash Shah,akash.shah20@college.ac.in,CSE,2022,8,6.53,Average,3,True
S01221,Arun Iyer,arun.iyer67@college.ac.in,ECE,2025,2,7.09,Good,5,False
S01222,Vishnu Murugan,vishnu.murugan85@college.ac.in,CSE,2024,3,6.69,Average,0,False
S01223,Sathish Nair,sathish.nair97@college.ac.in,ECE,2022,8,6.8,Average,0,False
S01224,Amina Mishra,amina.mishra19@college.ac.in,MECH,2023,6,6.06,Average,0,False
S01225,Vishnu Selvam,vishnu.selvam72@college.ac.in,MECH,2024,3,6.62,Average,5,False
S01226,Sonal Krishnan,sonal.krishnan20@college.ac.in,ECE,2025,2,8.35,Good,0,False
S01227,Faisal Selvam,faisal.selvam20@college.ac.in,ECE,2025,2,7.73,Good,0,False
S01228,Ravi Menon,ravi.menon43@college.ac.in,CSE,2022,8,6.15,Average,0,False
S01229,Mohammed Karunakaran,mohammed.karunakaran96@college.ac.in,CSE,2025,2,7.89,Good,0,False
S01230,Adil Desai,adil.desai93@college.ac.in,ECE,2025,2,6.55,Average,0,False
S01231,Pallavi Chandrasekaran,pallavi.chandrasekaran47@college.ac.in,AIML,2024,4,6.43,Average,4,True
S01232,Syed Murugan,syed.murugan38@college.ac.in,MECH,2024,4,6.86,Average,0,False
S01233,Varun Kulkarni,varun.kulkarni18@college.ac.in,MECH,2023,5,6.28,Average,4,True
S01234,Sachin Warrier,sachin.warrier98@college.ac.in,ECE,2023,6,6.65,Average,0,False
S01235,Prerna Naidu,prerna.naidu85@college.ac.in,ECE,2024,4,7.87,Good,0,False
S01236,Rizwan Dubey,rizwan.dubey91@college.ac.in,CSE,2023,5,6.84,Average,0,False
S01237,Zainab Patil,zainab.patil90@college.ac.in,CSE,2023,5,7.54,Good,0,False
S01238,Hiba Shah,hiba.shah45@college.ac.in,CSE,2022,8,6.89,Average,0,False
S01239,Muralidhar Singh,muralidhar.singh48@college.ac.in,MECH,2025,2,7.96,Good,0,False
S01240,Aditi Sharma,aditi.sharma53@college.ac.in,AIML,2025,2,6.09,Average,3,False
S01241,Lakshmi Menon,lakshmi.menon81@college.ac.in,ECE,2022,8,6.62,Average,0,False
S01242,Vikram Qureshi,vikram.qureshi97@college.ac.in,AIML,2025,2,6.37,Average,0,False
S01243,Nithya Namboothiri,nithya.namboothiri85@college.ac.in,ECE,2023,6,5.09,At Risk,3,False
S01244,Revathi Arumugam,revathi.arumugam45@college.ac.in,AIML,2024,4,6.69,Average,0,False
S01245,Tarun Mirza,tarun.mirza31@college.ac.in,MECH,2025,2,5.64,Average,2,True
S01246,Ankita Prasad,ankita.prasad71@college.ac.in,CSE,2022,8,6.16,Average,5,True
S01247,Nithya Velayudhan,nithya.velayudhan62@college.ac.in,MECH,2024,4,5.54,Average,1,False
S01248,Tanvi Bhat,tanvi.bhat63@college.ac.in,CSE,2023,6,6.59,Average,2,False
S01249,Logesh Nair,logesh.nair33@college.ac.in,ECE,2025,2,7.56,Good,2,False
S01250,Naveen Malik,naveen.malik34@college.ac.in,CSE,2023,5,6.19,Average,0,False
S01251,Muralidhar Chetty,muralidhar.chetty71@college.ac.in,AIML,2023,5,8.46,Good,0,False
S01252,Adil Hussain,adil.hussain84@college.ac.in,ECE,2022,8,8.17,Good,0,False
S01253,Babu Kamath,babu.kamath97@college.ac.in,CSE,2022,8,6.76,Average,4,False
S01254,Lakshmi Murthy,lakshmi.murthy48@college.ac.in,AIML,2022,8,8.02,Good,0,False
S01255,Siddharth Varma,siddharth.varma20@college.ac.in,ECE,2025,2,5.06,At Risk,2,False
S01256,Madhan Das,madhan.das40@college.ac.in,MECH,2023,6,5.62,Average,5,False
S01257,Vivek Babu,vivek.babu41@college.ac.in,MECH,2023,6,4.95,At Risk,4,False
S01258,Revathi Rajan,revathi.rajan24@college.ac.in,CSE,2024,4,5.54,Average,5,True
S01259,Saranya Chauhan,saranya.chauhan98@college.ac.in,ECE,2025,2,7.58,Good,0,False
S01260,Aishwarya Mirza,aishwarya.mirza44@college.ac.in,ECE,2025,2,5.28,At Risk,6,True
S01261,Shubham Velayudhan,shubham.velayudhan90@college.ac.in,ECE,2024,4,7.44,Good,0,False
S01262,Ravi Sharma,ravi.sharma57@college.ac.in,CSE,2024,4,7.04,Good,0,False
S01263,Sachin Natarajan,sachin.natarajan22@college.ac.in,ECE,2024,4,4.64,At Risk,2,True
S01264,Rohit Kulkarni,rohit.kulkarni96@college.ac.in,ECE,2025,2,6.07,Average,1,False
S01265,Akash Murthy,akash.murthy58@college.ac.in,ECE,2024,4,5.24,At Risk,5,True
S01266,Nadia Shetty,nadia.shetty43@college.ac.in,MECH,2024,3,5.82,Average,5,True
S01267,Manoj Qureshi,manoj.qureshi29@college.ac.in,CSE,2023,6,6.19,Average,0,False
S01268,Salman Rao,salman.rao50@college.ac.in,MECH,2022,8,6.66,Average,0,False
S01269,Arun Varma,arun.varma71@college.ac.in,CSE,2023,6,7.4,Good,0,False
S01270,Rizwan Menon,rizwan.menon10@college.ac.in,CSE,2024,4,7.62,Good,0,False
S01271,Meena Kumar,meena.kumar98@college.ac.in,MECH,2024,3,7.0,Good,0,False
S01272,Zainab Verma,zainab.verma73@college.ac.in,ECE,2025,2,5.77,Average,2,False
S01273,Deepak Kulkarni,deepak.kulkarni31@college.ac.in,ECE,2024,4,6.23,Average,2,True
S01274,Ajith Tiwari,ajith.tiwari64@college.ac.in,MECH,2023,6,5.89,Average,3,True
S01275,Ravi Kamath,ravi.kamath31@college.ac.in,ECE,2022,8,7.16,Good,0,False
S01276,Ramya Murthy,ramya.murthy22@college.ac.in,ECE,2023,6,5.21,At Risk,4,True
S01277,Sana Karunakaran,sana.karunakaran51@college.ac.in,AIML,2023,5,7.86,Good,0,False
S01278,Sana Rao,sana.rao17@college.ac.in,MECH,2023,6,7.93,Good,0,False
S01279,Logesh Tiwari,logesh.tiwari69@college.ac.in,AIML,2023,6,5.73,Average,6,False
S01280,Pooja Sheikh,pooja.sheikh96@college.ac.in,MECH,2023,5,5.52,Average,1,False
S01281,Syed Kamath,syed.kamath75@college.ac.in,CSE,2025,2,6.79,Average,2,False
S01282,Deepak Murugan,deepak.murugan39@college.ac.in,ECE,2024,4,6.37,Average,0,False
S01283,Rajan Gupta,rajan.gupta34@college.ac.in,CSE,2024,3,6.32,Average,5,False
S01284,Ajith Singh,ajith.singh47@college.ac.in,CSE,2023,5,5.72,Average,6,True
S01285,Sanjay Chauhan,sanjay.chauhan38@college.ac.in,ECE,2022,8,7.41,Good,0,False
S01286,Ananya Rao,ananya.rao42@college.ac.in,CSE,2022,8,5.77,Average,4,True
S01287,Gaurav Nair,gaurav.nair75@college.ac.in,AIML,2025,2,5.14,At Risk,5,True
S01288,Harish Subramaniam,harish.subramaniam86@college.ac.in,ECE,2024,3,7.4,Good,0,False
S01289,Gaurav Arumugam,gaurav.arumugam10@college.ac.in,AIML,2024,4,6.77,Average,0,False
S01290,Nadia Nambiar,nadia.nambiar81@college.ac.in,CSE,2022,8,6.97,Average,3,False
S01291,Arjun Mishra,arjun.mishra42@college.ac.in,MECH,2023,6,7.52,Good,0,False
S01292,Akash Warrier,akash.warrier39@college.ac.in,CSE,2024,4,8.1,Good,0,False
S01293,Mohammed Hegde,mohammed.hegde94@college.ac.in,AIML,2023,6,7.29,Good,0,False
S01294,Pooja Nair,pooja.nair53@college.ac.in,ECE,2025,2,6.34,Average,2,True
S01295,Fatima Bhat,fatima.bhat21@college.ac.in,CSE,2023,6,6.1,Average,0,False
S01296,Amina Babu,amina.babu30@college.ac.in,ECE,2022,8,4.85,At Risk,4,True
S01297,Akash Murugan,akash.murugan31@college.ac.in,CSE,2022,8,6.79,Average,0,False
S01298,Prerna Hussain,prerna.hussain17@college.ac.in,ECE,2024,4,6.71,Average,5,False
S01299,Zainab Verma,zainab.verma48@college.ac.in,MECH,2024,4,6.4,Average,0,False
S01300,Ankita Khan,ankita.khan96@college.ac.in,MECH,2023,6,6.51,Average,5,False
S01301,Hiba Nambiar,hiba.nambiar12@college.ac.in,ECE,2024,3,7.0,Good,0,False
S01302,Babu Natarajan,babu.natarajan77@college.ac.in,AIML,2023,5,4.96,At Risk,2,True
S01303,Fatima Mirza,fatima.mirza93@college.ac.in,ECE,2024,4,4.0,At Risk,5,False
S01304,Rajan Mehta,rajan.mehta31@college.ac.in,AIML,2024,4,5.46,At Risk,5,True
S01305,Usman Chetty,usman.chetty20@college.ac.in,CSE,2022,8,8.0,Good,0,False
S01306,Tarun Hussain,tarun.hussain52@college.ac.in,AIML,2022,8,7.21,Good,0,False
S01307,Suresh Velayudhan,suresh.velayudhan84@college.ac.in,CSE,2025,2,6.42,Average,5,True
S01308,Rohit Chandrasekaran,rohit.chandrasekaran73@college.ac.in,ECE,2023,6,7.45,Good,0,False
S01309,Sreejith Murugan,sreejith.murugan78@college.ac.in,CSE,2023,6,7.1,Good,0,False
S01310,Harikrishna Pillai,harikrishna.pillai26@college.ac.in,AIML,2023,6,6.05,Average,0,False
S01311,Keerthi Gupta,keerthi.gupta55@college.ac.in,MECH,2023,6,5.87,Average,1,True
S01312,Karthik Karunakaran,karthik.karunakaran58@college.ac.in,CSE,2022,8,7.68,Good,0,False
S01313,Babu Ansari,babu.ansari18@college.ac.in,MECH,2022,8,6.97,Average,0,False
S01314,Asif Murthy,asif.murthy45@college.ac.in,CSE,2022,8,7.67,Good,0,False
S01315,Sathish Bhat,sathish.bhat24@college.ac.in,ECE,2024,3,7.77,Good,0,False
S01316,Vignesh Iyengar,vignesh.iyengar51@college.ac.in,ECE,2023,5,5.28,At Risk,4,False
S01317,Rajan Gopalakrishnan,rajan.gopalakrishnan70@college.ac.in,ECE,2023,6,6.15,Average,4,True
S01318,Arun Pillai,arun.pillai59@college.ac.in,MECH,2025,2,5.77,Average,4,False
S01319,Rizwan Namboothiri,rizwan.namboothiri21@college.ac.in,ECE,2022,8,7.28,Good,0,False
S01320,Pallavi Rajan,pallavi.rajan15@college.ac.in,AIML,2024,4,7.19,Good,0,False
S01321,Usman Mishra,usman.mishra57@college.ac.in,MECH,2024,4,6.7,Average,0,False
S01322,Hiba Menon,hiba.menon10@college.ac.in,CSE,2024,3,5.75,Average,3,True
S01323,Aditi Prasad,aditi.prasad10@college.ac.in,MECH,2024,4,6.58,Average,4,False
S01324,Praveen Chauhan,praveen.chauhan72@college.ac.in,ECE,2022,8,7.0,Good,0,False
S01325,Aishwarya Rajan,aishwarya.rajan46@college.ac.in,CSE,2023,6,8.06,Good,0,False
S01326,Ravi Arumugam,ravi.arumugam95@college.ac.in,AIML,2023,6,7.16,Good,0,False
S01327,Vivek Mishra,vivek.mishra30@college.ac.in,CSE,2022,8,6.81,Average,5,True
S01328,Shreya Naidu,shreya.naidu65@college.ac.in,MECH,2025,2,6.71,Average,0,False
S01329,Ayesha Gopalakrishnan,ayesha.gopalakrishnan72@college.ac.in,AIML,2024,4,7.0,Good,0,False
S01330,Madhan Murugan,madhan.murugan36@college.ac.in,MECH,2024,3,3.92,At Risk,5,True
S01331,Vijay Rao,vijay.rao31@college.ac.in,ECE,2023,6,7.6,Good,0,False
S01332,Neha Menon,neha.menon24@college.ac.in,ECE,2023,6,5.93,Average,4,True
S01333,Suresh Iyer,suresh.iyer61@college.ac.in,AIML,2022,8,6.68,Average,4,False
S01334,Praveen Iyengar,praveen.iyengar28@college.ac.in,MECH,2024,3,5.91,Average,0,False
S01335,Imran Kulkarni,imran.kulkarni98@college.ac.in,MECH,2022,8,6.99,Average,0,False
S01336,Sreejith Singh,sreejith.singh63@college.ac.in,CSE,2023,5,6.19,Average,4,False
S01337,Sonal Siddiqui,sonal.siddiqui57@college.ac.in,CSE,2022,8,6.13,Average,4,False
S01338,Ganesh Yadav,ganesh.yadav18@college.ac.in,AIML,2024,4,8.25,Good,0,False
S01339,Nisha Bhat,nisha.bhat64@college.ac.in,CSE,2025,2,6.97,Average,4,True
S01340,Muralidhar Menon,muralidhar.menon41@college.ac.in,CSE,2024,4,7.73,Good,0,False
S01341,Usman Murugan,usman.murugan54@college.ac.in,ECE,2025,2,7.47,Good,0,False
S01342,Imran Shetty,imran.shetty62@college.ac.in,ECE,2025,2,4.97,At Risk,6,True
S01343,Suresh Das,suresh.das37@college.ac.in,ECE,2022,8,6.03,Average,2,False
S01344,Asif Natarajan,asif.natarajan127@college.ac.in,CSE,2025,2,8.08,Good,0,False
S01345,Shubham Gupta,shubham.gupta44@college.ac.in,ECE,2023,6,5.11,At Risk,2,True
S01346,Madhan Shetty,madhan.shetty70@college.ac.in,ECE,2024,4,5.66,Average,5,False
S01347,Rishita Hussain,rishita.hussain89@college.ac.in,CSE,2022,8,7.53,Good,0,False
S01348,Karthik Hegde,karthik.hegde65@college.ac.in,CSE,2022,8,6.32,Average,0,False
S01349,Vijay Menon,vijay.menon93@college.ac.in,AIML,2025,2,7.06,Good,0,False
S01350,Ananya Siddiqui,ananya.siddiqui64@college.ac.in,ECE,2022,8,6.83,Average,4,False
S01351,Piyush Velayudhan,piyush.velayudhan68@college.ac.in,AIML,2024,3,7.77,Good,0,False
S01352,Abhijith Natarajan,abhijith.natarajan82@college.ac.in,ECE,2024,3,6.59,Average,0,False
S01353,Priya Pandey,priya.pandey92@college.ac.in,MECH,2024,4,7.73,Good,0,False
S01354,Revathi Ansari,revathi.ansari66@college.ac.in,CSE,2022,8,6.98,Average,0,False
S01355,Nikhil Rao,nikhil.rao77@college.ac.in,MECH,2024,4,5.27,At Risk,4,True
S01356,Rukhsar Prasad,rukhsar.prasad40@college.ac.in,MECH,2023,6,5.68,Average,4,False
S01357,Swathi Rajan,swathi.rajan21@college.ac.in,ECE,2025,2,4.74,At Risk,2,True
S01358,Nisha Pillai,nisha.pillai32@college.ac.in,ECE,2024,4,7.72,Good,0,False
S01359,Asif Tiwari,asif.tiwari49@college.ac.in,AIML,2023,6,6.26,Average,0,False
S01360,Siddharth Natarajan,siddharth.natarajan21@college.ac.in,AIML,2022,8,6.04,Average,0,False
S01361,Sachin Shah,sachin.shah45@college.ac.in,AIML,2024,4,6.04,Average,0,False
S01362,Lakshmi Rajan,lakshmi.rajan93@college.ac.in,ECE,2024,4,5.0,At Risk,2,True
S01363,Krishnan Nair,krishnan.nair68@college.ac.in,ECE,2025,2,6.89,Average,0,False
S01364,Saranya Babu,saranya.babu36@college.ac.in,AIML,2023,5,7.34,Good,0,False
S01365,Prerna Reddy,prerna.reddy11@college.ac.in,AIML,2023,6,6.25,Average,2,True
S01366,Zubair Sheikh,zubair.sheikh31@college.ac.in,CSE,2024,4,7.03,Good,0,False
S01367,Sathish Kumar,sathish.kumar20@college.ac.in,CSE,2022,8,8.11,Good,0,False
S01368,Abhijith Varma,abhijith.varma63@college.ac.in,CSE,2023,6,4.95,At Risk,6,True
S01369,Lakshmi Mishra,lakshmi.mishra39@college.ac.in,CSE,2024,4,5.89,Average,1,False
S01370,Simran Siddiqui,simran.siddiqui48@college.ac.in,ECE,2024,4,6.76,Average,0,False
S01371,Kritika Qureshi,kritika.qureshi70@college.ac.in,ECE,2023,6,7.23,Good,0,False
S01372,Hiba Dubey,hiba.dubey44@college.ac.in,CSE,2023,6,6.51,Average,0,False
S01373,Vignesh Verma,vignesh.verma95@college.ac.in,CSE,2023,6,6.65,Average,0,False
S01374,Swathi Reddy,swathi.reddy30@college.ac.in,AIML,2023,6,6.67,Average,0,False
S01375,Rahul Yadav,rahul.yadav90@college.ac.in,ECE,2023,6,6.66,Average,0,False
S01376,Sana Prasad,sana.prasad90@college.ac.in,MECH,2023,6,6.79,Average,0,False
S01377,Ananya Mehta,ananya.mehta66@college.ac.in,MECH,2022,8,7.8,Good,0,False
S01378,Sneha Menon,sneha.menon62@college.ac.in,MECH,2024,4,5.76,Average,2,True
S01379,Shubham Pillai,shubham.pillai627@college.ac.in,CSE,2025,2,7.11,Good,3,False
S01380,Sachin Tiwari,sachin.tiwari68@college.ac.in,ECE,2024,4,6.74,Average,0,False
S01381,Varun Kumar,varun.kumar23@college.ac.in,CSE,2024,4,8.18,Good,0,False
S01382,Nikhil Rajan,nikhil.rajan59@college.ac.in,AIML,2023,6,6.72,Average,0,False
S01383,Adil Shah,adil.shah79@college.ac.in,MECH,2023,6,6.48,Average,0,False
S01384,Ramesh Patil,ramesh.patil80@college.ac.in,ECE,2023,5,7.05,Good,2,True
S01385,Prerna Menon,prerna.menon28@college.ac.in,CSE,2025,2,8.3,Good,0,False
S01386,Aamir Chauhan,aamir.chauhan70@college.ac.in,AIML,2023,6,5.32,At Risk,6,True
S01387,Ayesha Mehta,ayesha.mehta85@college.ac.in,CSE,2023,6,6.53,Average,5,True
S01388,Sana Kumar,sana.kumar28@college.ac.in,AIML,2025,2,7.23,Good,0,False
S01389,Ganesh Khan,ganesh.khan77@college.ac.in,CSE,2024,4,6.72,Average,4,True
S01390,Avinash Pandey,avinash.pandey39@college.ac.in,MECH,2022,8,6.96,Average,0,False
S01391,Junaid Kumar,junaid.kumar22@college.ac.in,ECE,2022,8,7.09,Good,0,False
S01392,Vijay Iyer,vijay.iyer24@college.ac.in,ECE,2023,6,5.42,At Risk,5,True
S01393,Ayesha Singh,ayesha.singh37@college.ac.in,MECH,2024,4,7.68,Good,0,False
S01394,Faisal Shah,faisal.shah78@college.ac.in,MECH,2025,2,7.47,Good,0,False
S01395,Jithin Sheikh,jithin.sheikh62@college.ac.in,CSE,2024,4,5.47,At Risk,3,True
S01396,Vijay Velayudhan,vijay.velayudhan79@college.ac.in,MECH,2025,2,7.04,Good,3,True
S01397,Logesh Mishra,logesh.mishra50@college.ac.in,ECE,2022,8,6.42,Average,0,False
S01398,Ayesha Ansari,ayesha.ansari92@college.ac.in,AIML,2022,8,6.75,Average,0,False
S01399,Aman Pandey,aman.pandey52@college.ac.in,CSE,2024,3,5.61,Average,5,True
S01400,Irfan Arumugam,irfan.arumugam34@college.ac.in,MECH,2022,8,6.22,Average,5,True
S01401,Aman Singh,aman.singh51@college.ac.in,AIML,2023,6,7.12,Good,0,False
S01402,Muralidhar Krishnan,muralidhar.krishnan79@college.ac.in,MECH,2023,6,6.77,Average,0,False
S01403,Rizwan Varma,rizwan.varma81@college.ac.in,MECH,2022,8,7.49,Good,0,False
S01404,Menon Prasad,menon.prasad57@college.ac.in,MECH,2024,4,6.91,Average,0,False
S01405,Keerthi Sheikh,keerthi.sheikh99@college.ac.in,AIML,2023,5,8.09,Good,0,False
S01406,Logesh Krishnan,logesh.krishnan45@college.ac.in,AIML,2025,2,6.44,Average,0,False
S01407,Pallavi Chandrasekaran,pallavi.chandrasekaran54@college.ac.in,CSE,2023,6,6.52,Average,0,False
S01408,Ankita Mishra,ankita.mishra35@college.ac.in,MECH,2023,6,6.33,Average,1,True
S01409,Imran Murugan,imran.murugan61@college.ac.in,ECE,2025,2,4.68,At Risk,3,True
S01410,Nadia Ansari,nadia.ansari64@college.ac.in,MECH,2024,3,5.96,Average,3,True
S01411,Revathi Varma,revathi.varma49@college.ac.in,MECH,2024,4,6.96,Average,0,False
S01412,Praveen Ansari,praveen.ansari16@college.ac.in,MECH,2023,6,7.39,Good,0,False
S01413,Pooja Mirza,pooja.mirza76@college.ac.in,AIML,2022,8,6.71,Average,4,False
S01414,Babu Khan,babu.khan97@college.ac.in,MECH,2024,4,6.28,Average,0,False
S01415,Prithviraj Shah,prithviraj.shah59@college.ac.in,CSE,2024,4,6.61,Average,1,True
S01416,Pooja Gupta,pooja.gupta17@college.ac.in,AIML,2024,4,6.93,Average,5,False
S01417,Rukhsar Rao,rukhsar.rao20@college.ac.in,MECH,2025,2,5.95,Average,1,False
S01418,Varun Dubey,varun.dubey12@college.ac.in,CSE,2024,4,6.97,Average,5,False
S01419,Swathi Mehta,swathi.mehta96@college.ac.in,CSE,2024,4,8.01,Good,0,False
S01420,Avinash Yadav,avinash.yadav54@college.ac.in,MECH,2025,2,7.22,Good,0,False
S01421,Bilal Sharma,bilal.sharma72@college.ac.in,AIML,2024,4,8.14,Good,0,False
S01422,Aamir Prasad,aamir.prasad13@college.ac.in,CSE,2024,4,7.6,Good,0,False
S01423,Pooja Gupta,pooja.gupta67@college.ac.in,CSE,2023,6,7.45,Good,0,False
S01424,Shreya Bhat,shreya.bhat35@college.ac.in,MECH,2024,4,7.02,Good,0,False
S01425,Aditi Hussain,aditi.hussain25@college.ac.in,CSE,2023,6,7.45,Good,0,False
S01426,Manoj Prasad,manoj.prasad45@college.ac.in,ECE,2025,2,5.24,At Risk,4,True
S01427,Asif Kulkarni,asif.kulkarni58@college.ac.in,MECH,2022,8,7.09,Good,0,False
S01428,Rajesh Namboothiri,rajesh.namboothiri35@college.ac.in,MECH,2022,8,5.28,At Risk,3,False
S01429,Ankit Mehta,ankit.mehta74@college.ac.in,CSE,2023,6,7.98,Good,0,False
S01430,Gaurav Warrier,gaurav.warrier60@college.ac.in,MECH,2024,4,4.98,At Risk,5,True
S01431,Bilal Natarajan,bilal.natarajan68@college.ac.in,MECH,2024,3,6.83,Average,0,False
S01432,Sneha Desai,sneha.desai67@college.ac.in,AIML,2022,8,5.75,Average,6,False
S01433,Deepak Rao,deepak.rao80@college.ac.in,ECE,2024,4,6.5,Average,1,False
S01434,Ravi Pandey,ravi.pandey81@college.ac.in,MECH,2024,4,6.0,Average,0,False
S01435,Pooja Iyengar,pooja.iyengar76@college.ac.in,MECH,2024,4,4.71,At Risk,4,True
S01436,Menon Chandrasekaran,menon.chandrasekaran58@college.ac.in,MECH,2023,6,7.31,Good,0,False
S01437,Tanvi Qureshi,tanvi.qureshi74@college.ac.in,MECH,2023,6,6.25,Average,5,False
S01438,Faisal Khan,faisal.khan78@college.ac.in,CSE,2022,8,8.1,Good,5,False
S01439,Nair Natarajan,nair.natarajan60@college.ac.in,CSE,2024,3,4.07,At Risk,6,True
S01440,Athul Prasad,athul.prasad88@college.ac.in,MECH,2024,4,4.55,At Risk,1,True
S01441,Sanjay Rao,sanjay.rao62@college.ac.in,ECE,2024,4,5.49,At Risk,1,False
S01442,Akash Reddy,akash.reddy36@college.ac.in,CSE,2025,2,6.32,Average,0,False
S01443,Harikrishna Nambiar,harikrishna.nambiar96@college.ac.in,AIML,2023,6,5.73,Average,3,True
S01444,Sana Malik,sana.malik23@college.ac.in,ECE,2022,8,5.85,Average,3,False
S01445,Ajith Siddiqui,ajith.siddiqui24@college.ac.in,AIML,2025,2,6.51,Average,0,False
S01446,Harikrishna Patel,harikrishna.patel22@college.ac.in,MECH,2022,8,6.71,Average,0,False
S01447,Aishwarya Varma,aishwarya.varma26@college.ac.in,ECE,2023,6,5.68,Average,3,False
S01448,Ankita Pandey,ankita.pandey49@college.ac.in,ECE,2025,2,6.17,Average,3,False
S01449,Saranya Rao,saranya.rao57@college.ac.in,CSE,2023,6,7.56,Good,0,False
S01450,Priya Pandey,priya.pandey24@college.ac.in,AIML,2024,4,7.85,Good,0,False
S01451,Manoj Kumar,manoj.kumar92@college.ac.in,ECE,2022,8,6.46,Average,0,False
S01452,Swati Warrier,swati.warrier14@college.ac.in,CSE,2025,2,6.93,Average,0,False
S01453,Piyush Bhat,piyush.bhat83@college.ac.in,CSE,2022,8,7.76,Good,0,False
S01454,Hiba Velayudhan,hiba.velayudhan66@college.ac.in,CSE,2023,6,7.04,Good,0,False
S01455,Adil Menon,adil.menon24@college.ac.in,ECE,2022,8,6.39,Average,1,False
S01456,Keerthi Chandrasekaran,keerthi.chandrasekaran67@college.ac.in,ECE,2024,3,4.38,At Risk,2,True
S01457,Ayesha Namboothiri,ayesha.namboothiri74@college.ac.in,ECE,2022,8,6.58,Average,0,False
S01458,Ajith Patil,ajith.patil99@college.ac.in,CSE,2022,8,6.98,Average,0,False
S01459,Amal Mishra,amal.mishra76@college.ac.in,ECE,2025,2,7.58,Good,5,False
S01460,Deepak Dubey,deepak.dubey64@college.ac.in,AIML,2023,6,6.95,Average,0,False
S01461,Ankit Kamath,ankit.kamath54@college.ac.in,AIML,2025,2,7.43,Good,0,False
S01462,Pillai Reddy,pillai.reddy13@college.ac.in,ECE,2023,6,6.91,Average,3,False
S01463,Karthik Joshi,karthik.joshi54@college.ac.in,ECE,2023,6,6.3,Average,0,False
S01464,Priya Chandrasekaran,priya.chandrasekaran65@college.ac.in,ECE,2024,4,7.55,Good,0,False
S01465,Swati Murugan,swati.murugan49@college.ac.in,CSE,2022,8,8.1,Good,0,False
S01466,Bilal Gopalakrishnan,bilal.gopalakrishnan75@college.ac.in,CSE,2022,8,8.15,Good,0,False
S01467,Ramesh Iyengar,ramesh.iyengar49@college.ac.in,CSE,2023,5,6.93,Average,4,True
S01468,Nisha Nambiar,nisha.nambiar30@college.ac.in,AIML,2023,5,5.76,Average,3,False
S01469,Hiba Natarajan,hiba.natarajan43@college.ac.in,MECH,2022,8,6.4,Average,0,False
S01470,Lakshmi Qureshi,lakshmi.qureshi82@college.ac.in,MECH,2025,2,7.63,Good,0,False
S01471,Rishita Singh,rishita.singh75@college.ac.in,MECH,2024,4,7.77,Good,0,False
S01472,Menon Reddy,menon.reddy32@college.ac.in,AIML,2023,6,7.45,Good,0,False
S01473,Ankita Nambiar,ankita.nambiar95@college.ac.in,ECE,2023,6,7.32,Good,0,False
S01474,Shubham Prasad,shubham.prasad11@college.ac.in,CSE,2022,8,7.53,Good,0,False
S01475,Sana Menon,sana.menon27@college.ac.in,CSE,2025,2,8.53,Excellent,0,False
S01476,Irfan Hussain,irfan.hussain39@college.ac.in,ECE,2022,8,7.8,Good,0,False
S01477,Aishwarya Verma,aishwarya.verma25@college.ac.in,CSE,2024,3,7.38,Good,0,False
S01478,Amit Patil,amit.patil52@college.ac.in,CSE,2025,2,6.91,Average,3,True
S01479,Dhanush Babu,dhanush.babu50@college.ac.in,AIML,2025,2,7.4,Good,0,False
S01480,Aamir Sheikh,aamir.sheikh35@college.ac.in,CSE,2023,6,5.99,Average,6,True
S01481,Ramesh Kamath,ramesh.kamath94@college.ac.in,CSE,2024,4,5.54,Average,2,True
S01482,Zubair Arumugam,zubair.arumugam67@college.ac.in,CSE,2022,8,7.13,Good,0,False
S01483,Harikrishna Sheikh,harikrishna.sheikh33@college.ac.in,ECE,2024,4,6.56,Average,0,False
S01484,Manoj Shah,manoj.shah61@college.ac.in,MECH,2025,2,5.57,Average,3,False
S01485,Babu Selvam,babu.selvam36@college.ac.in,CSE,2022,8,7.25,Good,0,False
S01486,Ramesh Malik,ramesh.malik33@college.ac.in,CSE,2024,4,7.05,Good,0,False
S01487,Farhan Dubey,farhan.dubey29@college.ac.in,MECH,2023,6,7.32,Good,0,False
S01488,Nithya Mishra,nithya.mishra98@college.ac.in,AIML,2024,4,6.93,Average,0,False
S01489,Avinash Kamath,avinash.kamath26@college.ac.in,MECH,2023,6,6.67,Average,1,False
S01490,Amal Rao,amal.rao60@college.ac.in,CSE,2024,3,6.65,Average,6,False
S01491,Shreya Mehta,shreya.mehta87@college.ac.in,CSE,2025,2,7.24,Good,5,False
S01492,Amit Babu,amit.babu94@college.ac.in,ECE,2022,8,6.82,Average,0,False
S01493,Rukhsar Varma,rukhsar.varma71@college.ac.in,MECH,2024,4,6.77,Average,0,False
S01494,Ganesh Murthy,ganesh.murthy65@college.ac.in,MECH,2024,4,4.69,At Risk,5,True
S01495,Surya Tiwari,surya.tiwari41@college.ac.in,ECE,2024,4,5.04,At Risk,2,True
S01496,Deepak Velayudhan,deepak.velayudhan61@college.ac.in,CSE,2024,4,7.5,Good,0,False
S01497,Vishnu Venkataraman,vishnu.venkataraman35@college.ac.in,MECH,2023,6,5.97,Average,2,True
S01498,Junaid Menon,junaid.menon76@college.ac.in,CSE,2023,6,7.64,Good,0,False
S01499,Praveen Singh,praveen.singh23@college.ac.in,CSE,2025,2,8.38,Good,0,False
S01500,Meena Shetty,meena.shetty38@college.ac.in,ECE,2025,2,7.94,Good,0,False
S01501,Babu Desai,babu.desai95@college.ac.in,AIML,2024,3,7.23,Good,0,False
S01502,Aditi Sharma,aditi.sharma55@college.ac.in,CSE,2024,4,8.24,Good,0,False
S01503,Ajith Chauhan,ajith.chauhan71@college.ac.in,CSE,2024,4,6.29,Average,5,True
S01504,Revathi Murthy,revathi.murthy17@college.ac.in,CSE,2023,6,6.74,Average,5,False
S01505,Amal Varma,amal.varma25@college.ac.in,AIML,2025,2,8.06,Good,0,False
S01506,Shahid Chauhan,shahid.chauhan76@college.ac.in,CSE,2024,3,5.52,Average,6,True
S01507,Sreejith Hegde,sreejith.hegde23@college.ac.in,MECH,2023,6,5.18,At Risk,5,False
S01508,Rahul Verma,rahul.verma88@college.ac.in,ECE,2025,2,5.68,Average,1,False
S01509,Neha Chauhan,neha.chauhan82@college.ac.in,CSE,2024,4,7.36,Good,3,True
S01510,Logesh Dubey,logesh.dubey56@college.ac.in,ECE,2024,4,4.81,At Risk,6,True
S01511,Ayesha Kumar,ayesha.kumar41@college.ac.in,CSE,2025,2,6.04,Average,0,False
S01512,Ankita Murthy,ankita.murthy20@college.ac.in,AIML,2024,4,6.92,Average,0,False
S01513,Arun Karunakaran,arun.karunakaran33@college.ac.in,ECE,2022,8,6.43,Average,0,False
S01514,Aishwarya Patel,aishwarya.patel66@college.ac.in,ECE,2024,4,7.44,Good,5,False
S01515,Imran Desai,imran.desai75@college.ac.in,AIML,2025,2,7.27,Good,0,False
S01516,Aishwarya Chandrasekaran,aishwarya.chandrasekaran33@college.ac.in,CSE,2023,5,7.84,Good,0,False
S01517,Shubham Pandey,shubham.pandey56@college.ac.in,AIML,2024,3,7.49,Good,0,False
S01518,Rohit Joshi,rohit.joshi40@college.ac.in,MECH,2025,2,6.37,Average,3,False
S01519,Imran Iyer,imran.iyer75@college.ac.in,CSE,2022,8,6.85,Average,3,False
S01520,Kavya Chauhan,kavya.chauhan98@college.ac.in,MECH,2023,5,5.17,At Risk,5,False
S01521,Rukhsar Verma,rukhsar.verma70@college.ac.in,ECE,2024,4,5.59,Average,5,False
S01522,Neha Krishnan,neha.krishnan23@college.ac.in,ECE,2023,6,5.69,Average,2,True
S01523,Harikrishna Patel,harikrishna.patel43@college.ac.in,CSE,2025,2,5.74,Average,4,True
S01524,Naveen Naidu,naveen.naidu42@college.ac.in,ECE,2023,6,6.13,Average,0,False
S01525,Varun Gopalakrishnan,varun.gopalakrishnan65@college.ac.in,MECH,2024,4,4.77,At Risk,3,True
S01526,Zainab Chauhan,zainab.chauhan28@college.ac.in,MECH,2023,6,6.06,Average,2,False
S01527,Athul Iyer,athul.iyer48@college.ac.in,ECE,2022,8,6.92,Average,0,False
S01528,Vishnu Verma,vishnu.verma77@college.ac.in,ECE,2023,5,4.99,At Risk,6,True
S01529,Ajith Shetty,ajith.shetty32@college.ac.in,CSE,2025,2,7.51,Good,0,False
S01530,Menon Iyengar,menon.iyengar95@college.ac.in,ECE,2022,8,7.52,Good,0,False
S01531,Pooja Nambiar,pooja.nambiar13@college.ac.in,MECH,2025,2,7.73,Good,3,False
S01532,Aditi Siddiqui,aditi.siddiqui69@college.ac.in,ECE,2024,4,6.6,Average,0,False
S01533,Sonal Gupta,sonal.gupta74@college.ac.in,MECH,2022,8,6.3,Average,0,False
S01534,Athul Subramaniam,athul.subramaniam26@college.ac.in,ECE,2022,8,7.26,Good,0,False
S01535,Aishwarya Shah,aishwarya.shah80@college.ac.in,MECH,2025,2,7.49,Good,0,False
S01536,Aman Rao,aman.rao98@college.ac.in,MECH,2024,4,8.08,Good,0,False
S01537,Nithish Bhat,nithish.bhat66@college.ac.in,MECH,2023,6,5.6,Average,2,False
S01538,Arjun Shetty,arjun.shetty81@college.ac.in,MECH,2024,4,7.22,Good,0,False
S01539,Adil Ansari,adil.ansari93@college.ac.in,ECE,2024,3,7.01,Good,3,False
S01540,Aman Khan,aman.khan73@college.ac.in,ECE,2023,6,5.48,At Risk,3,True
S01541,Fatima Arumugam,fatima.arumugam34@college.ac.in,CSE,2022,8,7.37,Good,0,False
S01542,Salman Chandrasekaran,salman.chandrasekaran69@college.ac.in,ECE,2024,4,7.51,Good,0,False
S01543,Sachin Venkataraman,sachin.venkataraman38@college.ac.in,MECH,2022,8,6.96,Average,0,False
S01544,Amina Pillai,amina.pillai88@college.ac.in,ECE,2022,8,7.65,Good,0,False
S01545,Aman Iyengar,aman.iyengar83@college.ac.in,MECH,2024,4,5.1,At Risk,3,True
S01546,Sachin Patel,sachin.patel31@college.ac.in,MECH,2024,3,6.2,Average,5,False
S01547,Rohit Joshi,rohit.joshi14@college.ac.in,CSE,2022,8,6.31,Average,0,False
S01548,Nadia Patel,nadia.patel78@college.ac.in,MECH,2022,8,6.03,Average,0,False
S01549,Rohit Mishra,rohit.mishra25@college.ac.in,AIML,2023,6,7.75,Good,0,False
S01550,Nair Selvam,nair.selvam60@college.ac.in,AIML,2024,4,5.63,Average,4,False
S01551,Ankit Murthy,ankit.murthy58@college.ac.in,AIML,2023,6,7.13,Good,0,False
S01552,Nithya Prasad,nithya.prasad67@college.ac.in,ECE,2025,2,6.63,Average,0,False
S01553,Anjali Rao,anjali.rao13@college.ac.in,MECH,2024,4,7.49,Good,4,False
S01554,Zubair Iyengar,zubair.iyengar21@college.ac.in,MECH,2023,6,6.81,Average,2,False
S01555,Ananya Gupta,ananya.gupta89@college.ac.in,AIML,2022,8,6.88,Average,0,False
S01556,Sanjay Venkataraman,sanjay.venkataraman73@college.ac.in,MECH,2025,2,4.11,At Risk,4,True
S01557,Ananya Selvam,ananya.selvam85@college.ac.in,ECE,2025,2,7.77,Good,0,False
S01558,Hiba Varma,hiba.varma36@college.ac.in,CSE,2022,8,8.02,Good,0,False
S01559,Aditi Qureshi,aditi.qureshi30@college.ac.in,ECE,2022,8,5.84,Average,4,False
S01560,Sana Verma,sana.verma32@college.ac.in,MECH,2025,2,4.62,At Risk,4,True
S01561,Swati Kulkarni,swati.kulkarni16@college.ac.in,ECE,2023,6,5.85,Average,3,True
S01562,Mohammed Mehta,mohammed.mehta56@college.ac.in,AIML,2025,2,7.03,Good,4,True
S01563,Jithin Subramaniam,jithin.subramaniam66@college.ac.in,MECH,2024,3,5.43,At Risk,3,False
S01564,Pillai Chetty,pillai.chetty73@college.ac.in,MECH,2022,8,5.0,At Risk,3,True
S01565,Pooja Warrier,pooja.warrier40@college.ac.in,CSE,2024,4,5.49,At Risk,3,True
S01566,Revathi Menon,revathi.menon81@college.ac.in,MECH,2023,5,6.33,Average,5,False
S01567,Junaid Desai,junaid.desai33@college.ac.in,ECE,2024,4,6.08,Average,0,False
S01568,Manoj Das,manoj.das82@college.ac.in,MECH,2022,8,5.55,Average,4,True
S01569,Kavya Kulkarni,kavya.kulkarni39@college.ac.in,MECH,2023,6,5.8,Average,1,False
S01570,Priya Yadav,priya.yadav17@college.ac.in,CSE,2022,8,7.85,Good,0,False
S01571,Vignesh Murugan,vignesh.murugan35@college.ac.in,CSE,2024,4,5.83,Average,4,True
S01572,Kritika Namboothiri,kritika.namboothiri24@college.ac.in,AIML,2025,2,5.2,At Risk,4,True
S01573,Rajesh Malik,rajesh.malik10@college.ac.in,MECH,2022,8,6.63,Average,3,False
S01574,Tanvi Naidu,tanvi.naidu71@college.ac.in,ECE,2024,4,6.41,Average,0,False
S01575,Harikrishna Chandrasekaran,harikrishna.chandrasekaran86@college.ac.in,CSE,2024,4,4.72,At Risk,4,False
S01576,Abhijith Menon,abhijith.menon25@college.ac.in,CSE,2023,5,7.27,Good,0,False
S01577,Pooja Singh,pooja.singh14@college.ac.in,CSE,2022,8,6.35,Average,3,True
S01578,Sneha Malik,sneha.malik39@college.ac.in,CSE,2025,2,7.2,Good,5,False
S01579,Pooja Iyengar,pooja.iyengar92@college.ac.in,ECE,2023,5,5.23,At Risk,4,False
S01580,Rizwan Kumar,rizwan.kumar73@college.ac.in,AIML,2023,6,6.78,Average,0,False
S01581,Nithish Verma,nithish.verma48@college.ac.in,ECE,2023,6,5.63,Average,3,True
S01582,Pallavi Rao,pallavi.rao59@college.ac.in,AIML,2023,6,6.82,Average,0,False
S01583,Gaurav Krishnan,gaurav.krishnan28@college.ac.in,CSE,2024,4,7.59,Good,0,False
S01584,Ankita Natarajan,ankita.natarajan59@college.ac.in,CSE,2023,6,8.07,Good,0,False
S01585,Vishnu Mishra,vishnu.mishra86@college.ac.in,MECH,2025,2,4.02,At Risk,5,True
S01586,Dinesh Rao,dinesh.rao59@college.ac.in,MECH,2024,4,6.82,Average,0,False
S01587,Prithviraj Sheikh,prithviraj.sheikh67@college.ac.in,AIML,2024,4,6.99,Average,4,False
S01588,Swathi Bhat,swathi.bhat28@college.ac.in,MECH,2025,2,4.62,At Risk,5,True
S01589,Nikhil Tiwari,nikhil.tiwari92@college.ac.in,AIML,2023,6,7.36,Good,0,False
S01590,Anjali Chauhan,anjali.chauhan36@college.ac.in,ECE,2024,4,7.15,Good,0,False
S01591,Anjali Menon,anjali.menon19@college.ac.in,CSE,2023,6,6.35,Average,3,False
S01592,Krishnan Naidu,krishnan.naidu78@college.ac.in,CSE,2024,4,6.67,Average,5,False
S01593,Hiba Prasad,hiba.prasad88@college.ac.in,AIML,2024,3,7.06,Good,0,False
S01594,Logesh Babu,logesh.babu47@college.ac.in,CSE,2023,5,6.33,Average,4,True
S01595,Farhan Nambiar,farhan.nambiar56@college.ac.in,AIML,2024,4,5.07,At Risk,2,True
S01596,Aamir Nair,aamir.nair55@college.ac.in,MECH,2023,6,6.79,Average,0,False
S01597,Karthik Menon,karthik.menon96@college.ac.in,AIML,2024,4,6.71,Average,0,False
S01598,Ravi Singh,ravi.singh41@college.ac.in,AIML,2022,8,6.71,Average,0,False
S01599,Mohammed Hegde,mohammed.hegde55@college.ac.in,AIML,2023,6,6.91,Average,0,False
S01600,Nithya Hussain,nithya.hussain62@college.ac.in,AIML,2025,2,6.34,Average,0,False
S01601,Lakshmi Mirza,lakshmi.mirza31@college.ac.in,ECE,2022,8,6.3,Average,1,False
S01602,Nikhil Menon,nikhil.menon98@college.ac.in,CSE,2023,6,6.3,Average,1,False
S01603,Faisal Chetty,faisal.chetty98@college.ac.in,MECH,2025,2,7.89,Good,0,False
S01604,Usman Kamath,usman.kamath80@college.ac.in,CSE,2022,8,6.78,Average,0,False
S01605,Amit Mehta,amit.mehta55@college.ac.in,ECE,2024,4,5.79,Average,5,True
S01606,Nair Nair,nair.nair35@college.ac.in,ECE,2024,4,6.7,Average,0,False
S01607,Rishita Warrier,rishita.warrier58@college.ac.in,AIML,2022,8,6.72,Average,1,False
S01608,Amina Arumugam,amina.arumugam80@college.ac.in,MECH,2025,2,7.15,Good,0,False
S01609,Prerna Velayudhan,prerna.velayudhan46@college.ac.in,MECH,2024,4,7.14,Good,0,False
S01610,Siddharth Pandey,siddharth.pandey63@college.ac.in,MECH,2024,3,7.89,Good,0,False
S01611,Menon Nair,menon.nair73@college.ac.in,MECH,2024,4,6.86,Average,0,False
S01612,Zubair Sharma,zubair.sharma95@college.ac.in,ECE,2023,6,7.47,Good,0,False
S01613,Jithin Hussain,jithin.hussain46@college.ac.in,CSE,2024,4,6.96,Average,0,False
S01614,Amal Nambiar,amal.nambiar54@college.ac.in,CSE,2023,6,7.66,Good,0,False
S01615,Riya Malik,riya.malik74@college.ac.in,ECE,2024,4,6.15,Average,2,True
S01616,Vikram Varma,vikram.varma13@college.ac.in,CSE,2025,2,5.37,At Risk,4,False
S01617,Imran Kamath,imran.kamath52@college.ac.in,CSE,2024,4,5.77,Average,1,False
S01618,Bilal Dubey,bilal.dubey32@college.ac.in,ECE,2024,4,7.26,Good,0,False
S01619,Harikrishna Das,harikrishna.das87@college.ac.in,ECE,2022,8,5.6,Average,1,True
S01620,Ravi Chetty,ravi.chetty46@college.ac.in,ECE,2023,6,6.36,Average,0,False
S01621,Babu Mehta,babu.mehta89@college.ac.in,MECH,2022,8,6.94,Average,0,False
S01622,Aamir Mirza,aamir.mirza90@college.ac.in,MECH,2023,6,5.38,At Risk,2,False
S01623,Neha Selvam,neha.selvam17@college.ac.in,AIML,2022,8,6.2,Average,5,False
S01624,Logesh Gupta,logesh.gupta66@college.ac.in,AIML,2024,4,6.84,Average,0,False
S01625,Aamir Patel,aamir.patel48@college.ac.in,CSE,2023,6,7.1,Good,0,False
S01626,Sathish Malik,sathish.malik10@college.ac.in,ECE,2025,2,8.74,Excellent,0,False
S01627,Ramya Hegde,ramya.hegde85@college.ac.in,AIML,2025,2,5.27,At Risk,5,True
S01628,Deepak Chandrasekaran,deepak.chandrasekaran84@college.ac.in,CSE,2024,4,5.98,Average,1,False
S01629,Logesh Nambiar,logesh.nambiar86@college.ac.in,MECH,2024,3,6.39,Average,0,False
S01630,Aishwarya Nair,aishwarya.nair45@college.ac.in,CSE,2025,2,5.15,At Risk,4,True
S01631,Nikhil Mishra,nikhil.mishra84@college.ac.in,AIML,2022,8,6.95,Average,1,False
S01632,Akash Bhat,akash.bhat72@college.ac.in,MECH,2022,8,6.03,Average,6,True
S01633,Faisal Qureshi,faisal.qureshi96@college.ac.in,ECE,2023,6,7.65,Good,0,False
S01634,Arun Gupta,arun.gupta22@college.ac.in,ECE,2022,8,6.28,Average,0,False
S01635,Akash Warrier,akash.warrier73@college.ac.in,AIML,2022,8,5.98,Average,3,False
S01636,Sanjay Reddy,sanjay.reddy68@college.ac.in,ECE,2024,4,5.89,Average,2,True
S01637,Naveen Shetty,naveen.shetty71@college.ac.in,CSE,2023,6,6.77,Average,1,False
S01638,Ramesh Chauhan,ramesh.chauhan14@college.ac.in,CSE,2024,4,7.02,Good,2,False
S01639,Farhan Patil,farhan.patil21@college.ac.in,CSE,2024,3,6.38,Average,0,False
S01640,Syed Das,syed.das44@college.ac.in,ECE,2023,6,5.58,Average,2,False
S01641,Revathi Sharma,revathi.sharma76@college.ac.in,CSE,2025,2,6.41,Average,6,True
S01642,Gaurav Chauhan,gaurav.chauhan22@college.ac.in,ECE,2023,6,5.94,Average,4,True
S01643,Deepak Desai,deepak.desai48@college.ac.in,ECE,2023,6,6.5,Average,0,False
S01644,Mohammed Rao,mohammed.rao17@college.ac.in,MECH,2024,4,5.66,Average,0,False
S01645,Pooja Chetty,pooja.chetty14@college.ac.in,ECE,2024,4,7.15,Good,5,False
S01646,Siddharth Murugan,siddharth.murugan83@college.ac.in,CSE,2023,6,8.24,Good,0,False
S01647,Nisha Patil,nisha.patil11@college.ac.in,CSE,2024,3,6.09,Average,0,False
S01648,Rajesh Shetty,rajesh.shetty44@college.ac.in,AIML,2025,2,7.4,Good,0,False
S01649,Madhan Chauhan,madhan.chauhan32@college.ac.in,MECH,2024,4,5.27,At Risk,2,False
S01650,Shubham Velayudhan,shubham.velayudhan56@college.ac.in,MECH,2025,2,7.14,Good,0,False
S01651,Akash Chetty,akash.chetty39@college.ac.in,ECE,2024,4,7.5,Good,0,False
S01652,Sonal Prasad,sonal.prasad37@college.ac.in,CSE,2024,4,6.63,Average,0,False
S01653,Abhijith Gupta,abhijith.gupta26@college.ac.in,AIML,2023,5,7.18,Good,0,False
S01654,Zubair Murugan,zubair.murugan82@college.ac.in,ECE,2023,6,5.42,At Risk,5,True
S01655,Prithviraj Pillai,prithviraj.pillai85@college.ac.in,ECE,2023,6,6.18,Average,0,False
S01656,Babu Qureshi,babu.qureshi77@college.ac.in,CSE,2022,8,7.19,Good,0,False
S01657,Ankita Arumugam,ankita.arumugam39@college.ac.in,MECH,2024,4,5.5,Average,3,False
S01658,Dinesh Kulkarni,dinesh.kulkarni24@college.ac.in,AIML,2022,8,6.47,Average,0,False
S01659,Shahid Chandrasekaran,shahid.chandrasekaran85@college.ac.in,CSE,2024,4,7.64,Good,0,False
S01660,Pallavi Chauhan,pallavi.chauhan79@college.ac.in,MECH,2023,6,5.34,At Risk,2,True
S01661,Menon Reddy,menon.reddy88@college.ac.in,AIML,2023,6,5.34,At Risk,4,True
S01662,Meena Iyengar,meena.iyengar76@college.ac.in,CSE,2024,4,6.28,Average,0,False
S01663,Nithya Tiwari,nithya.tiwari64@college.ac.in,MECH,2024,4,6.74,Average,0,False
S01664,Athul Bhat,athul.bhat98@college.ac.in,AIML,2023,6,6.17,Average,3,True
S01665,Keerthi Malik,keerthi.malik66@college.ac.in,AIML,2025,2,7.27,Good,0,False
S01666,Ramya Patel,ramya.patel15@college.ac.in,ECE,2024,4,4.74,At Risk,3,False
S01667,Jithin Rao,jithin.rao34@college.ac.in,ECE,2023,5,7.74,Good,0,False
S01668,Anjali Pillai,anjali.pillai34@college.ac.in,MECH,2022,8,6.9,Average,0,False
S01669,Sana Patil,sana.patil30@college.ac.in,ECE,2024,4,5.53,Average,3,True
S01670,Farhan Venkataraman,farhan.venkataraman60@college.ac.in,AIML,2023,6,6.26,Average,0,False
S01671,Zubair Natarajan,zubair.natarajan19@college.ac.in,AIML,2024,4,4.68,At Risk,4,True
S01672,Riya Murugan,riya.murugan47@college.ac.in,AIML,2023,6,7.61,Good,0,False
S01673,Riya Rao,riya.rao58@college.ac.in,MECH,2025,2,7.31,Good,4,False
S01674,Keerthi Pillai,keerthi.pillai48@college.ac.in,ECE,2022,8,6.04,Average,3,False
S01675,Junaid Prasad,junaid.prasad17@college.ac.in,MECH,2025,2,5.55,Average,3,False
S01676,Anjali Velayudhan,anjali.velayudhan15@college.ac.in,MECH,2022,8,6.8,Average,1,False
S01677,Sana Mishra,sana.mishra53@college.ac.in,AIML,2023,6,7.64,Good,0,False
S01678,Revathi Chetty,revathi.chetty35@college.ac.in,MECH,2023,6,6.79,Average,0,False
S01679,Siddharth Karunakaran,siddharth.karunakaran34@college.ac.in,MECH,2024,4,6.81,Average,0,False
S01680,Nithya Kulkarni,nithya.kulkarni97@college.ac.in,MECH,2024,4,6.51,Average,0,False
S01681,Nair Khan,nair.khan60@college.ac.in,MECH,2024,4,6.91,Average,0,False
S01682,Tarun Rao,tarun.rao63@college.ac.in,ECE,2024,4,6.2,Average,0,False
S01683,Ramesh Joshi,ramesh.joshi79@college.ac.in,AIML,2025,2,5.83,Average,5,False
S01684,Rizwan Nair,rizwan.nair84@college.ac.in,ECE,2024,4,7.61,Good,0,False
S01685,Manoj Bhat,manoj.bhat90@college.ac.in,AIML,2023,6,7.8,Good,0,False
S01686,Junaid Chandrasekaran,junaid.chandrasekaran58@college.ac.in,MECH,2024,3,7.2,Good,0,False
S01687,Shahid Kamath,shahid.kamath87@college.ac.in,ECE,2025,2,6.67,Average,4,False
S01688,Keerthi Chandrasekaran,keerthi.chandrasekaran70@college.ac.in,CSE,2023,6,8.17,Good,0,False
S01689,Vivek Ansari,vivek.ansari82@college.ac.in,MECH,2023,5,6.42,Average,5,True
S01690,Prithviraj Chandrasekaran,prithviraj.chandrasekaran83@college.ac.in,AIML,2024,3,6.96,Average,0,False
S01691,Naveen Selvam,naveen.selvam55@college.ac.in,MECH,2022,8,5.23,At Risk,5,True
S01692,Swati Varma,swati.varma25@college.ac.in,CSE,2024,3,6.33,Average,0,False
S01693,Nair Sheikh,nair.sheikh66@college.ac.in,AIML,2025,2,5.69,Average,3,True
S01694,Hiba Murthy,hiba.murthy39@college.ac.in,CSE,2024,4,7.0,Good,3,False
S01695,Fatima Karunakaran,fatima.karunakaran25@college.ac.in,CSE,2025,2,7.4,Good,0,False
S01696,Sathish Shetty,sathish.shetty37@college.ac.in,MECH,2023,6,5.85,Average,1,False
S01697,Kavya Kamath,kavya.kamath47@college.ac.in,CSE,2024,4,6.91,Average,0,False
S01698,Rajan Warrier,rajan.warrier88@college.ac.in,MECH,2024,4,6.98,Average,0,False
S01699,Rohit Kamath,rohit.kamath42@college.ac.in,AIML,2022,8,7.6,Good,0,False
S01700,Zainab Arumugam,zainab.arumugam38@college.ac.in,CSE,2023,6,6.4,Average,3,True
S01701,Meena Karunakaran,meena.karunakaran11@college.ac.in,CSE,2024,4,5.57,Average,6,True
S01702,Rajan Singh,rajan.singh73@college.ac.in,CSE,2025,2,7.96,Good,0,False
S01703,Lakshmi Bhat,lakshmi.bhat50@college.ac.in,ECE,2023,6,6.21,Average,3,False
S01704,Shubham Namboothiri,shubham.namboothiri83@college.ac.in,ECE,2025,2,6.22,Average,5,False
S01705,Rahul Malik,rahul.malik60@college.ac.in,MECH,2024,4,7.48,Good,0,False
S01706,Nair Krishnan,nair.krishnan71@college.ac.in,CSE,2024,4,6.8,Average,0,False
S01707,Rukhsar Bhat,rukhsar.bhat39@college.ac.in,AIML,2025,2,6.39,Average,0,False
S01708,Ravi Mishra,ravi.mishra31@college.ac.in,CSE,2023,6,7.18,Good,0,False
S01709,Imran Natarajan,imran.natarajan51@college.ac.in,ECE,2022,8,7.98,Good,0,False
S01710,Tarun Gupta,tarun.gupta65@college.ac.in,AIML,2025,2,3.44,At Risk,3,False
S01711,Mohammed Subramaniam,mohammed.subramaniam99@college.ac.in,MECH,2025,2,5.85,Average,1,False
S01712,Pillai Mishra,pillai.mishra36@college.ac.in,CSE,2025,2,7.69,Good,0,False
S01713,Ramya Selvam,ramya.selvam92@college.ac.in,CSE,2023,6,6.66,Average,1,False
S01714,Surya Verma,surya.verma39@college.ac.in,ECE,2022,8,5.79,Average,4,False
S01715,Ayesha Patil,ayesha.patil47@college.ac.in,MECH,2023,6,5.7,Average,3,True
S01716,Sathish Rajan,sathish.rajan28@college.ac.in,AIML,2023,6,7.48,Good,0,False
S01717,Irfan Malik,irfan.malik13@college.ac.in,ECE,2024,4,4.76,At Risk,6,True
S01718,Fatima Mehta,fatima.mehta79@college.ac.in,CSE,2024,4,7.94,Good,0,False
S01719,Meena Rao,meena.rao46@college.ac.in,CSE,2022,8,7.99,Good,0,False
S01720,Asif Murugan,asif.murugan23@college.ac.in,MECH,2023,6,7.07,Good,0,False
S01721,Avinash Desai,avinash.desai54@college.ac.in,AIML,2024,4,6.32,Average,1,True
S01722,Imran Ansari,imran.ansari46@college.ac.in,MECH,2024,4,5.88,Average,1,True
S01723,Prerna Dubey,prerna.dubey45@college.ac.in,ECE,2023,6,7.73,Good,0,False
S01724,Deepak Bhat,deepak.bhat96@college.ac.in,CSE,2023,6,7.75,Good,0,False
S01725,Syed Tiwari,syed.tiwari66@college.ac.in,AIML,2024,4,6.72,Average,0,False
S01726,Nisha Murugan,nisha.murugan23@college.ac.in,MECH,2024,3,7.13,Good,5,False
S01727,Nair Warrier,nair.warrier86@college.ac.in,ECE,2023,6,6.39,Average,2,True
S01728,Sreejith Prasad,sreejith.prasad43@college.ac.in,CSE,2024,4,6.04,Average,2,True
S01729,Pooja Nambiar,pooja.nambiar14@college.ac.in,ECE,2025,2,3.73,At Risk,6,True
S01730,Ananya Velayudhan,ananya.velayudhan41@college.ac.in,CSE,2024,3,7.88,Good,4,False
S01731,Prithviraj Krishnan,prithviraj.krishnan28@college.ac.in,AIML,2024,4,5.13,At Risk,2,True
S01732,Naveen Shah,naveen.shah47@college.ac.in,CSE,2023,6,6.12,Average,3,True
S01733,Varun Varma,varun.varma10@college.ac.in,CSE,2022,8,7.28,Good,0,False
S01734,Faisal Das,faisal.das50@college.ac.in,MECH,2023,5,5.47,At Risk,5,True
S01735,Krishnan Siddiqui,krishnan.siddiqui50@college.ac.in,MECH,2023,5,5.61,Average,4,False
S01736,Akash Desai,akash.desai93@college.ac.in,ECE,2023,6,5.26,At Risk,6,True
S01737,Aditi Reddy,aditi.reddy95@college.ac.in,ECE,2023,5,6.57,Average,0,False
S01738,Harish Kulkarni,harish.kulkarni28@college.ac.in,MECH,2023,6,6.0,Average,0,False
S01739,Tarun Naidu,tarun.naidu15@college.ac.in,MECH,2024,3,6.19,Average,0,False
S01740,Akash Prasad,akash.prasad92@college.ac.in,MECH,2025,2,7.12,Good,5,True
S01741,Syed Ansari,syed.ansari22@college.ac.in,MECH,2025,2,6.91,Average,0,False
S01742,Deepak Verma,deepak.verma32@college.ac.in,ECE,2024,3,4.78,At Risk,4,True
S01743,Jithin Mirza,jithin.mirza54@college.ac.in,CSE,2022,8,6.03,Average,4,False
S01744,Shubham Bhat,shubham.bhat92@college.ac.in,MECH,2023,5,6.82,Average,0,False
S01745,Pallavi Kulkarni,pallavi.kulkarni58@college.ac.in,AIML,2023,5,7.5,Good,0,False
S01746,Swathi Prasad,swathi.prasad89@college.ac.in,ECE,2024,4,4.7,At Risk,3,True
S01747,Manoj Tiwari,manoj.tiwari24@college.ac.in,MECH,2025,2,7.33,Good,0,False
S01748,Simran Mirza,simran.mirza32@college.ac.in,CSE,2024,4,5.75,Average,2,False
S01749,Suresh Iyer,suresh.iyer52@college.ac.in,MECH,2023,6,5.77,Average,5,True
S01750,Vijay Patil,vijay.patil89@college.ac.in,ECE,2024,4,5.27,At Risk,3,True
S01751,Aditi Babu,aditi.babu98@college.ac.in,CSE,2025,2,7.27,Good,0,False
S01752,Aamir Gopalakrishnan,aamir.gopalakrishnan42@college.ac.in,ECE,2022,8,6.13,Average,3,False
S01753,Revathi Chetty,revathi.chetty89@college.ac.in,ECE,2023,6,5.82,Average,3,True
S01754,Karthik Naidu,karthik.naidu75@college.ac.in,ECE,2022,8,6.36,Average,0,False
S01755,Priya Joshi,priya.joshi19@college.ac.in,MECH,2023,6,6.61,Average,4,False
S01756,Suresh Hegde,suresh.hegde41@college.ac.in,MECH,2025,2,6.56,Average,0,False
S01757,Abhijith Krishnan,abhijith.krishnan12@college.ac.in,AIML,2024,4,5.06,At Risk,6,True
S01758,Menon Verma,menon.verma71@college.ac.in,MECH,2025,2,8.15,Good,0,False
S01759,Sana Desai,sana.desai73@college.ac.in,MECH,2024,3,4.67,At Risk,4,False
S01760,Simran Ansari,simran.ansari46@college.ac.in,MECH,2023,5,6.22,Average,5,False
S01761,Neha Chauhan,neha.chauhan80@college.ac.in,AIML,2024,3,7.13,Good,0,False
S01762,Nisha Chandrasekaran,nisha.chandrasekaran73@college.ac.in,AIML,2025,2,6.22,Average,0,False
S01763,Tarun Reddy,tarun.reddy30@college.ac.in,MECH,2023,6,5.8,Average,4,False
S01764,Ajith Pandey,ajith.pandey11@college.ac.in,MECH,2024,4,5.86,Average,3,True
S01765,Abhijith Patil,abhijith.patil90@college.ac.in,CSE,2022,8,8.33,Good,0,False
S01766,Vignesh Reddy,vignesh.reddy23@college.ac.in,CSE,2022,8,7.25,Good,0,False
S01767,Mohammed Shetty,mohammed.shetty48@college.ac.in,ECE,2022,8,4.92,At Risk,6,True
S01768,Vignesh Ansari,vignesh.ansari172@college.ac.in,AIML,2025,2,7.93,Good,0,False
S01769,Prerna Ansari,prerna.ansari60@college.ac.in,CSE,2023,6,5.94,Average,6,True
S01770,Rohit Desai,rohit.desai88@college.ac.in,ECE,2023,6,7.09,Good,0,False
S01771,Arun Khan,arun.khan47@college.ac.in,AIML,2024,3,6.81,Average,0,False
S01772,Gaurav Menon,gaurav.menon96@college.ac.in,MECH,2022,8,5.88,Average,2,True
S01773,Saranya Patil,saranya.patil74@college.ac.in,ECE,2025,2,5.93,Average,4,False
S01774,Madhan Desai,madhan.desai99@college.ac.in,ECE,2023,6,6.68,Average,0,False
S01775,Athul Gupta,athul.gupta83@college.ac.in,MECH,2025,2,5.32,At Risk,4,True
S01776,Simran Shetty,simran.shetty36@college.ac.in,AIML,2025,2,7.23,Good,4,False
S01777,Arjun Patel,arjun.patel28@college.ac.in,AIML,2023,5,6.84,Average,0,False
S01778,Deepak Malik,deepak.malik60@college.ac.in,CSE,2024,4,7.03,Good,2,False
S01779,Ajith Nair,ajith.nair80@college.ac.in,ECE,2022,8,5.58,Average,4,False
S01780,Gaurav Arumugam,gaurav.arumugam48@college.ac.in,MECH,2025,2,7.81,Good,0,False
S01781,Ravi Rao,ravi.rao82@college.ac.in,MECH,2025,2,6.95,Average,3,False
S01782,Vijay Natarajan,vijay.natarajan28@college.ac.in,ECE,2022,8,5.64,Average,4,True
S01783,Athul Shah,athul.shah52@college.ac.in,MECH,2022,8,5.95,Average,1,True
S01784,Imran Subramaniam,imran.subramaniam59@college.ac.in,ECE,2022,8,5.57,Average,2,True
S01785,Sana Pandey,sana.pandey72@college.ac.in,AIML,2022,8,7.97,Good,0,False
S01786,Pooja Sharma,pooja.sharma51@college.ac.in,ECE,2022,8,5.2,At Risk,4,True
S01787,Faisal Venkataraman,faisal.venkataraman57@college.ac.in,ECE,2023,5,5.39,At Risk,3,True
S01788,Rizwan Patel,rizwan.patel14@college.ac.in,ECE,2023,6,7.0,Good,0,False
S01789,Karthik Venkataraman,karthik.venkataraman83@college.ac.in,ECE,2025,2,7.26,Good,3,True
S01790,Harish Shah,harish.shah79@college.ac.in,AIML,2024,4,7.33,Good,0,False
S01791,Pooja Khan,pooja.khan28@college.ac.in,CSE,2025,2,4.89,At Risk,5,True
S01792,Amit Gopalakrishnan,amit.gopalakrishnan69@college.ac.in,AIML,2025,2,6.29,Average,0,False
S01793,Amal Iyer,amal.iyer86@college.ac.in,MECH,2023,6,4.58,At Risk,2,True
S01794,Mohammed Tiwari,mohammed.tiwari18@college.ac.in,AIML,2024,3,5.84,Average,3,False
S01795,Zainab Kumar,zainab.kumar63@college.ac.in,CSE,2025,2,6.56,Average,6,False
S01796,Nithish Das,nithish.das57@college.ac.in,MECH,2022,8,6.86,Average,0,False
S01797,Ramya Natarajan,ramya.natarajan67@college.ac.in,ECE,2023,6,5.32,At Risk,4,False
S01798,Harikrishna Chauhan,harikrishna.chauhan50@college.ac.in,AIML,2024,4,6.37,Average,4,False
S01799,Fatima Qureshi,fatima.qureshi20@college.ac.in,ECE,2022,8,5.83,Average,2,True
S01800,Ravi Iyer,ravi.iyer45@college.ac.in,CSE,2025,2,7.71,Good,0,False
S01801,Ramya Murthy,ramya.murthy72@college.ac.in,CSE,2022,8,6.66,Average,0,False
S01802,Gaurav Arumugam,gaurav.arumugam73@college.ac.in,CSE,2023,5,7.3,Good,0,False
S01803,Dhanush Patel,dhanush.patel99@college.ac.in,MECH,2022,8,7.82,Good,0,False
S01804,Junaid Naidu,junaid.naidu87@college.ac.in,MECH,2024,4,6.12,Average,0,False
S01805,Shahid Patel,shahid.patel71@college.ac.in,AIML,2022,8,6.55,Average,0,False
S01806,Adil Sheikh,adil.sheikh82@college.ac.in,AIML,2022,8,6.87,Average,0,False
S01807,Vignesh Joshi,vignesh.joshi41@college.ac.in,CSE,2025,2,7.79,Good,0,False
S01808,Harish Dubey,harish.dubey56@college.ac.in,CSE,2023,6,7.84,Good,0,False
S01809,Pooja Pillai,pooja.pillai78@college.ac.in,MECH,2025,2,6.68,Average,3,False
S01810,Nithish Yadav,nithish.yadav32@college.ac.in,MECH,2022,8,5.06,At Risk,4,False
S01811,Siddharth Pillai,siddharth.pillai86@college.ac.in,AIML,2025,2,7.35,Good,0,False
S01812,Nithish Sharma,nithish.sharma87@college.ac.in,AIML,2022,8,7.71,Good,0,False
S01813,Riya Reddy,riya.reddy54@college.ac.in,AIML,2025,2,5.3,At Risk,5,True
S01814,Saranya Das,saranya.das60@college.ac.in,MECH,2022,8,7.26,Good,0,False
S01815,Nikhil Siddiqui,nikhil.siddiqui79@college.ac.in,CSE,2022,8,7.74,Good,0,False
S01816,Lakshmi Subramaniam,lakshmi.subramaniam86@college.ac.in,CSE,2024,4,6.92,Average,0,False
S01817,Rizwan Yadav,rizwan.yadav81@college.ac.in,MECH,2024,3,6.35,Average,3,False
S01818,Dhanush Sharma,dhanush.sharma56@college.ac.in,ECE,2024,4,6.42,Average,0,False
S01819,Swathi Gopalakrishnan,swathi.gopalakrishnan78@college.ac.in,AIML,2023,6,6.48,Average,0,False
S01820,Pillai Nambiar,pillai.nambiar45@college.ac.in,ECE,2024,4,7.61,Good,0,False
S01821,Amit Ansari,amit.ansari38@college.ac.in,CSE,2022,8,7.91,Good,0,False
S01822,Saranya Karunakaran,saranya.karunakaran53@college.ac.in,AIML,2025,2,6.11,Average,2,False
S01823,Arjun Das,arjun.das58@college.ac.in,ECE,2024,4,6.12,Average,0,False
S01824,Salman Mishra,salman.mishra43@college.ac.in,ECE,2024,4,7.86,Good,4,False
S01825,Simran Chetty,simran.chetty64@college.ac.in,MECH,2023,6,6.65,Average,0,False
S01826,Ananya Chauhan,ananya.chauhan26@college.ac.in,AIML,2025,2,5.54,Average,3,True
S01827,Kritika Sheikh,kritika.sheikh80@college.ac.in,AIML,2025,2,7.04,Good,0,False
S01828,Sanjay Nair,sanjay.nair21@college.ac.in,CSE,2022,8,6.25,Average,3,True
S01829,Deepak Das,deepak.das28@college.ac.in,ECE,2022,8,6.85,Average,0,False
S01830,Logesh Mirza,logesh.mirza92@college.ac.in,ECE,2025,2,6.02,Average,0,False
S01831,Aishwarya Rao,aishwarya.rao44@college.ac.in,AIML,2025,2,5.84,Average,3,True
S01832,Aman Patil,aman.patil52@college.ac.in,MECH,2024,4,6.51,Average,0,False
S01833,Naveen Rajan,naveen.rajan41@college.ac.in,CSE,2024,3,6.87,Average,0,False
S01834,Sneha Nambiar,sneha.nambiar74@college.ac.in,CSE,2023,6,6.68,Average,0,False
S01835,Aditi Chauhan,aditi.chauhan54@college.ac.in,MECH,2025,2,6.56,Average,1,False
S01836,Arjun Warrier,arjun.warrier49@college.ac.in,AIML,2025,2,4.94,At Risk,4,True
S01837,Arun Krishnan,arun.krishnan58@college.ac.in,CSE,2022,8,6.72,Average,3,False
S01838,Shreya Nambiar,shreya.nambiar90@college.ac.in,MECH,2025,2,5.15,At Risk,2,True
S01839,Junaid Namboothiri,junaid.namboothiri40@college.ac.in,AIML,2022,8,6.9,Average,5,True
S01840,Kritika Velayudhan,kritika.velayudhan76@college.ac.in,ECE,2023,6,4.57,At Risk,2,True
S01841,Ananya Pillai,ananya.pillai76@college.ac.in,MECH,2024,3,6.85,Average,0,False
S01842,Vikram Kulkarni,vikram.kulkarni12@college.ac.in,AIML,2024,4,7.96,Good,0,False
S01843,Meena Warrier,meena.warrier24@college.ac.in,CSE,2024,4,6.96,Average,0,False
S01844,Farhan Pillai,farhan.pillai17@college.ac.in,ECE,2024,3,4.82,At Risk,5,True
S01845,Pooja Chauhan,pooja.chauhan96@college.ac.in,AIML,2025,2,5.69,Average,5,True
S01846,Harish Namboothiri,harish.namboothiri15@college.ac.in,MECH,2023,5,7.57,Good,0,False
S01847,Salman Patil,salman.patil58@college.ac.in,ECE,2023,6,7.82,Good,0,False
S01848,Asif Krishnan,asif.krishnan62@college.ac.in,AIML,2023,6,8.13,Good,0,False
S01849,Rohit Kumar,rohit.kumar18@college.ac.in,CSE,2024,4,6.96,Average,0,False
S01850,Sathish Malik,sathish.malik19@college.ac.in,CSE,2023,6,7.59,Good,0,False
S01851,Menon Hegde,menon.hegde67@college.ac.in,ECE,2024,3,8.13,Good,0,False
S01852,Arjun Velayudhan,arjun.velayudhan69@college.ac.in,MECH,2024,4,6.46,Average,0,False
S01853,Vivek Ansari,vivek.ansari68@college.ac.in,CSE,2025,2,7.94,Good,0,False
S01854,Swathi Pillai,swathi.pillai78@college.ac.in,MECH,2024,4,6.63,Average,0,False
S01855,Dhanush Singh,dhanush.singh23@college.ac.in,ECE,2024,4,6.0,Average,0,False
S01856,Siddharth Bhat,siddharth.bhat40@college.ac.in,MECH,2022,8,6.45,Average,0,False
S01857,Nadia Velayudhan,nadia.velayudhan56@college.ac.in,MECH,2024,4,4.98,At Risk,2,False
S01858,Anjali Qureshi,anjali.qureshi43@college.ac.in,CSE,2024,4,7.13,Good,0,False
S01859,Vijay Patil,vijay.patil99@college.ac.in,CSE,2023,6,7.1,Good,0,False
S01860,Asif Gopalakrishnan,asif.gopalakrishnan29@college.ac.in,MECH,2025,2,6.07,Average,3,True
S01861,Sneha Pandey,sneha.pandey94@college.ac.in,AIML,2023,6,6.88,Average,0,False
S01862,Anjali Hussain,anjali.hussain99@college.ac.in,MECH,2023,6,5.39,At Risk,4,True
S01863,Mansi Qureshi,mansi.qureshi45@college.ac.in,ECE,2025,2,6.46,Average,4,False
S01864,Avinash Menon,avinash.menon37@college.ac.in,MECH,2023,6,5.42,At Risk,1,False
S01865,Shreya Chetty,shreya.chetty31@college.ac.in,AIML,2023,6,5.8,Average,4,False
S01866,Pillai Varma,pillai.varma56@college.ac.in,AIML,2024,4,5.0,At Risk,5,True
S01867,Imran Varma,imran.varma82@college.ac.in,AIML,2023,6,6.05,Average,0,False
S01868,Menon Krishnan,menon.krishnan94@college.ac.in,CSE,2023,6,7.75,Good,0,False
S01869,Divya Kamath,divya.kamath76@college.ac.in,ECE,2023,6,6.7,Average,5,False
S01870,Gaurav Das,gaurav.das44@college.ac.in,MECH,2022,8,5.57,Average,6,True
S01871,Deepak Venkataraman,deepak.venkataraman29@college.ac.in,CSE,2023,6,5.87,Average,6,False
S01872,Junaid Murthy,junaid.murthy86@college.ac.in,CSE,2023,6,6.3,Average,0,False
S01873,Adil Namboothiri,adil.namboothiri18@college.ac.in,MECH,2025,2,7.75,Good,0,False
S01874,Amit Rajan,amit.rajan46@college.ac.in,CSE,2022,8,6.28,Average,0,False
S01875,Vijay Warrier,vijay.warrier61@college.ac.in,CSE,2022,8,7.08,Good,0,False
S01876,Nair Chandrasekaran,nair.chandrasekaran84@college.ac.in,MECH,2023,6,5.35,At Risk,6,False
S01877,Vivek Mishra,vivek.mishra36@college.ac.in,MECH,2023,6,5.55,Average,2,True
S01878,Prithviraj Rajan,prithviraj.rajan26@college.ac.in,MECH,2024,4,6.55,Average,0,False
S01879,Harish Das,harish.das98@college.ac.in,MECH,2022,8,7.69,Good,0,False
S01880,Revathi Pillai,revathi.pillai91@college.ac.in,AIML,2024,4,7.75,Good,0,False
S01881,Ganesh Iyengar,ganesh.iyengar44@college.ac.in,CSE,2023,6,7.23,Good,5,False
S01882,Arun Menon,arun.menon91@college.ac.in,CSE,2022,8,6.75,Average,0,False
S01883,Pooja Rao,pooja.rao64@college.ac.in,MECH,2025,2,6.28,Average,4,False
S01884,Prerna Mirza,prerna.mirza21@college.ac.in,AIML,2022,8,6.99,Average,0,False
S01885,Saranya Siddiqui,saranya.siddiqui60@college.ac.in,AIML,2025,2,4.74,At Risk,5,True
S01886,Aditi Tiwari,aditi.tiwari25@college.ac.in,CSE,2025,2,6.88,Average,0,False
S01887,Rahul Kulkarni,rahul.kulkarni88@college.ac.in,ECE,2024,4,5.59,Average,0,False
S01888,Aamir Bhat,aamir.bhat77@college.ac.in,CSE,2024,4,6.74,Average,6,False
S01889,Arun Arumugam,arun.arumugam34@college.ac.in,ECE,2024,3,7.85,Good,0,False
S01890,Amal Iyer,amal.iyer90@college.ac.in,MECH,2025,2,6.94,Average,0,False
S01891,Adil Khan,adil.khan76@college.ac.in,AIML,2023,6,7.29,Good,0,False
S01892,Babu Varma,babu.varma36@college.ac.in,MECH,2024,4,5.54,Average,1,True
S01893,Zainab Mehta,zainab.mehta76@college.ac.in,AIML,2024,4,4.88,At Risk,3,True
S01894,Shubham Das,shubham.das28@college.ac.in,CSE,2025,2,6.19,Average,3,True
S01895,Riya Subramaniam,riya.subramaniam10@college.ac.in,AIML,2022,8,5.8,Average,6,False
S01896,Harikrishna Naidu,harikrishna.naidu17@college.ac.in,CSE,2023,6,7.82,Good,0,False
S01897,Naveen Murthy,naveen.murthy17@college.ac.in,AIML,2024,4,5.51,Average,1,True
S01898,Athul Dubey,athul.dubey10@college.ac.in,CSE,2025,2,6.94,Average,4,False
S01899,Rizwan Qureshi,rizwan.qureshi82@college.ac.in,AIML,2024,4,5.79,Average,2,True
S01900,Sanjay Kamath,sanjay.kamath81@college.ac.in,CSE,2023,6,6.33,Average,1,True
S01901,Arun Siddiqui,arun.siddiqui53@college.ac.in,ECE,2023,5,7.13,Good,0,False
S01902,Pallavi Pillai,pallavi.pillai12@college.ac.in,ECE,2024,4,6.49,Average,1,False
S01903,Menon Gopalakrishnan,menon.gopalakrishnan61@college.ac.in,MECH,2023,6,6.47,Average,1,False
S01904,Varun Gopalakrishnan,varun.gopalakrishnan98@college.ac.in,CSE,2024,4,6.75,Average,0,False
S01905,Pallavi Rao,pallavi.rao38@college.ac.in,MECH,2023,6,6.47,Average,0,False
S01906,Karthik Bhat,karthik.bhat82@college.ac.in,MECH,2024,4,5.65,Average,3,True
S01907,Hiba Murthy,hiba.murthy54@college.ac.in,ECE,2025,2,5.23,At Risk,2,True
S01908,Saranya Babu,saranya.babu89@college.ac.in,MECH,2024,4,4.97,At Risk,5,True
S01909,Amal Reddy,amal.reddy34@college.ac.in,ECE,2024,4,7.29,Good,0,False
S01910,Sathish Rajan,sathish.rajan51@college.ac.in,CSE,2023,6,7.87,Good,2,False
S01911,Irfan Siddiqui,irfan.siddiqui11@college.ac.in,AIML,2024,4,7.51,Good,4,False
S01912,Akash Kulkarni,akash.kulkarni90@college.ac.in,CSE,2023,6,7.79,Good,0,False
S01913,Simran Pillai,simran.pillai33@college.ac.in,CSE,2023,6,5.93,Average,4,True
S01914,Nadia Gupta,nadia.gupta90@college.ac.in,CSE,2022,8,8.04,Good,0,False
S01915,Revathi Yadav,revathi.yadav22@college.ac.in,MECH,2025,2,7.93,Good,0,False
S01916,Manoj Varma,manoj.varma81@college.ac.in,ECE,2024,4,7.98,Good,0,False
S01917,Swati Hussain,swati.hussain60@college.ac.in,CSE,2023,6,7.34,Good,0,False
S01918,Kavya Rao,kavya.rao45@college.ac.in,ECE,2022,8,6.7,Average,3,False
S01919,Divya Kumar,divya.kumar76@college.ac.in,CSE,2022,8,5.79,Average,4,False
S01920,Ankita Joshi,ankita.joshi53@college.ac.in,CSE,2025,2,4.93,At Risk,2,True
S01921,Irfan Warrier,irfan.warrier48@college.ac.in,CSE,2023,5,6.97,Average,0,False
S01922,Pillai Pillai,pillai.pillai92@college.ac.in,MECH,2025,2,6.0,Average,4,True
S01923,Fatima Hegde,fatima.hegde45@college.ac.in,MECH,2023,6,4.52,At Risk,5,True
S01924,Harikrishna Venkataraman,harikrishna.venkataraman59@college.ac.in,ECE,2024,4,6.78,Average,0,False
S01925,Nithish Murugan,nithish.murugan44@college.ac.in,AIML,2024,4,6.23,Average,4,False
S01926,Naveen Kumar,naveen.kumar13@college.ac.in,ECE,2023,6,6.71,Average,2,False
S01927,Tarun Babu,tarun.babu44@college.ac.in,MECH,2025,2,7.4,Good,0,False
S01928,Vishnu Chandrasekaran,vishnu.chandrasekaran70@college.ac.in,ECE,2023,6,6.44,Average,2,True
S01929,Divya Reddy,divya.reddy36@college.ac.in,ECE,2023,5,7.01,Good,0,False
S01930,Tanvi Murthy,tanvi.murthy92@college.ac.in,CSE,2024,3,5.85,Average,3,True
S01931,Divya Rajan,divya.rajan19@college.ac.in,AIML,2024,4,7.31,Good,0,False
S01932,Syed Varma,syed.varma62@college.ac.in,MECH,2024,3,6.96,Average,0,False
S01933,Shreya Chandrasekaran,shreya.chandrasekaran92@college.ac.in,AIML,2023,5,6.52,Average,5,False
S01934,Zubair Varma,zubair.varma94@college.ac.in,ECE,2023,5,5.67,Average,3,False
S01935,Prerna Mishra,prerna.mishra25@college.ac.in,MECH,2023,6,6.21,Average,0,False
S01936,Rishita Sharma,rishita.sharma34@college.ac.in,MECH,2023,6,6.67,Average,0,False
S01937,Sachin Karunakaran,sachin.karunakaran80@college.ac.in,AIML,2025,2,7.03,Good,0,False
S01938,Harish Singh,harish.singh21@college.ac.in,ECE,2025,2,7.34,Good,0,False
S01939,Faisal Siddiqui,faisal.siddiqui62@college.ac.in,AIML,2024,4,7.39,Good,0,False
S01940,Tarun Rajan,tarun.rajan77@college.ac.in,ECE,2022,8,6.92,Average,3,True
S01941,Naveen Patil,naveen.patil76@college.ac.in,ECE,2023,5,6.75,Average,0,False
S01942,Imran Krishnan,imran.krishnan66@college.ac.in,AIML,2023,6,7.33,Good,0,False
S01943,Dinesh Patel,dinesh.patel82@college.ac.in,AIML,2023,6,5.61,Average,2,True
S01944,Surya Selvam,surya.selvam64@college.ac.in,MECH,2024,4,5.52,Average,6,True
S01945,Harish Naidu,harish.naidu18@college.ac.in,MECH,2024,4,6.22,Average,0,False
S01946,Tarun Sharma,tarun.sharma58@college.ac.in,MECH,2024,4,6.35,Average,0,False
S01947,Aishwarya Velayudhan,aishwarya.velayudhan27@college.ac.in,MECH,2023,6,5.87,Average,5,True
S01948,Aditi Chauhan,aditi.chauhan33@college.ac.in,CSE,2023,6,7.81,Good,0,False
S01949,Amal Malik,amal.malik57@college.ac.in,AIML,2022,8,7.35,Good,0,False
S01950,Lakshmi Joshi,lakshmi.joshi44@college.ac.in,CSE,2025,2,5.89,Average,5,False
S01951,Tanvi Murugan,tanvi.murugan30@college.ac.in,CSE,2025,2,7.78,Good,0,False
S01952,Ravi Pandey,ravi.pandey51@college.ac.in,CSE,2024,4,8.17,Good,0,False
S01953,Nair Gopalakrishnan,nair.gopalakrishnan55@college.ac.in,CSE,2024,4,7.31,Good,0,False
S01954,Bilal Singh,bilal.singh79@college.ac.in,CSE,2022,8,6.4,Average,3,True
S01955,Ankit Mirza,ankit.mirza57@college.ac.in,CSE,2022,8,5.16,At Risk,2,True
S01956,Zainab Hegde,zainab.hegde64@college.ac.in,MECH,2022,8,7.65,Good,3,False
S01957,Imran Patel,imran.patel74@college.ac.in,MECH,2022,8,6.37,Average,4,False
S01958,Imran Natarajan,imran.natarajan73@college.ac.in,AIML,2023,6,7.1,Good,0,False
S01959,Ravi Patel,ravi.patel75@college.ac.in,ECE,2024,4,7.18,Good,0,False
S01960,Pooja Nair,pooja.nair94@college.ac.in,MECH,2024,4,7.22,Good,0,False
S01961,Asif Chauhan,asif.chauhan40@college.ac.in,CSE,2023,6,6.11,Average,5,True
S01962,Rajan Arumugam,rajan.arumugam19@college.ac.in,CSE,2022,8,6.08,Average,6,True
S01963,Naveen Patil,naveen.patil69@college.ac.in,ECE,2024,4,7.29,Good,2,False
S01964,Mansi Dubey,mansi.dubey55@college.ac.in,MECH,2025,2,5.61,Average,3,True
S01965,Mohammed Karunakaran,mohammed.karunakaran28@college.ac.in,MECH,2023,6,6.78,Average,1,False
S01966,Nisha Hegde,nisha.hegde66@college.ac.in,ECE,2025,2,7.43,Good,0,False
S01967,Nithish Chetty,nithish.chetty58@college.ac.in,MECH,2023,5,8.17,Good,0,False
S01968,Arjun Krishnan,arjun.krishnan93@college.ac.in,CSE,2023,6,7.47,Good,0,False
S01969,Rohit Hegde,rohit.hegde54@college.ac.in,ECE,2023,6,6.84,Average,0,False
S01970,Rukhsar Nambiar,rukhsar.nambiar94@college.ac.in,AIML,2023,6,7.04,Good,0,False
S01971,Deepak Siddiqui,deepak.siddiqui17@college.ac.in,CSE,2024,4,6.7,Average,0,False
S01972,Jithin Kamath,jithin.kamath28@college.ac.in,AIML,2022,8,7.26,Good,0,False
S01973,Ankit Shetty,ankit.shetty69@college.ac.in,MECH,2022,8,7.34,Good,0,False
S01974,Syed Pandey,syed.pandey72@college.ac.in,MECH,2025,2,4.95,At Risk,5,True
S01975,Adil Mirza,adil.mirza20@college.ac.in,ECE,2023,6,7.85,Good,0,False
S01976,Suresh Chetty,suresh.chetty34@college.ac.in,CSE,2023,6,7.24,Good,0,False
S01977,Swathi Subramaniam,swathi.subramaniam70@college.ac.in,MECH,2025,2,7.18,Good,0,False
S01978,Dinesh Iyer,dinesh.iyer97@college.ac.in,CSE,2024,3,5.2,At Risk,4,True
S01979,Ajith Rajan,ajith.rajan89@college.ac.in,MECH,2024,4,5.78,Average,5,False
S01980,Praveen Joshi,praveen.joshi54@college.ac.in,AIML,2023,6,7.53,Good,0,False
S01981,Ramya Murugan,ramya.murugan87@college.ac.in,CSE,2025,2,6.27,Average,2,True
S01982,Nithya Namboothiri,nithya.namboothiri10@college.ac.in,CSE,2022,8,6.48,Average,0,False
S01983,Rohit Mirza,rohit.mirza31@college.ac.in,MECH,2023,6,5.82,Average,1,False
S01984,Zubair Kumar,zubair.kumar81@college.ac.in,CSE,2023,6,6.99,Average,0,False
S01985,Manoj Joshi,manoj.joshi40@college.ac.in,AIML,2022,8,6.39,Average,0,False
S01986,Menon Reddy,menon.reddy11@college.ac.in,AIML,2024,4,6.35,Average,0,False
S01987,Lakshmi Shah,lakshmi.shah37@college.ac.in,CSE,2025,2,5.43,At Risk,2,False
S01988,Nithya Karunakaran,nithya.karunakaran10@college.ac.in,ECE,2024,4,6.58,Average,0,False
S01989,Ramya Kumar,ramya.kumar54@college.ac.in,MECH,2022,8,6.87,Average,0,False
S01990,Rajan Patil,rajan.patil69@college.ac.in,AIML,2022,8,7.35,Good,0,False
S01991,Rukhsar Qureshi,rukhsar.qureshi80@college.ac.in,ECE,2022,8,6.12,Average,3,False
S01992,Vikram Varma,vikram.varma22@college.ac.in,ECE,2024,4,5.88,Average,2,True
S01993,Akash Ansari,akash.ansari16@college.ac.in,MECH,2025,2,5.51,Average,3,False
S01994,Nikhil Khan,nikhil.khan48@college.ac.in,CSE,2023,6,7.03,Good,0,False
S01995,Pillai Das,pillai.das84@college.ac.in,AIML,2024,4,7.91,Good,0,False
S01996,Imran Hegde,imran.hegde68@college.ac.in,CSE,2022,8,7.46,Good,0,False
S01997,Hiba Patel,hiba.patel44@college.ac.in,CSE,2022,8,7.57,Good,0,False
S01998,Mansi Warrier,mansi.warrier93@college.ac.in,ECE,2022,8,7.45,Good,0,False
S01999,Rahul Rajan,rahul.rajan21@college.ac.in,CSE,2023,6,7.59,Good,0,False
S02000,Nadia Murugan,nadia.murugan72@college.ac.in,CSE,2024,4,6.73,Average,0,False
S02001,Nikhil Murthy,nikhil.murthy49@college.ac.in,MECH,2022,8,7.11,Good,0,False
S02002,Tarun Chauhan,tarun.chauhan45@college.ac.in,ECE,2023,6,7.49,Good,0,False
S02003,Rajesh Kumar,rajesh.kumar50@college.ac.in,CSE,2024,4,4.21,At Risk,2,True
S02004,Manoj Karunakaran,manoj.karunakaran58@college.ac.in,CSE,2025,2,7.67,Good,0,False
S02005,Shreya Mirza,shreya.mirza11@college.ac.in,AIML,2023,6,6.57,Average,1,True
S02006,Shahid Patil,shahid.patil74@college.ac.in,ECE,2023,6,5.36,At Risk,3,False
S02007,Swathi Rao,swathi.rao81@college.ac.in,CSE,2024,4,5.89,Average,3,True
S02008,Naveen Venkataraman,naveen.venkataraman67@college.ac.in,ECE,2025,2,7.57,Good,0,False
S02009,Zainab Bhat,zainab.bhat56@college.ac.in,AIML,2024,4,7.09,Good,0,False
S02010,Babu Naidu,babu.naidu40@college.ac.in,MECH,2025,2,6.61,Average,0,False
S02011,Rishita Arumugam,rishita.arumugam84@college.ac.in,CSE,2025,2,6.93,Average,0,False
S02012,Hiba Singh,hiba.singh15@college.ac.in,ECE,2024,4,6.19,Average,1,True
S02013,Swathi Mirza,swathi.mirza38@college.ac.in,AIML,2024,4,6.17,Average,4,True
S02014,Karthik Yadav,karthik.yadav17@college.ac.in,AIML,2023,6,7.03,Good,0,False
S02015,Kritika Ansari,kritika.ansari29@college.ac.in,ECE,2025,2,6.81,Average,0,False
S02016,Athul Das,athul.das91@college.ac.in,AIML,2023,6,7.25,Good,0,False
S02017,Swathi Krishnan,swathi.krishnan31@college.ac.in,CSE,2023,6,5.42,At Risk,2,True
S02018,Aditi Rao,aditi.rao12@college.ac.in,ECE,2024,4,6.31,Average,0,False
S02019,Nithish Patel,nithish.patel75@college.ac.in,ECE,2022,8,5.85,Average,1,True
S02020,Fatima Bhat,fatima.bhat60@college.ac.in,ECE,2023,6,7.05,Good,0,False
S02021,Anjali Mehta,anjali.mehta25@college.ac.in,MECH,2023,6,5.65,Average,1,False
S02022,Nithish Sheikh,nithish.sheikh48@college.ac.in,CSE,2022,8,7.16,Good,5,True
S02023,Babu Rao,babu.rao48@college.ac.in,MECH,2025,2,5.64,Average,5,True
S02024,Hiba Kulkarni,hiba.kulkarni95@college.ac.in,AIML,2024,4,6.01,Average,0,False
S02025,Suresh Reddy,suresh.reddy22@college.ac.in,CSE,2023,6,5.7,Average,2,True
S02026,Ananya Ansari,ananya.ansari64@college.ac.in,CSE,2024,4,5.9,Average,3,True
S02027,Nadia Joshi,nadia.joshi89@college.ac.in,CSE,2022,8,6.91,Average,5,True
S02028,Surya Mirza,surya.mirza77@college.ac.in,MECH,2022,8,7.4,Good,5,False
S02029,Revathi Sheikh,revathi.sheikh84@college.ac.in,CSE,2024,4,7.36,Good,0,False
S02030,Shahid Arumugam,shahid.arumugam70@college.ac.in,AIML,2023,6,7.25,Good,3,False
S02031,Akash Pillai,akash.pillai75@college.ac.in,ECE,2023,6,7.64,Good,0,False
S02032,Saranya Yadav,saranya.yadav48@college.ac.in,ECE,2022,8,5.67,Average,4,False
S02033,Rahul Murugan,rahul.murugan88@college.ac.in,CSE,2023,6,7.46,Good,5,False
S02034,Amina Prasad,amina.prasad63@college.ac.in,ECE,2023,6,6.01,Average,0,False
S02035,Karthik Gopalakrishnan,karthik.gopalakrishnan80@college.ac.in,MECH,2024,3,6.44,Average,0,False
S02036,Riya Shah,riya.shah24@college.ac.in,AIML,2025,2,5.29,At Risk,5,True
S02037,Prithviraj Babu,prithviraj.babu30@college.ac.in,CSE,2024,3,8.02,Good,0,False
S02038,Pallavi Shah,pallavi.shah34@college.ac.in,AIML,2023,5,6.88,Average,0,False
S02039,Abhijith Rao,abhijith.rao12@college.ac.in,ECE,2024,4,6.08,Average,0,False
S02040,Pallavi Mehta,pallavi.mehta75@college.ac.in,ECE,2025,2,4.88,At Risk,4,True
S02041,Jithin Karunakaran,jithin.karunakaran93@college.ac.in,AIML,2025,2,7.05,Good,3,True
S02042,Sreejith Patil,sreejith.patil70@college.ac.in,ECE,2022,8,5.56,Average,3,True
S02043,Imran Chandrasekaran,imran.chandrasekaran45@college.ac.in,ECE,2023,6,7.73,Good,0,False
S02044,Priya Krishnan,priya.krishnan11@college.ac.in,CSE,2023,6,6.45,Average,1,False
S02045,Adil Reddy,adil.reddy58@college.ac.in,AIML,2024,4,5.3,At Risk,4,False
S02046,Rajesh Nambiar,rajesh.nambiar77@college.ac.in,ECE,2023,6,7.48,Good,0,False
S02047,Karthik Subramaniam,karthik.subramaniam33@college.ac.in,CSE,2025,2,7.51,Good,2,False
S02048,Menon Kumar,menon.kumar89@college.ac.in,MECH,2024,3,7.19,Good,0,False
S02049,Praveen Rao,praveen.rao35@college.ac.in,ECE,2025,2,8.11,Good,0,False
S02050,Rizwan Rao,rizwan.rao84@college.ac.in,ECE,2024,4,7.7,Good,0,False
S02051,Nithish Chandrasekaran,nithish.chandrasekaran73@college.ac.in,CSE,2024,3,7.7,Good,0,False
S02052,Logesh Siddiqui,logesh.siddiqui12@college.ac.in,CSE,2023,6,6.6,Average,0,False
S02053,Junaid Murugan,junaid.murugan39@college.ac.in,CSE,2022,8,7.27,Good,0,False
S02054,Suresh Rao,suresh.rao41@college.ac.in,AIML,2022,8,5.85,Average,2,True
S02055,Vivek Gopalakrishnan,vivek.gopalakrishnan88@college.ac.in,ECE,2024,4,5.87,Average,3,False
S02056,Nikhil Khan,nikhil.khan15@college.ac.in,ECE,2022,8,7.54,Good,0,False
S02057,Athul Chetty,athul.chetty35@college.ac.in,MECH,2025,2,6.84,Average,0,False
S02058,Rahul Sharma,rahul.sharma60@college.ac.in,CSE,2024,4,5.68,Average,4,True
S02059,Nithish Pillai,nithish.pillai89@college.ac.in,ECE,2023,6,6.4,Average,2,False
S02060,Harikrishna Dubey,harikrishna.dubey84@college.ac.in,AIML,2024,4,7.16,Good,0,False
S02061,Harish Selvam,harish.selvam57@college.ac.in,CSE,2025,2,6.84,Average,3,False
S02062,Irfan Chauhan,irfan.chauhan92@college.ac.in,CSE,2024,4,6.88,Average,0,False
S02063,Suresh Patel,suresh.patel68@college.ac.in,MECH,2022,8,5.1,At Risk,6,False
S02064,Ramya Selvam,ramya.selvam66@college.ac.in,AIML,2023,6,7.68,Good,0,False
S02065,Vivek Patel,vivek.patel70@college.ac.in,ECE,2023,6,7.08,Good,0,False
S02066,Harikrishna Subramaniam,harikrishna.subramaniam89@college.ac.in,MECH,2023,5,5.44,At Risk,1,True
S02067,Siddharth Joshi,siddharth.joshi38@college.ac.in,CSE,2025,2,6.28,Average,6,False
S02068,Rajan Selvam,rajan.selvam99@college.ac.in,ECE,2023,6,6.24,Average,0,False
S02069,Ananya Rao,ananya.rao29@college.ac.in,CSE,2023,6,6.82,Average,0,False
S02070,Faisal Kumar,faisal.kumar23@college.ac.in,AIML,2024,4,7.37,Good,0,False
S02071,Babu Mirza,babu.mirza18@college.ac.in,MECH,2023,6,5.5,Average,2,False
S02072,Irfan Varma,irfan.varma48@college.ac.in,CSE,2024,4,7.76,Good,0,False
S02073,Nithish Rajan,nithish.rajan25@college.ac.in,ECE,2024,4,6.75,Average,3,False
S02074,Ramya Reddy,ramya.reddy20@college.ac.in,ECE,2025,2,7.08,Good,0,False
S02075,Mansi Pandey,mansi.pandey12@college.ac.in,AIML,2023,5,5.59,Average,2,True
S02076,Nithya Hegde,nithya.hegde50@college.ac.in,ECE,2023,6,7.74,Good,0,False
S02077,Ramya Iyer,ramya.iyer76@college.ac.in,ECE,2023,5,5.97,Average,3,True
S02078,Krishnan Iyer,krishnan.iyer63@college.ac.in,MECH,2025,2,8.52,Excellent,0,False
S02079,Varun Rao,varun.rao90@college.ac.in,ECE,2023,6,5.67,Average,2,True
S02080,Fatima Murugan,fatima.murugan60@college.ac.in,CSE,2022,8,6.14,Average,0,False
S02081,Adil Shetty,adil.shetty48@college.ac.in,CSE,2023,5,6.88,Average,2,False
S02082,Sachin Shah,sachin.shah37@college.ac.in,ECE,2022,8,7.94,Good,0,False
S02083,Karthik Mehta,karthik.mehta62@college.ac.in,MECH,2022,8,8.07,Good,0,False
S02084,Karthik Sharma,karthik.sharma81@college.ac.in,CSE,2025,2,8.3,Good,0,False
S02085,Ayesha Pandey,ayesha.pandey13@college.ac.in,CSE,2025,2,7.68,Good,0,False
S02086,Sathish Patel,sathish.patel28@college.ac.in,AIML,2022,8,6.55,Average,0,False
S02087,Kavya Babu,kavya.babu34@college.ac.in,AIML,2025,2,4.58,At Risk,2,True
S02088,Manoj Joshi,manoj.joshi18@college.ac.in,ECE,2023,6,6.22,Average,0,False
S02089,Dhanush Iyengar,dhanush.iyengar92@college.ac.in,CSE,2024,4,5.76,Average,5,True
S02090,Aamir Malik,aamir.malik82@college.ac.in,ECE,2022,8,5.54,Average,2,True
S02091,Ayesha Hegde,ayesha.hegde36@college.ac.in,CSE,2025,2,6.77,Average,0,False
S02092,Faisal Pillai,faisal.pillai35@college.ac.in,ECE,2023,6,6.78,Average,0,False
S02093,Pillai Chandrasekaran,pillai.chandrasekaran59@college.ac.in,MECH,2023,5,5.81,Average,3,True
S02094,Praveen Gopalakrishnan,praveen.gopalakrishnan12@college.ac.in,CSE,2024,4,7.34,Good,0,False
S02095,Shubham Hussain,shubham.hussain90@college.ac.in,ECE,2023,6,5.85,Average,2,True
S02096,Siddharth Shah,siddharth.shah99@college.ac.in,CSE,2025,2,6.05,Average,5,True
S02097,Divya Namboothiri,divya.namboothiri54@college.ac.in,ECE,2023,6,7.59,Good,0,False
S02098,Babu Shah,babu.shah16@college.ac.in,AIML,2024,3,6.24,Average,0,False
S02099,Ganesh Verma,ganesh.verma41@college.ac.in,MECH,2023,6,7.64,Good,0,False
S02100,Irfan Gupta,irfan.gupta73@college.ac.in,ECE,2022,8,7.0,Good,0,False
S02101,Sathish Hussain,sathish.hussain33@college.ac.in,ECE,2025,2,7.09,Good,0,False
S02102,Dinesh Selvam,dinesh.selvam79@college.ac.in,CSE,2024,4,6.29,Average,4,True
S02103,Vijay Tiwari,vijay.tiwari45@college.ac.in,AIML,2022,8,7.41,Good,0,False
S02104,Sneha Rajan,sneha.rajan11@college.ac.in,ECE,2022,8,6.53,Average,0,False
S02105,Rajan Shah,rajan.shah48@college.ac.in,AIML,2023,6,5.91,Average,5,True
S02106,Dinesh Arumugam,dinesh.arumugam63@college.ac.in,MECH,2024,4,7.57,Good,0,False
S02107,Prithviraj Nair,prithviraj.nair91@college.ac.in,ECE,2024,4,6.98,Average,0,False
S02108,Farhan Sheikh,farhan.sheikh83@college.ac.in,MECH,2023,6,6.1,Average,0,False
S02109,Riya Prasad,riya.prasad92@college.ac.in,ECE,2023,6,5.93,Average,2,True
S02110,Mohammed Das,mohammed.das57@college.ac.in,CSE,2022,8,6.31,Average,6,False
S02111,Asif Joshi,asif.joshi66@college.ac.in,CSE,2024,4,6.37,Average,3,False
S02112,Ganesh Mirza,ganesh.mirza86@college.ac.in,CSE,2024,4,5.1,At Risk,6,True
S02113,Madhan Namboothiri,madhan.namboothiri64@college.ac.in,AIML,2023,5,7.43,Good,0,False
S02114,Ankit Chetty,ankit.chetty18@college.ac.in,AIML,2023,6,6.42,Average,4,True
S02115,Ajith Bhat,ajith.bhat21@college.ac.in,ECE,2022,8,6.37,Average,0,False
S02116,Dinesh Venkataraman,dinesh.venkataraman49@college.ac.in,MECH,2024,4,6.6,Average,0,False
S02117,Arun Yadav,arun.yadav62@college.ac.in,AIML,2022,8,6.34,Average,4,True
S02118,Amal Reddy,amal.reddy95@college.ac.in,CSE,2025,2,8.28,Good,0,False
S02119,Varun Malik,varun.malik21@college.ac.in,MECH,2023,5,6.34,Average,0,False
S02120,Sachin Hussain,sachin.hussain84@college.ac.in,CSE,2025,2,6.34,Average,3,True
S02121,Amal Warrier,amal.warrier98@college.ac.in,ECE,2025,2,6.37,Average,2,False
S02122,Ramya Chetty,ramya.chetty85@college.ac.in,CSE,2024,4,5.34,At Risk,5,True
S02123,Sonal Shetty,sonal.shetty49@college.ac.in,ECE,2023,5,5.9,Average,5,True
S02124,Sana Varma,sana.varma29@college.ac.in,ECE,2023,6,6.61,Average,0,False
S02125,Divya Shetty,divya.shetty94@college.ac.in,ECE,2023,5,6.87,Average,0,False
S02126,Prerna Kamath,prerna.kamath31@college.ac.in,CSE,2025,2,6.01,Average,2,False
S02127,Mohammed Arumugam,mohammed.arumugam44@college.ac.in,MECH,2024,3,5.11,At Risk,5,True
S02128,Mohammed Chauhan,mohammed.chauhan43@college.ac.in,MECH,2023,5,5.05,At Risk,3,False
S02129,Simran Gupta,simran.gupta70@college.ac.in,CSE,2022,8,7.53,Good,0,False
S02130,Priya Arumugam,priya.arumugam10@college.ac.in,ECE,2022,8,5.02,At Risk,2,True
S02131,Rukhsar Kumar,rukhsar.kumar78@college.ac.in,AIML,2025,2,7.92,Good,5,False
S02132,Aman Chetty,aman.chetty93@college.ac.in,MECH,2025,2,5.78,Average,1,True
S02133,Nithish Murthy,nithish.murthy68@college.ac.in,MECH,2024,4,5.22,At Risk,3,True
S02134,Rajan Bhat,rajan.bhat92@college.ac.in,CSE,2024,4,5.19,At Risk,4,False
S02135,Rukhsar Rao,rukhsar.rao84@college.ac.in,AIML,2023,6,6.52,Average,0,False
S02136,Salman Karunakaran,salman.karunakaran38@college.ac.in,MECH,2024,4,6.0,Average,0,False
S02137,Vijay Desai,vijay.desai18@college.ac.in,CSE,2022,8,7.82,Good,0,False
S02138,Rajesh Joshi,rajesh.joshi78@college.ac.in,CSE,2024,4,6.85,Average,3,True
S02139,Ravi Patil,ravi.patil35@college.ac.in,ECE,2024,3,5.27,At Risk,6,False
S02140,Krishnan Karunakaran,krishnan.karunakaran61@college.ac.in,CSE,2024,3,5.04,At Risk,2,True
S02141,Mohammed Sheikh,mohammed.sheikh23@college.ac.in,ECE,2023,6,6.36,Average,0,False
S02142,Ayesha Desai,ayesha.desai16@college.ac.in,ECE,2022,8,7.54,Good,0,False
S02143,Junaid Prasad,junaid.prasad66@college.ac.in,MECH,2025,2,4.27,At Risk,5,True
S02144,Siddharth Chetty,siddharth.chetty76@college.ac.in,MECH,2024,4,7.46,Good,0,False
S02145,Swathi Velayudhan,swathi.velayudhan62@college.ac.in,AIML,2023,6,5.67,Average,3,True
S02146,Lakshmi Namboothiri,lakshmi.namboothiri62@college.ac.in,AIML,2025,2,5.26,At Risk,2,False
S02147,Farhan Gupta,farhan.gupta36@college.ac.in,AIML,2023,6,7.23,Good,0,False
S02148,Keerthi Babu,keerthi.babu63@college.ac.in,CSE,2024,4,6.38,Average,1,False
S02149,Junaid Ansari,junaid.ansari62@college.ac.in,ECE,2023,6,6.74,Average,0,False
S02150,Hiba Pandey,hiba.pandey60@college.ac.in,CSE,2022,8,6.86,Average,3,False
S02151,Neha Subramaniam,neha.subramaniam93@college.ac.in,ECE,2023,6,4.67,At Risk,6,True
S02152,Ajith Karunakaran,ajith.karunakaran31@college.ac.in,ECE,2023,6,7.85,Good,0,False
S02153,Mohammed Ansari,mohammed.ansari90@college.ac.in,AIML,2024,4,5.14,At Risk,2,False
S02154,Farhan Desai,farhan.desai27@college.ac.in,CSE,2022,8,7.36,Good,0,False
S02155,Junaid Kumar,junaid.kumar32@college.ac.in,CSE,2022,8,6.66,Average,0,False
S02156,Adil Iyengar,adil.iyengar25@college.ac.in,AIML,2023,6,7.51,Good,0,False
S02157,Pillai Nambiar,pillai.nambiar43@college.ac.in,MECH,2024,3,4.63,At Risk,3,True
S02158,Menon Varma,menon.varma39@college.ac.in,CSE,2022,8,5.86,Average,1,True
S02159,Arjun Rajan,arjun.rajan79@college.ac.in,CSE,2024,4,5.5,Average,2,True
S02160,Gaurav Namboothiri,gaurav.namboothiri48@college.ac.in,ECE,2025,2,7.77,Good,0,False
S02161,Varun Chetty,varun.chetty42@college.ac.in,CSE,2024,4,5.61,Average,3,False
S02162,Ramesh Reddy,ramesh.reddy41@college.ac.in,CSE,2025,2,7.47,Good,0,False
S02163,Nikhil Gupta,nikhil.gupta55@college.ac.in,MECH,2025,2,7.33,Good,0,False
S02164,Surya Subramaniam,surya.subramaniam82@college.ac.in,MECH,2023,6,5.78,Average,4,False
S02165,Junaid Das,junaid.das49@college.ac.in,CSE,2024,4,7.43,Good,0,False
S02166,Swati Mishra,swati.mishra14@college.ac.in,ECE,2024,4,7.66,Good,0,False
S02167,Ravi Sheikh,ravi.sheikh93@college.ac.in,MECH,2023,6,6.92,Average,0,False
S02168,Ramya Shah,ramya.shah48@college.ac.in,AIML,2022,8,7.01,Good,0,False
S02169,Manoj Babu,manoj.babu47@college.ac.in,MECH,2025,2,5.8,Average,5,True
S02170,Harish Singh,harish.singh17@college.ac.in,MECH,2025,2,6.69,Average,0,False
S02171,Rukhsar Prasad,rukhsar.prasad64@college.ac.in,CSE,2025,2,6.15,Average,6,True
S02172,Salman Sharma,salman.sharma23@college.ac.in,ECE,2024,4,6.64,Average,0,False
S02173,Neha Ansari,neha.ansari78@college.ac.in,CSE,2024,4,5.8,Average,3,True
S02174,Babu Kumar,babu.kumar35@college.ac.in,CSE,2023,6,6.98,Average,0,False
S02175,Nisha Shah,nisha.shah31@college.ac.in,ECE,2022,8,6.64,Average,0,False
S02176,Vishnu Velayudhan,vishnu.velayudhan42@college.ac.in,AIML,2022,8,6.0,Average,1,True
S02177,Aditi Mirza,aditi.mirza44@college.ac.in,ECE,2024,3,7.73,Good,0,False
S02178,Sreejith Gupta,sreejith.gupta92@college.ac.in,AIML,2023,6,6.92,Average,0,False
S02179,Nithish Sheikh,nithish.sheikh47@college.ac.in,ECE,2024,4,6.87,Average,0,False
S02180,Fatima Sharma,fatima.sharma71@college.ac.in,MECH,2025,2,5.34,At Risk,2,True
S02181,Prithviraj Patel,prithviraj.patel92@college.ac.in,MECH,2023,5,5.28,At Risk,5,True
S02182,Asif Karunakaran,asif.karunakaran51@college.ac.in,ECE,2023,6,6.6,Average,0,False
S02183,Vivek Natarajan,vivek.natarajan12@college.ac.in,ECE,2024,4,6.6,Average,0,False
S02184,Sanjay Subramaniam,sanjay.subramaniam89@college.ac.in,ECE,2024,4,7.06,Good,0,False
S02185,Sachin Selvam,sachin.selvam45@college.ac.in,ECE,2024,4,5.98,Average,3,True
S02186,Dhanush Patel,dhanush.patel65@college.ac.in,MECH,2023,5,5.83,Average,2,True
S02187,Mansi Pandey,mansi.pandey21@college.ac.in,ECE,2024,4,6.67,Average,3,False
S02188,Simran Krishnan,simran.krishnan83@college.ac.in,ECE,2024,4,7.08,Good,0,False
S02189,Ganesh Yadav,ganesh.yadav86@college.ac.in,MECH,2024,4,5.06,At Risk,5,True
S02190,Krishnan Mehta,krishnan.mehta88@college.ac.in,CSE,2022,8,7.65,Good,0,False
S02191,Mansi Ansari,mansi.ansari97@college.ac.in,CSE,2023,6,7.05,Good,0,False
S02192,Nithish Ansari,nithish.ansari41@college.ac.in,MECH,2024,4,7.12,Good,0,False
S02193,Rajesh Gopalakrishnan,rajesh.gopalakrishnan25@college.ac.in,MECH,2022,8,6.63,Average,0,False
S02194,Mansi Karunakaran,mansi.karunakaran49@college.ac.in,AIML,2023,6,7.63,Good,0,False
S02195,Harikrishna Patel,harikrishna.patel10@college.ac.in,AIML,2023,6,4.51,At Risk,5,True
S02196,Zainab Tiwari,zainab.tiwari68@college.ac.in,AIML,2022,8,5.55,Average,6,True
S02197,Faisal Tiwari,faisal.tiwari98@college.ac.in,AIML,2025,2,7.11,Good,4,False
S02198,Sanjay Subramaniam,sanjay.subramaniam69@college.ac.in,CSE,2025,2,5.6,Average,6,True
S02199,Irfan Reddy,irfan.reddy19@college.ac.in,CSE,2025,2,6.03,Average,0,False
S02200,Athul Chetty,athul.chetty72@college.ac.in,AIML,2025,2,6.36,Average,3,True
S02201,Syed Shah,syed.shah37@college.ac.in,CSE,2024,4,7.4,Good,0,False
S02202,Arun Karunakaran,arun.karunakaran48@college.ac.in,ECE,2024,4,7.14,Good,0,False
S02203,Harikrishna Reddy,harikrishna.reddy99@college.ac.in,MECH,2022,8,5.2,At Risk,5,False
S02204,Rajan Warrier,rajan.warrier69@college.ac.in,CSE,2025,2,7.09,Good,5,False
S02205,Fatima Chetty,fatima.chetty38@college.ac.in,MECH,2025,2,6.21,Average,0,False
S02206,Ananya Subramaniam,ananya.subramaniam86@college.ac.in,MECH,2023,6,5.91,Average,4,True
S02207,Amit Chetty,amit.chetty27@college.ac.in,AIML,2022,8,6.54,Average,5,False
S02208,Varun Rao,varun.rao24@college.ac.in,MECH,2022,8,6.9,Average,0,False
S02209,Sathish Ansari,sathish.ansari23@college.ac.in,AIML,2024,4,5.74,Average,1,True
S02210,Riya Gupta,riya.gupta17@college.ac.in,AIML,2024,4,7.12,Good,0,False
S02211,Priya Ansari,priya.ansari85@college.ac.in,ECE,2024,4,6.88,Average,0,False
S02212,Rizwan Kulkarni,rizwan.kulkarni21@college.ac.in,MECH,2022,8,7.2,Good,0,False
S02213,Vijay Gupta,vijay.gupta57@college.ac.in,AIML,2025,2,6.11,Average,0,False
S02214,Neha Kumar,neha.kumar97@college.ac.in,ECE,2025,2,7.18,Good,0,False
S02215,Tarun Rao,tarun.rao16@college.ac.in,AIML,2023,6,7.26,Good,0,False
S02216,Rishita Warrier,rishita.warrier81@college.ac.in,MECH,2024,4,5.41,At Risk,4,True
S02217,Anjali Bhat,anjali.bhat21@college.ac.in,CSE,2023,6,7.01,Good,0,False
S02218,Usman Desai,usman.desai88@college.ac.in,AIML,2023,6,6.52,Average,0,False
S02219,Rohit Babu,rohit.babu76@college.ac.in,MECH,2025,2,6.11,Average,0,False
S02220,Vivek Tiwari,vivek.tiwari60@college.ac.in,ECE,2024,4,5.34,At Risk,4,True
S02221,Saranya Joshi,saranya.joshi34@college.ac.in,AIML,2023,6,5.13,At Risk,4,True
S02222,Anjali Chauhan,anjali.chauhan31@college.ac.in,MECH,2025,2,6.24,Average,0,False
S02223,Amal Joshi,amal.joshi18@college.ac.in,MECH,2024,4,6.07,Average,0,False
S02224,Krishnan Mirza,krishnan.mirza80@college.ac.in,CSE,2025,2,7.56,Good,0,False
S02225,Pooja Sharma,pooja.sharma90@college.ac.in,CSE,2023,6,7.03,Good,0,False
S02226,Farhan Reddy,farhan.reddy21@college.ac.in,MECH,2024,4,6.28,Average,0,False
S02227,Naveen Natarajan,naveen.natarajan92@college.ac.in,AIML,2023,6,6.35,Average,5,True
S02228,Sonal Subramaniam,sonal.subramaniam29@college.ac.in,MECH,2024,4,6.08,Average,0,False
S02229,Sana Desai,sana.desai55@college.ac.in,MECH,2024,4,6.21,Average,0,False
S02230,Arun Chetty,arun.chetty48@college.ac.in,CSE,2025,2,6.23,Average,3,True
S02231,Mansi Krishnan,mansi.krishnan45@college.ac.in,ECE,2023,6,6.62,Average,2,False
S02232,Arun Kumar,arun.kumar74@college.ac.in,MECH,2024,4,6.28,Average,0,False
S02233,Nadia Prasad,nadia.prasad61@college.ac.in,MECH,2024,4,5.37,At Risk,4,True
S02234,Lakshmi Pandey,lakshmi.pandey51@college.ac.in,CSE,2023,6,6.67,Average,0,False
S02235,Simran Mirza,simran.mirza82@college.ac.in,AIML,2025,2,7.56,Good,0,False
S02236,Anjali Varma,anjali.varma73@college.ac.in,ECE,2025,2,6.81,Average,1,False
S02237,Mohammed Chandrasekaran,mohammed.chandrasekaran18@college.ac.in,MECH,2022,8,6.97,Average,0,False
S02238,Ajith Kulkarni,ajith.kulkarni83@college.ac.in,AIML,2024,4,7.37,Good,0,False
S02239,Dinesh Das,dinesh.das79@college.ac.in,ECE,2024,4,5.56,Average,6,True
S02240,Vivek Singh,vivek.singh66@college.ac.in,CSE,2025,2,7.77,Good,0,False
S02241,Dinesh Bhat,dinesh.bhat94@college.ac.in,MECH,2023,6,3.79,At Risk,2,True
S02242,Aamir Chauhan,aamir.chauhan61@college.ac.in,CSE,2023,6,5.93,Average,5,True
S02243,Adil Menon,adil.menon59@college.ac.in,MECH,2025,2,5.43,At Risk,1,True
S02244,Faisal Siddiqui,faisal.siddiqui27@college.ac.in,ECE,2024,4,6.62,Average,0,False
S02245,Rahul Chandrasekaran,rahul.chandrasekaran24@college.ac.in,CSE,2025,2,7.61,Good,0,False
S02246,Dinesh Desai,dinesh.desai51@college.ac.in,CSE,2025,2,8.61,Excellent,0,False
S02247,Ayesha Pillai,ayesha.pillai13@college.ac.in,MECH,2024,4,5.96,Average,0,False
S02248,Hiba Shah,hiba.shah29@college.ac.in,AIML,2024,4,8.16,Good,0,False
S02249,Avinash Subramaniam,avinash.subramaniam16@college.ac.in,ECE,2022,8,7.17,Good,0,False
S02250,Amal Yadav,amal.yadav28@college.ac.in,AIML,2023,6,5.9,Average,2,False
S02251,Meena Velayudhan,meena.velayudhan36@college.ac.in,ECE,2024,4,6.63,Average,0,False
S02252,Fatima Sharma,fatima.sharma26@college.ac.in,ECE,2022,8,6.53,Average,0,False
S02253,Abhijith Malik,abhijith.malik90@college.ac.in,CSE,2024,4,4.88,At Risk,6,True
S02254,Ramesh Patil,ramesh.patil16@college.ac.in,ECE,2024,3,5.89,Average,1,True
S02255,Priya Chandrasekaran,priya.chandrasekaran74@college.ac.in,CSE,2024,4,7.93,Good,0,False
S02256,Farhan Kulkarni,farhan.kulkarni20@college.ac.in,AIML,2023,5,5.73,Average,3,True
S02257,Hiba Gupta,hiba.gupta17@college.ac.in,CSE,2025,2,7.2,Good,3,False
S02258,Priya Nambiar,priya.nambiar80@college.ac.in,CSE,2025,2,7.71,Good,0,False
S02259,Aman Reddy,aman.reddy66@college.ac.in,ECE,2022,8,5.16,At Risk,6,True
S02260,Nisha Warrier,nisha.warrier89@college.ac.in,CSE,2025,2,6.76,Average,0,False
S02261,Varun Rao,varun.rao20@college.ac.in,CSE,2023,6,7.84,Good,0,False
S02262,Ajith Desai,ajith.desai63@college.ac.in,MECH,2022,8,6.29,Average,1,False
S02263,Shahid Krishnan,shahid.krishnan68@college.ac.in,CSE,2022,8,7.31,Good,0,False
S02264,Saranya Shetty,saranya.shetty45@college.ac.in,ECE,2022,8,6.75,Average,2,False
S02265,Gaurav Verma,gaurav.verma57@college.ac.in,MECH,2024,4,6.8,Average,0,False
S02266,Imran Hussain,imran.hussain52@college.ac.in,MECH,2023,6,6.67,Average,0,False
S02267,Arun Murugan,arun.murugan82@college.ac.in,AIML,2025,2,5.32,At Risk,5,True
S02268,Amit Murugan,amit.murugan13@college.ac.in,CSE,2023,5,5.38,At Risk,6,True
S02269,Nithish Yadav,nithish.yadav54@college.ac.in,CSE,2024,4,5.87,Average,3,True
S02270,Keerthi Patil,keerthi.patil49@college.ac.in,ECE,2023,6,5.95,Average,2,False
S02271,Junaid Nair,junaid.nair58@college.ac.in,CSE,2023,5,7.04,Good,0,False
S02272,Anjali Siddiqui,anjali.siddiqui61@college.ac.in,ECE,2023,6,6.43,Average,0,False
S02273,Ramesh Siddiqui,ramesh.siddiqui77@college.ac.in,MECH,2023,6,5.84,Average,2,False
S02274,Meena Iyer,meena.iyer37@college.ac.in,AIML,2025,2,3.49,At Risk,4,True
S02275,Surya Joshi,surya.joshi20@college.ac.in,CSE,2022,8,6.78,Average,3,False
S02276,Rishita Mehta,rishita.mehta38@college.ac.in,ECE,2024,4,6.28,Average,0,False
S02277,Pillai Gupta,pillai.gupta73@college.ac.in,CSE,2022,8,7.09,Good,0,False
S02278,Arjun Hussain,arjun.hussain44@college.ac.in,CSE,2022,8,6.21,Average,2,False
S02279,Riya Shetty,riya.shetty85@college.ac.in,MECH,2024,4,6.42,Average,3,False
S02280,Aman Murthy,aman.murthy35@college.ac.in,AIML,2024,4,6.42,Average,0,False
S02281,Revathi Khan,revathi.khan28@college.ac.in,AIML,2023,6,7.11,Good,3,False
S02282,Logesh Khan,logesh.khan43@college.ac.in,AIML,2024,3,6.81,Average,0,False
S02283,Saranya Malik,saranya.malik48@college.ac.in,CSE,2025,2,6.15,Average,0,False
S02284,Shubham Pandey,shubham.pandey76@college.ac.in,ECE,2022,8,6.01,Average,5,False
S02285,Ramesh Hussain,ramesh.hussain23@college.ac.in,AIML,2024,4,7.78,Good,0,False
S02286,Divya Gopalakrishnan,divya.gopalakrishnan51@college.ac.in,CSE,2024,4,8.05,Good,0,False
S02287,Vikram Babu,vikram.babu35@college.ac.in,MECH,2022,8,6.36,Average,0,False
S02288,Neha Venkataraman,neha.venkataraman43@college.ac.in,MECH,2023,5,8.05,Good,0,False
S02289,Prerna Mehta,prerna.mehta70@college.ac.in,ECE,2024,4,6.55,Average,0,False
S02290,Mansi Natarajan,mansi.natarajan48@college.ac.in,MECH,2024,4,5.98,Average,1,True
S02291,Shahid Gopalakrishnan,shahid.gopalakrishnan48@college.ac.in,ECE,2025,2,5.92,Average,3,True
S02292,Ankit Chauhan,ankit.chauhan41@college.ac.in,CSE,2022,8,7.07,Good,0,False
S02293,Asif Prasad,asif.prasad14@college.ac.in,MECH,2025,2,6.24,Average,0,False
S02294,Amal Qureshi,amal.qureshi59@college.ac.in,CSE,2024,4,8.05,Good,0,False
S02295,Sonal Iyengar,sonal.iyengar45@college.ac.in,MECH,2023,5,6.15,Average,0,False
S02296,Muralidhar Malik,muralidhar.malik79@college.ac.in,CSE,2024,4,7.68,Good,0,False
S02297,Zainab Singh,zainab.singh21@college.ac.in,MECH,2024,4,3.48,At Risk,3,True
S02298,Ravi Sheikh,ravi.sheikh81@college.ac.in,CSE,2023,6,6.26,Average,2,False
S02299,Muralidhar Prasad,muralidhar.prasad80@college.ac.in,MECH,2023,6,6.17,Average,1,False
S02300,Arjun Naidu,arjun.naidu15@college.ac.in,CSE,2024,4,7.81,Good,0,False
S02301,Rukhsar Dubey,rukhsar.dubey80@college.ac.in,MECH,2022,8,5.96,Average,5,False
S02302,Nithya Naidu,nithya.naidu42@college.ac.in,CSE,2025,2,6.46,Average,4,True
S02303,Nikhil Shetty,nikhil.shetty79@college.ac.in,CSE,2025,2,7.0,Good,0,False
S02304,Asif Kumar,asif.kumar15@college.ac.in,CSE,2023,5,7.84,Good,0,False
S02305,Sreejith Venkataraman,sreejith.venkataraman58@college.ac.in,CSE,2023,6,7.69,Good,0,False
S02306,Sana Iyengar,sana.iyengar20@college.ac.in,CSE,2022,8,7.29,Good,0,False
S02307,Abhijith Mehta,abhijith.mehta83@college.ac.in,MECH,2024,4,6.32,Average,4,True
S02308,Asif Venkataraman,asif.venkataraman58@college.ac.in,CSE,2024,4,6.66,Average,5,False
S02309,Sachin Siddiqui,sachin.siddiqui93@college.ac.in,AIML,2025,2,7.05,Good,0,False
S02310,Sonal Dubey,sonal.dubey86@college.ac.in,MECH,2022,8,7.12,Good,5,False
S02311,Vijay Kamath,vijay.kamath40@college.ac.in,MECH,2025,2,5.46,At Risk,5,True
S02312,Zainab Das,zainab.das96@college.ac.in,ECE,2024,4,7.34,Good,1,False
S02313,Ramesh Patil,ramesh.patil35@college.ac.in,ECE,2023,6,6.79,Average,0,False
S02314,Lakshmi Siddiqui,lakshmi.siddiqui83@college.ac.in,ECE,2023,6,6.35,Average,2,False
S02315,Nithish Malik,nithish.malik88@college.ac.in,CSE,2023,6,6.48,Average,1,False
S02316,Rajan Selvam,rajan.selvam72@college.ac.in,CSE,2023,6,7.55,Good,0,False
S02317,Syed Hussain,syed.hussain86@college.ac.in,AIML,2023,6,6.29,Average,3,True
S02318,Ankita Sharma,ankita.sharma85@college.ac.in,CSE,2024,3,6.53,Average,5,False
S02319,Ajith Chandrasekaran,ajith.chandrasekaran71@college.ac.in,AIML,2023,6,7.28,Good,0,False
S02320,Kavya Gopalakrishnan,kavya.gopalakrishnan61@college.ac.in,ECE,2022,8,5.56,Average,5,False
S02321,Riya Karunakaran,riya.karunakaran94@college.ac.in,CSE,2025,2,5.4,At Risk,5,True
S02322,Rohit Bhat,rohit.bhat32@college.ac.in,CSE,2022,8,6.93,Average,0,False
S02323,Vikram Shah,vikram.shah65@college.ac.in,CSE,2022,8,6.57,Average,0,False
S02324,Suresh Siddiqui,suresh.siddiqui59@college.ac.in,CSE,2022,8,7.64,Good,0,False
S02325,Karthik Karunakaran,karthik.karunakaran95@college.ac.in,ECE,2023,6,5.9,Average,5,True
S02326,Nisha Iyengar,nisha.iyengar14@college.ac.in,MECH,2024,3,7.74,Good,0,False
S02327,Shubham Mishra,shubham.mishra85@college.ac.in,AIML,2025,2,7.14,Good,2,True
S02328,Athul Kumar,athul.kumar99@college.ac.in,AIML,2025,2,7.14,Good,0,False
S02329,Sana Hussain,sana.hussain74@college.ac.in,MECH,2023,5,5.63,Average,3,True
S02330,Logesh Khan,logesh.khan33@college.ac.in,AIML,2022,8,5.61,Average,4,True
S02331,Kritika Nair,kritika.nair95@college.ac.in,CSE,2024,3,8.01,Good,0,False
S02332,Praveen Joshi,praveen.joshi37@college.ac.in,CSE,2025,2,6.59,Average,2,False
S02333,Swati Warrier,swati.warrier77@college.ac.in,CSE,2022,8,6.62,Average,0,False
S02334,Rishita Naidu,rishita.naidu15@college.ac.in,ECE,2023,6,7.79,Good,0,False
S02335,Priya Shetty,priya.shetty17@college.ac.in,CSE,2024,4,7.75,Good,5,True
S02336,Amal Kamath,amal.kamath84@college.ac.in,MECH,2023,5,5.96,Average,2,False
S02337,Ankit Desai,ankit.desai39@college.ac.in,MECH,2023,6,6.21,Average,0,False
S02338,Swathi Iyer,swathi.iyer42@college.ac.in,ECE,2023,6,5.43,At Risk,4,False
S02339,Piyush Malik,piyush.malik64@college.ac.in,AIML,2025,2,6.09,Average,0,False
S02340,Vikram Chandrasekaran,vikram.chandrasekaran72@college.ac.in,AIML,2025,2,7.13,Good,0,False
S02341,Priya Kamath,priya.kamath84@college.ac.in,ECE,2023,6,6.43,Average,0,False
S02342,Riya Malik,riya.malik55@college.ac.in,CSE,2023,6,7.71,Good,0,False
S02343,Revathi Singh,revathi.singh85@college.ac.in,CSE,2025,2,5.5,Average,3,True
S02344,Rukhsar Mirza,rukhsar.mirza89@college.ac.in,CSE,2025,2,5.96,Average,6,True
S02345,Vishnu Babu,vishnu.babu33@college.ac.in,AIML,2024,4,6.89,Average,0,False
S02346,Avinash Chetty,avinash.chetty35@college.ac.in,CSE,2024,4,7.86,Good,1,False
S02347,Ayesha Pillai,ayesha.pillai79@college.ac.in,CSE,2023,6,7.13,Good,4,True
S02348,Suresh Subramaniam,suresh.subramaniam46@college.ac.in,AIML,2022,8,7.12,Good,0,False
S02349,Piyush Malik,piyush.malik44@college.ac.in,CSE,2022,8,6.53,Average,0,False
S02350,Nisha Desai,nisha.desai89@college.ac.in,MECH,2024,4,7.2,Good,0,False
S02351,Piyush Patil,piyush.patil26@college.ac.in,ECE,2025,2,8.27,Good,1,True
S02352,Nadia Dubey,nadia.dubey46@college.ac.in,CSE,2024,4,6.16,Average,1,False
S02353,Vikram Tiwari,vikram.tiwari87@college.ac.in,CSE,2024,4,7.33,Good,0,False
S02354,Harikrishna Hussain,harikrishna.hussain96@college.ac.in,MECH,2024,4,6.1,Average,0,False
S02355,Arjun Das,arjun.das94@college.ac.in,CSE,2023,5,6.97,Average,0,False
S02356,Pooja Kamath,pooja.kamath93@college.ac.in,CSE,2023,5,8.24,Good,0,False
S02357,Ayesha Mishra,ayesha.mishra78@college.ac.in,ECE,2024,4,7.29,Good,0,False
S02358,Amina Varma,amina.varma37@college.ac.in,AIML,2024,4,7.25,Good,2,False
S02359,Swathi Naidu,swathi.naidu40@college.ac.in,MECH,2024,4,5.32,At Risk,5,False
S02360,Fatima Velayudhan,fatima.velayudhan37@college.ac.in,MECH,2023,6,7.15,Good,0,False
S02361,Madhan Mehta,madhan.mehta75@college.ac.in,ECE,2024,4,7.09,Good,3,False
S02362,Faisal Hegde,faisal.hegde38@college.ac.in,CSE,2023,6,7.28,Good,4,False
S02363,Pooja Singh,pooja.singh64@college.ac.in,ECE,2022,8,7.25,Good,0,False
S02364,Rizwan Verma,rizwan.verma85@college.ac.in,ECE,2022,8,6.65,Average,0,False
S02365,Rohit Ansari,rohit.ansari87@college.ac.in,MECH,2022,8,7.72,Good,0,False
S02366,Ramya Desai,ramya.desai58@college.ac.in,AIML,2023,5,7.06,Good,0,False
S02367,Amina Gopalakrishnan,amina.gopalakrishnan93@college.ac.in,CSE,2023,6,5.5,Average,5,True
S02368,Dinesh Sheikh,dinesh.sheikh27@college.ac.in,CSE,2025,2,6.6,Average,3,False
S02369,Amal Pandey,amal.pandey91@college.ac.in,ECE,2023,6,6.87,Average,0,False
S02370,Kavya Arumugam,kavya.arumugam99@college.ac.in,ECE,2022,8,7.35,Good,0,False
S02371,Vivek Pillai,vivek.pillai76@college.ac.in,CSE,2023,6,8.23,Good,0,False
S02372,Manoj Pillai,manoj.pillai37@college.ac.in,AIML,2023,6,6.25,Average,3,False
S02373,Pooja Gupta,pooja.gupta71@college.ac.in,MECH,2022,8,6.75,Average,0,False
S02374,Prerna Sheikh,prerna.sheikh54@college.ac.in,AIML,2022,8,6.07,Average,5,False
S02375,Sanjay Pandey,sanjay.pandey93@college.ac.in,MECH,2025,2,6.96,Average,5,False
S02376,Ajith Bhat,ajith.bhat18@college.ac.in,CSE,2025,2,6.43,Average,4,True
S02377,Sathish Shetty,sathish.shetty77@college.ac.in,CSE,2022,8,7.13,Good,2,False
S02378,Ayesha Mirza,ayesha.mirza58@college.ac.in,CSE,2024,4,7.73,Good,0,False
S02379,Keerthi Krishnan,keerthi.krishnan18@college.ac.in,AIML,2024,4,6.83,Average,0,False
S02380,Hiba Naidu,hiba.naidu65@college.ac.in,MECH,2022,8,6.03,Average,3,True
S02381,Anjali Nambiar,anjali.nambiar50@college.ac.in,CSE,2025,2,5.39,At Risk,3,True
S02382,Junaid Kamath,junaid.kamath45@college.ac.in,MECH,2025,2,5.81,Average,4,True
S02383,Pooja Chauhan,pooja.chauhan56@college.ac.in,CSE,2024,4,7.02,Good,0,False
S02384,Aamir Murthy,aamir.murthy46@college.ac.in,MECH,2024,3,5.54,Average,6,False
S02385,Kritika Reddy,kritika.reddy46@college.ac.in,MECH,2025,2,4.8,At Risk,4,True
S02386,Karthik Nair,karthik.nair86@college.ac.in,MECH,2023,6,6.24,Average,0,False
S02387,Ajith Velayudhan,ajith.velayudhan24@college.ac.in,ECE,2024,4,5.52,Average,5,False
S02388,Rahul Natarajan,rahul.natarajan55@college.ac.in,ECE,2022,8,7.78,Good,0,False
S02389,Deepak Verma,deepak.verma68@college.ac.in,MECH,2024,3,7.11,Good,0,False
S02390,Vikram Krishnan,vikram.krishnan81@college.ac.in,MECH,2024,4,7.72,Good,0,False
S02391,Shahid Rao,shahid.rao93@college.ac.in,AIML,2024,4,6.37,Average,5,False
S02392,Zainab Malik,zainab.malik33@college.ac.in,MECH,2022,8,5.99,Average,1,False
S02393,Anjali Iyer,anjali.iyer71@college.ac.in,AIML,2024,4,6.42,Average,0,False
S02394,Syed Kulkarni,syed.kulkarni31@college.ac.in,MECH,2023,6,5.98,Average,1,True
S02395,Harikrishna Venkataraman,harikrishna.venkataraman71@college.ac.in,MECH,2024,4,6.08,Average,4,False
S02396,Nikhil Babu,nikhil.babu60@college.ac.in,AIML,2023,6,6.85,Average,0,False
S02397,Shreya Babu,shreya.babu94@college.ac.in,ECE,2024,4,5.68,Average,3,True
S02398,Amal Kamath,amal.kamath24@college.ac.in,ECE,2024,4,6.31,Average,0,False
S02399,Menon Prasad,menon.prasad62@college.ac.in,AIML,2025,2,6.08,Average,0,False
S02400,Ajith Venkataraman,ajith.venkataraman34@college.ac.in,ECE,2023,6,5.45,At Risk,6,True
S02401,Shreya Nambiar,shreya.nambiar46@college.ac.in,AIML,2025,2,6.52,Average,0,False
S02402,Kritika Iyengar,kritika.iyengar73@college.ac.in,MECH,2024,4,5.54,Average,4,True
S02403,Rajan Murthy,rajan.murthy52@college.ac.in,ECE,2023,5,6.22,Average,0,False
S02404,Irfan Qureshi,irfan.qureshi17@college.ac.in,ECE,2023,6,7.0,Good,0,False
S02405,Varun Iyengar,varun.iyengar40@college.ac.in,ECE,2025,2,5.83,Average,1,True
S02406,Krishnan Shetty,krishnan.shetty94@college.ac.in,AIML,2023,6,7.19,Good,0,False
S02407,Surya Chandrasekaran,surya.chandrasekaran49@college.ac.in,CSE,2022,8,7.82,Good,1,False
S02408,Varun Rajan,varun.rajan78@college.ac.in,AIML,2022,8,5.97,Average,1,False
S02409,Vignesh Hegde,vignesh.hegde77@college.ac.in,CSE,2023,5,7.45,Good,0,False
S02410,Sanjay Mirza,sanjay.mirza79@college.ac.in,CSE,2024,4,7.17,Good,2,False
S02411,Vivek Malik,vivek.malik31@college.ac.in,MECH,2024,4,5.13,At Risk,4,True
S02412,Meena Prasad,meena.prasad92@college.ac.in,AIML,2023,5,7.29,Good,4,False
S02413,Nadia Hegde,nadia.hegde68@college.ac.in,MECH,2023,6,7.43,Good,0,False
S02414,Harikrishna Patel,harikrishna.patel39@college.ac.in,ECE,2022,8,5.12,At Risk,4,True
S02415,Karthik Natarajan,karthik.natarajan42@college.ac.in,ECE,2025,2,6.2,Average,0,False
S02416,Mansi Selvam,mansi.selvam19@college.ac.in,ECE,2023,6,6.79,Average,4,False
S02417,Pooja Murugan,pooja.murugan11@college.ac.in,ECE,2023,6,6.73,Average,0,False
S02418,Ayesha Patel,ayesha.patel60@college.ac.in,CSE,2022,8,7.53,Good,0,False
S02419,Vijay Shetty,vijay.shetty12@college.ac.in,ECE,2023,6,7.22,Good,0,False
S02420,Ankit Krishnan,ankit.krishnan42@college.ac.in,CSE,2025,2,7.89,Good,0,False
S02421,Deepak Rao,deepak.rao57@college.ac.in,ECE,2024,4,5.98,Average,1,False
S02422,Pallavi Verma,pallavi.verma64@college.ac.in,MECH,2024,3,6.44,Average,0,False
S02423,Dhanush Mehta,dhanush.mehta61@college.ac.in,CSE,2022,8,7.9,Good,0,False
S02424,Bilal Sharma,bilal.sharma12@college.ac.in,ECE,2022,8,7.59,Good,0,False
S02425,Abhijith Yadav,abhijith.yadav76@college.ac.in,MECH,2024,4,5.82,Average,4,False
S02426,Sanjay Pandey,sanjay.pandey64@college.ac.in,CSE,2024,4,6.88,Average,0,False
S02427,Ajith Velayudhan,ajith.velayudhan71@college.ac.in,AIML,2024,4,5.76,Average,1,True
S02428,Ganesh Namboothiri,ganesh.namboothiri54@college.ac.in,CSE,2022,8,5.79,Average,5,True
S02429,Shreya Bhat,shreya.bhat66@college.ac.in,ECE,2024,4,5.77,Average,4,False
S02430,Harikrishna Qureshi,harikrishna.qureshi44@college.ac.in,AIML,2023,6,6.14,Average,5,False
S02431,Deepak Nair,deepak.nair42@college.ac.in,AIML,2024,4,6.65,Average,0,False
S02432,Shahid Gupta,shahid.gupta92@college.ac.in,MECH,2024,4,4.54,At Risk,5,False
S02433,Sreejith Mehta,sreejith.mehta38@college.ac.in,AIML,2025,2,6.41,Average,5,True
S02434,Hiba Subramaniam,hiba.subramaniam51@college.ac.in,ECE,2025,2,7.21,Good,0,False
S02435,Farhan Dubey,farhan.dubey94@college.ac.in,AIML,2023,6,5.93,Average,4,True
S02436,Surya Namboothiri,surya.namboothiri71@college.ac.in,CSE,2023,6,7.74,Good,0,False
S02437,Sathish Selvam,sathish.selvam68@college.ac.in,AIML,2023,5,7.1,Good,0,False
S02438,Siddharth Desai,siddharth.desai65@college.ac.in,MECH,2025,2,5.8,Average,3,True
S02439,Karthik Kumar,karthik.kumar36@college.ac.in,MECH,2024,4,6.48,Average,0,False
S02440,Junaid Qureshi,junaid.qureshi74@college.ac.in,CSE,2025,2,7.3,Good,0,False
S02441,Rishita Bhat,rishita.bhat94@college.ac.in,AIML,2023,6,7.56,Good,0,False
S02442,Naveen Sheikh,naveen.sheikh65@college.ac.in,CSE,2023,5,6.5,Average,0,False
S02443,Surya Mehta,surya.mehta81@college.ac.in,AIML,2024,4,5.43,At Risk,2,True
S02444,Priya Mehta,priya.mehta38@college.ac.in,CSE,2022,8,6.67,Average,0,False
S02445,Karthik Warrier,karthik.warrier45@college.ac.in,AIML,2022,8,6.02,Average,3,True
S02446,Pooja Pillai,pooja.pillai92@college.ac.in,ECE,2024,3,6.57,Average,4,False
S02447,Kritika Reddy,kritika.reddy77@college.ac.in,ECE,2023,6,5.6,Average,5,False
S02448,Gaurav Hussain,gaurav.hussain42@college.ac.in,CSE,2022,8,7.02,Good,0,False
S02449,Imran Patil,imran.patil80@college.ac.in,AIML,2025,2,6.37,Average,0,False
S02450,Revathi Verma,revathi.verma69@college.ac.in,ECE,2023,6,6.15,Average,5,False
S02451,Piyush Kamath,piyush.kamath48@college.ac.in,MECH,2024,4,6.52,Average,0,False
S02452,Asif Kulkarni,asif.kulkarni94@college.ac.in,AIML,2024,4,7.01,Good,0,False
S02453,Aman Rao,aman.rao44@college.ac.in,ECE,2024,4,6.92,Average,0,False
S02454,Jithin Chetty,jithin.chetty11@college.ac.in,CSE,2023,6,7.88,Good,0,False
S02455,Ankita Siddiqui,ankita.siddiqui94@college.ac.in,ECE,2025,2,5.86,Average,4,True
S02456,Imran Menon,imran.menon40@college.ac.in,MECH,2025,2,7.2,Good,0,False
S02457,Ankit Patel,ankit.patel62@college.ac.in,MECH,2024,4,6.3,Average,0,False
S02458,Harikrishna Hegde,harikrishna.hegde38@college.ac.in,ECE,2022,8,7.9,Good,0,False
S02459,Ankita Namboothiri,ankita.namboothiri57@college.ac.in,CSE,2024,4,8.12,Good,0,False
S02460,Ajith Velayudhan,ajith.velayudhan19@college.ac.in,CSE,2024,4,7.06,Good,0,False
S02461,Bilal Natarajan,bilal.natarajan55@college.ac.in,AIML,2024,4,6.41,Average,3,True
S02462,Pooja Krishnan,pooja.krishnan58@college.ac.in,CSE,2024,4,7.77,Good,0,False
S02463,Irfan Rao,irfan.rao24@college.ac.in,CSE,2022,8,6.86,Average,0,False
S02464,Farhan Gopalakrishnan,farhan.gopalakrishnan81@college.ac.in,CSE,2024,4,6.5,Average,5,True
S02465,Rajesh Selvam,rajesh.selvam64@college.ac.in,MECH,2022,8,6.28,Average,3,True
S02466,Neha Das,neha.das61@college.ac.in,CSE,2022,8,5.95,Average,5,True
S02467,Swathi Shetty,swathi.shetty26@college.ac.in,CSE,2023,5,7.43,Good,0,False
S02468,Riya Babu,riya.babu17@college.ac.in,AIML,2024,4,6.67,Average,0,False
S02469,Suresh Rao,suresh.rao34@college.ac.in,AIML,2023,6,7.38,Good,4,False
S02470,Anjali Rao,anjali.rao24@college.ac.in,CSE,2023,5,5.67,Average,6,True
S02471,Mansi Verma,mansi.verma18@college.ac.in,AIML,2022,8,6.96,Average,0,False
S02472,Jithin Iyer,jithin.iyer96@college.ac.in,CSE,2025,2,7.02,Good,3,True
S02473,Sreejith Venkataraman,sreejith.venkataraman72@college.ac.in,AIML,2023,6,5.83,Average,2,False
S02474,Sachin Babu,sachin.babu28@college.ac.in,ECE,2024,4,7.54,Good,0,False
S02475,Dhanush Nambiar,dhanush.nambiar62@college.ac.in,CSE,2024,3,7.63,Good,0,False
S02476,Tarun Hegde,tarun.hegde67@college.ac.in,ECE,2022,8,4.52,At Risk,6,True
S02477,Prerna Hussain,prerna.hussain77@college.ac.in,ECE,2022,8,6.28,Average,5,False
S02478,Siddharth Gupta,siddharth.gupta12@college.ac.in,AIML,2022,8,7.2,Good,0,False
S02479,Pooja Mirza,pooja.mirza36@college.ac.in,MECH,2024,4,6.5,Average,5,True
S02480,Syed Iyengar,syed.iyengar73@college.ac.in,ECE,2025,2,5.22,At Risk,2,False
S02481,Nisha Kamath,nisha.kamath98@college.ac.in,MECH,2023,5,5.11,At Risk,5,False
S02482,Bilal Bhat,bilal.bhat46@college.ac.in,ECE,2023,5,7.02,Good,0,False
S02483,Usman Naidu,usman.naidu81@college.ac.in,MECH,2024,3,7.92,Good,0,False
S02484,Dhanush Namboothiri,dhanush.namboothiri34@college.ac.in,AIML,2023,5,6.42,Average,0,False
S02485,Rajesh Chauhan,rajesh.chauhan81@college.ac.in,CSE,2022,8,7.19,Good,0,False
S02486,Pooja Krishnan,pooja.krishnan39@college.ac.in,CSE,2025,2,5.5,Average,2,False
S02487,Pallavi Kamath,pallavi.kamath32@college.ac.in,MECH,2024,4,4.64,At Risk,3,True
S02488,Lakshmi Tiwari,lakshmi.tiwari53@college.ac.in,AIML,2023,6,7.17,Good,0,False
S02489,Harikrishna Rao,harikrishna.rao28@college.ac.in,AIML,2022,8,6.53,Average,0,False
S02490,Adil Murugan,adil.murugan77@college.ac.in,CSE,2023,6,7.84,Good,0,False
S02491,Vijay Mehta,vijay.mehta80@college.ac.in,CSE,2025,2,8.19,Good,0,False
S02492,Shubham Prasad,shubham.prasad53@college.ac.in,AIML,2025,2,7.54,Good,0,False
S02493,Naveen Hussain,naveen.hussain72@college.ac.in,ECE,2023,5,6.89,Average,0,False
S02494,Riya Kumar,riya.kumar52@college.ac.in,ECE,2025,2,5.84,Average,3,True
S02495,Sana Chandrasekaran,sana.chandrasekaran78@college.ac.in,CSE,2022,8,7.21,Good,0,False
S02496,Ramesh Kulkarni,ramesh.kulkarni84@college.ac.in,CSE,2025,2,7.99,Good,0,False
S02497,Ramesh Mirza,ramesh.mirza69@college.ac.in,CSE,2023,6,6.47,Average,0,False
S02498,Divya Verma,divya.verma26@college.ac.in,CSE,2024,4,6.73,Average,4,False
S02499,Adil Rajan,adil.rajan23@college.ac.in,AIML,2025,2,5.7,Average,1,False
S02500,Sana Mehta,sana.mehta82@college.ac.in,ECE,2024,3,5.97,Average,1,True
S02501,Avinash Naidu,avinash.naidu40@college.ac.in,ECE,2023,5,7.47,Good,1,False
S02502,Swati Rao,swati.rao34@college.ac.in,AIML,2023,5,7.38,Good,0,False
S02503,Surya Warrier,surya.warrier74@college.ac.in,CSE,2023,5,6.28,Average,5,True
S02504,Syed Natarajan,syed.natarajan66@college.ac.in,CSE,2022,8,6.16,Average,0,False
S02505,Nithish Joshi,nithish.joshi86@college.ac.in,ECE,2023,6,6.97,Average,0,False
S02506,Manoj Reddy,manoj.reddy83@college.ac.in,ECE,2023,5,7.68,Good,0,False
S02507,Rajesh Naidu,rajesh.naidu60@college.ac.in,ECE,2024,4,7.04,Good,0,False
S02508,Nisha Kulkarni,nisha.kulkarni29@college.ac.in,ECE,2022,8,6.23,Average,5,True
S02509,Mansi Natarajan,mansi.natarajan14@college.ac.in,ECE,2022,8,6.59,Average,0,False
S02510,Pillai Nambiar,pillai.nambiar74@college.ac.in,MECH,2022,8,7.23,Good,0,False
S02511,Avinash Desai,avinash.desai58@college.ac.in,AIML,2023,6,7.13,Good,0,False
S02512,Amit Patel,amit.patel33@college.ac.in,ECE,2023,6,5.62,Average,3,True
S02513,Rajesh Iyer,rajesh.iyer18@college.ac.in,AIML,2025,2,7.36,Good,0,False
S02514,Ankita Kulkarni,ankita.kulkarni56@college.ac.in,MECH,2024,4,7.09,Good,0,False
S02515,Abhijith Iyer,abhijith.iyer90@college.ac.in,CSE,2025,2,7.09,Good,0,False
S02516,Pooja Rao,pooja.rao77@college.ac.in,CSE,2023,6,6.17,Average,5,True
S02517,Imran Menon,imran.menon22@college.ac.in,ECE,2022,8,8.38,Good,0,False
S02518,Praveen Gopalakrishnan,praveen.gopalakrishnan95@college.ac.in,MECH,2024,4,5.3,At Risk,3,True
S02519,Mansi Subramaniam,mansi.subramaniam80@college.ac.in,MECH,2023,6,6.52,Average,0,False
S02520,Shahid Mehta,shahid.mehta25@college.ac.in,MECH,2025,2,7.18,Good,0,False
S02521,Rishita Iyer,rishita.iyer16@college.ac.in,CSE,2022,8,8.1,Good,0,False
S02522,Pooja Kamath,pooja.kamath82@college.ac.in,ECE,2023,5,7.7,Good,1,False
S02523,Dinesh Qureshi,dinesh.qureshi20@college.ac.in,ECE,2024,4,6.5,Average,0,False
S02524,Hiba Pillai,hiba.pillai81@college.ac.in,AIML,2024,4,8.09,Good,0,False
S02525,Junaid Das,junaid.das64@college.ac.in,CSE,2022,8,8.4,Good,1,False
S02526,Muralidhar Hegde,muralidhar.hegde98@college.ac.in,CSE,2023,6,6.81,Average,0,False
S02527,Vikram Rao,vikram.rao79@college.ac.in,ECE,2025,2,6.86,Average,0,False
S02528,Ajith Murthy,ajith.murthy70@college.ac.in,CSE,2024,4,6.97,Average,0,False
S02529,Shubham Chandrasekaran,shubham.chandrasekaran63@college.ac.in,AIML,2024,3,5.94,Average,2,True
S02530,Neha Joshi,neha.joshi54@college.ac.in,ECE,2023,6,8.08,Good,0,False
S02531,Gaurav Naidu,gaurav.naidu77@college.ac.in,CSE,2024,4,7.26,Good,0,False
S02532,Dinesh Velayudhan,dinesh.velayudhan17@college.ac.in,CSE,2023,6,7.15,Good,0,False
S02533,Zainab Prasad,zainab.prasad63@college.ac.in,ECE,2023,6,6.76,Average,0,False
S02534,Fatima Patel,fatima.patel58@college.ac.in,MECH,2022,8,6.08,Average,5,True
S02535,Imran Hussain,imran.hussain60@college.ac.in,CSE,2023,6,6.23,Average,3,False
S02536,Vijay Gopalakrishnan,vijay.gopalakrishnan79@college.ac.in,ECE,2023,6,7.91,Good,0,False
S02537,Dinesh Kumar,dinesh.kumar89@college.ac.in,CSE,2023,6,6.72,Average,0,False
S02538,Mohammed Verma,mohammed.verma56@college.ac.in,MECH,2024,4,6.04,Average,0,False
S02539,Lakshmi Karunakaran,lakshmi.karunakaran51@college.ac.in,AIML,2023,6,6.34,Average,0,False
S02540,Sreejith Malik,sreejith.malik15@college.ac.in,ECE,2022,8,6.7,Average,0,False
S02541,Amina Murugan,amina.murugan37@college.ac.in,MECH,2024,3,5.49,At Risk,3,True
S02542,Revathi Natarajan,revathi.natarajan46@college.ac.in,ECE,2022,8,6.14,Average,2,True
S02543,Syed Ansari,syed.ansari70@college.ac.in,AIML,2023,6,7.36,Good,0,False
S02544,Zainab Karunakaran,zainab.karunakaran74@college.ac.in,CSE,2024,4,4.7,At Risk,3,True
S02545,Muralidhar Qureshi,muralidhar.qureshi80@college.ac.in,AIML,2025,2,4.65,At Risk,3,True
S02546,Suresh Murthy,suresh.murthy80@college.ac.in,MECH,2025,2,5.39,At Risk,4,True
S02547,Amal Patel,amal.patel90@college.ac.in,CSE,2024,4,7.76,Good,0,False
S02548,Ananya Venkataraman,ananya.venkataraman28@college.ac.in,AIML,2022,8,7.01,Good,0,False
S02549,Sneha Ansari,sneha.ansari55@college.ac.in,CSE,2022,8,6.9,Average,0,False
S02550,Sneha Naidu,sneha.naidu50@college.ac.in,ECE,2022,8,7.68,Good,0,False
S02551,Nadia Shah,nadia.shah10@college.ac.in,ECE,2025,2,7.09,Good,2,False
S02552,Vishnu Desai,vishnu.desai22@college.ac.in,ECE,2025,2,5.67,Average,2,True
S02553,Ayesha Naidu,ayesha.naidu10@college.ac.in,AIML,2025,2,7.84,Good,2,False
S02554,Vijay Mehta,vijay.mehta37@college.ac.in,AIML,2022,8,6.9,Average,2,False
S02555,Praveen Patel,praveen.patel99@college.ac.in,MECH,2022,8,6.87,Average,0,False
S02556,Riya Sheikh,riya.sheikh47@college.ac.in,CSE,2024,4,6.57,Average,5,False
S02557,Dhanush Nambiar,dhanush.nambiar42@college.ac.in,ECE,2023,6,6.95,Average,0,False
S02558,Harish Rao,harish.rao81@college.ac.in,ECE,2024,4,5.02,At Risk,3,True
S02559,Muralidhar Warrier,muralidhar.warrier81@college.ac.in,ECE,2022,8,7.46,Good,0,False
S02560,Dinesh Khan,dinesh.khan27@college.ac.in,MECH,2024,4,7.02,Good,0,False
S02561,Pillai Tiwari,pillai.tiwari55@college.ac.in,ECE,2025,2,7.7,Good,3,False
S02562,Faisal Sheikh,faisal.sheikh61@college.ac.in,AIML,2023,6,6.68,Average,0,False
S02563,Nair Selvam,nair.selvam15@college.ac.in,CSE,2025,2,5.8,Average,4,False
S02564,Shahid Sheikh,shahid.sheikh41@college.ac.in,ECE,2024,4,5.65,Average,2,False
S02565,Ramya Arumugam,ramya.arumugam29@college.ac.in,CSE,2024,4,7.28,Good,3,False
S02566,Shahid Babu,shahid.babu26@college.ac.in,MECH,2023,6,6.39,Average,0,False
S02567,Saranya Rajan,saranya.rajan80@college.ac.in,AIML,2025,2,7.19,Good,0,False
S02568,Faisal Naidu,faisal.naidu65@college.ac.in,ECE,2024,4,6.91,Average,0,False
S02569,Menon Kumar,menon.kumar44@college.ac.in,CSE,2022,8,6.71,Average,0,False
S02570,Varun Sharma,varun.sharma35@college.ac.in,CSE,2025,2,7.38,Good,0,False
S02571,Surya Patil,surya.patil91@college.ac.in,AIML,2024,4,7.88,Good,0,False
S02572,Zainab Singh,zainab.singh81@college.ac.in,CSE,2023,6,6.91,Average,0,False
S02573,Prerna Naidu,prerna.naidu88@college.ac.in,CSE,2022,8,7.01,Good,0,False
S02574,Zainab Hegde,zainab.hegde34@college.ac.in,MECH,2023,5,5.11,At Risk,6,True
S02575,Rajesh Nambiar,rajesh.nambiar15@college.ac.in,CSE,2023,6,7.75,Good,0,False
S02576,Abhijith Shetty,abhijith.shetty43@college.ac.in,AIML,2024,4,6.41,Average,0,False
S02577,Saranya Mehta,saranya.mehta15@college.ac.in,CSE,2022,8,6.62,Average,2,True
S02578,Ankit Rao,ankit.rao78@college.ac.in,ECE,2022,8,7.35,Good,0,False
S02579,Ananya Kulkarni,ananya.kulkarni13@college.ac.in,ECE,2022,8,5.22,At Risk,6,True
S02580,Ganesh Chetty,ganesh.chetty15@college.ac.in,ECE,2023,6,6.46,Average,0,False
S02581,Amal Chandrasekaran,amal.chandrasekaran56@college.ac.in,ECE,2022,8,6.93,Average,0,False
S02582,Nithish Patel,nithish.patel63@college.ac.in,MECH,2024,3,5.55,Average,1,True
S02583,Ravi Warrier,ravi.warrier44@college.ac.in,CSE,2024,3,6.44,Average,0,False
S02584,Fatima Sharma,fatima.sharma46@college.ac.in,CSE,2022,8,7.59,Good,0,False
S02585,Ankita Warrier,ankita.warrier30@college.ac.in,AIML,2023,6,6.66,Average,0,False
S02586,Kritika Warrier,kritika.warrier22@college.ac.in,CSE,2024,3,4.22,At Risk,2,True
S02587,Vivek Velayudhan,vivek.velayudhan37@college.ac.in,AIML,2025,2,7.31,Good,0,False
S02588,Varun Pandey,varun.pandey69@college.ac.in,CSE,2025,2,7.81,Good,0,False
S02589,Aman Pillai,aman.pillai76@college.ac.in,CSE,2022,8,7.0,Good,1,False
S02590,Harish Patil,harish.patil37@college.ac.in,AIML,2024,4,6.16,Average,0,False
S02591,Surya Gopalakrishnan,surya.gopalakrishnan16@college.ac.in,MECH,2024,3,6.76,Average,0,False
S02592,Akash Das,akash.das79@college.ac.in,CSE,2023,6,7.94,Good,0,False
S02593,Usman Gopalakrishnan,usman.gopalakrishnan41@college.ac.in,AIML,2022,8,7.16,Good,0,False
S02594,Neha Desai,neha.desai90@college.ac.in,MECH,2023,6,4.87,At Risk,3,True
S02595,Muralidhar Dubey,muralidhar.dubey47@college.ac.in,MECH,2023,6,5.43,At Risk,2,True
S02596,Sana Sharma,sana.sharma85@college.ac.in,MECH,2025,2,7.03,Good,0,False
S02597,Jithin Pandey,jithin.pandey12@college.ac.in,CSE,2024,4,7.13,Good,0,False
S02598,Zubair Qureshi,zubair.qureshi84@college.ac.in,MECH,2025,2,5.1,At Risk,4,True
S02599,Usman Kumar,usman.kumar80@college.ac.in,ECE,2022,8,6.89,Average,0,False
S02600,Pooja Arumugam,pooja.arumugam60@college.ac.in,MECH,2023,6,5.13,At Risk,5,True
S02601,Vijay Nambiar,vijay.nambiar68@college.ac.in,MECH,2022,8,6.56,Average,1,False
S02602,Pooja Chandrasekaran,pooja.chandrasekaran80@college.ac.in,MECH,2024,4,6.53,Average,2,False
S02603,Arun Khan,arun.khan63@college.ac.in,ECE,2022,8,5.8,Average,1,True
S02604,Faisal Siddiqui,faisal.siddiqui69@college.ac.in,AIML,2023,6,7.37,Good,0,False
S02605,Dinesh Khan,dinesh.khan75@college.ac.in,ECE,2024,4,6.22,Average,0,False
S02606,Simran Singh,simran.singh23@college.ac.in,AIML,2022,8,6.71,Average,0,False
S02607,Ramesh Rao,ramesh.rao21@college.ac.in,AIML,2024,4,6.58,Average,0,False
S02608,Ramya Shetty,ramya.shetty27@college.ac.in,ECE,2023,6,5.78,Average,5,False
S02609,Nithya Karunakaran,nithya.karunakaran50@college.ac.in,MECH,2025,2,5.04,At Risk,4,False
S02610,Pooja Bhat,pooja.bhat10@college.ac.in,ECE,2023,6,6.47,Average,0,False
S02611,Vivek Varma,vivek.varma69@college.ac.in,AIML,2023,6,6.74,Average,0,False
S02612,Aditi Naidu,aditi.naidu49@college.ac.in,ECE,2024,4,6.14,Average,4,False
S02613,Ananya Prasad,ananya.prasad72@college.ac.in,AIML,2025,2,7.69,Good,5,False
S02614,Ananya Sharma,ananya.sharma36@college.ac.in,MECH,2024,4,5.26,At Risk,2,True
S02615,Pooja Natarajan,pooja.natarajan12@college.ac.in,MECH,2023,5,7.03,Good,0,False
S02616,Abhijith Kumar,abhijith.kumar39@college.ac.in,CSE,2023,6,7.94,Good,0,False
S02617,Hiba Ansari,hiba.ansari60@college.ac.in,ECE,2025,2,5.16,At Risk,4,True
S02618,Irfan Malik,irfan.malik33@college.ac.in,MECH,2022,8,5.4,At Risk,5,False
S02619,Vivek Verma,vivek.verma44@college.ac.in,MECH,2022,8,5.98,Average,2,True
S02620,Abhijith Patil,abhijith.patil52@college.ac.in,CSE,2024,4,7.46,Good,0,False
S02621,Surya Pillai,surya.pillai25@college.ac.in,CSE,2024,4,7.67,Good,0,False
S02622,Simran Kulkarni,simran.kulkarni70@college.ac.in,ECE,2023,6,6.33,Average,0,False
S02623,Karthik Nambiar,karthik.nambiar69@college.ac.in,AIML,2024,4,5.03,At Risk,5,True
S02624,Karthik Sharma,karthik.sharma71@college.ac.in,AIML,2025,2,7.28,Good,2,False
S02625,Aditi Arumugam,aditi.arumugam46@college.ac.in,MECH,2024,4,5.26,At Risk,3,True
S02626,Nisha Kulkarni,nisha.kulkarni17@college.ac.in,ECE,2023,6,6.66,Average,2,False
S02627,Arun Das,arun.das97@college.ac.in,ECE,2023,6,7.31,Good,0,False
S02628,Jithin Nair,jithin.nair92@college.ac.in,ECE,2024,4,6.08,Average,2,True
S02629,Salman Velayudhan,salman.velayudhan48@college.ac.in,ECE,2022,8,6.3,Average,0,False
S02630,Aman Chetty,aman.chetty71@college.ac.in,CSE,2023,6,6.53,Average,0,False
S02631,Nikhil Verma,nikhil.verma89@college.ac.in,CSE,2023,6,6.92,Average,0,False
S02632,Rahul Sheikh,rahul.sheikh52@college.ac.in,ECE,2024,4,7.15,Good,4,True
S02633,Kritika Iyengar,kritika.iyengar47@college.ac.in,MECH,2022,8,7.79,Good,0,False
S02634,Saranya Chandrasekaran,saranya.chandrasekaran79@college.ac.in,CSE,2025,2,7.22,Good,0,False
S02635,Arjun Velayudhan,arjun.velayudhan30@college.ac.in,MECH,2022,8,7.14,Good,0,False
S02636,Kritika Kamath,kritika.kamath82@college.ac.in,MECH,2025,2,5.29,At Risk,6,True
S02637,Gaurav Chetty,gaurav.chetty30@college.ac.in,AIML,2025,2,6.65,Average,4,False
S02638,Meena Pandey,meena.pandey67@college.ac.in,MECH,2024,4,6.27,Average,0,False
S02639,Keerthi Menon,keerthi.menon19@college.ac.in,MECH,2024,4,7.53,Good,0,False
S02640,Zubair Gupta,zubair.gupta62@college.ac.in,ECE,2023,6,5.84,Average,2,False
S02641,Jithin Prasad,jithin.prasad97@college.ac.in,CSE,2022,8,7.5,Good,0,False
S02642,Ramya Krishnan,ramya.krishnan56@college.ac.in,MECH,2024,4,4.75,At Risk,1,True
S02643,Kavya Mishra,kavya.mishra27@college.ac.in,MECH,2024,4,6.63,Average,0,False
S02644,Rizwan Kulkarni,rizwan.kulkarni12@college.ac.in,ECE,2022,8,5.82,Average,3,True
S02645,Vikram Mirza,vikram.mirza75@college.ac.in,CSE,2024,3,8.18,Good,0,False
S02646,Ayesha Kumar,ayesha.kumar38@college.ac.in,MECH,2024,4,4.65,At Risk,5,True
S02647,Usman Dubey,usman.dubey66@college.ac.in,MECH,2022,8,5.07,At Risk,6,True
S02648,Rajan Karunakaran,rajan.karunakaran53@college.ac.in,ECE,2023,6,6.76,Average,0,False
S02649,Faisal Tiwari,faisal.tiwari71@college.ac.in,MECH,2022,8,5.79,Average,5,True
S02650,Harikrishna Krishnan,harikrishna.krishnan57@college.ac.in,MECH,2023,6,6.02,Average,0,False
S02651,Ravi Sheikh,ravi.sheikh46@college.ac.in,CSE,2023,6,5.41,At Risk,4,False
S02652,Ganesh Reddy,ganesh.reddy85@college.ac.in,MECH,2023,6,5.21,At Risk,2,True
S02653,Harish Namboothiri,harish.namboothiri28@college.ac.in,CSE,2023,6,5.51,Average,4,True
S02654,Farhan Hegde,farhan.hegde75@college.ac.in,AIML,2025,2,4.73,At Risk,3,True
S02655,Krishnan Qureshi,krishnan.qureshi92@college.ac.in,ECE,2024,4,6.52,Average,0,False
S02656,Nisha Mishra,nisha.mishra86@college.ac.in,AIML,2022,8,6.04,Average,3,True
S02657,Kritika Pandey,kritika.pandey40@college.ac.in,CSE,2025,2,6.55,Average,0,False
S02658,Salman Krishnan,salman.krishnan35@college.ac.in,CSE,2023,6,7.77,Good,0,False
S02659,Varun Patil,varun.patil24@college.ac.in,ECE,2023,6,7.44,Good,0,False
S02660,Sneha Rao,sneha.rao90@college.ac.in,ECE,2025,2,6.44,Average,0,False
S02661,Amal Nair,amal.nair40@college.ac.in,MECH,2024,4,4.04,At Risk,5,True
S02662,Anjali Rao,anjali.rao81@college.ac.in,ECE,2024,4,6.77,Average,0,False
S02663,Harikrishna Tiwari,harikrishna.tiwari53@college.ac.in,CSE,2023,5,8.37,Good,0,False
S02664,Mansi Dubey,mansi.dubey83@college.ac.in,ECE,2024,4,6.71,Average,0,False
S02665,Sachin Siddiqui,sachin.siddiqui28@college.ac.in,MECH,2024,4,5.38,At Risk,4,True
S02666,Rajan Selvam,rajan.selvam43@college.ac.in,ECE,2022,8,7.08,Good,0,False
S02667,Rukhsar Joshi,rukhsar.joshi86@college.ac.in,CSE,2023,6,6.86,Average,0,False
S02668,Rizwan Hegde,rizwan.hegde15@college.ac.in,CSE,2025,2,7.64,Good,0,False
S02669,Ajith Malik,ajith.malik26@college.ac.in,ECE,2025,2,5.62,Average,4,True
S02670,Dhanush Sheikh,dhanush.sheikh87@college.ac.in,CSE,2022,8,7.36,Good,0,False
S02671,Riya Iyer,riya.iyer47@college.ac.in,CSE,2024,4,5.93,Average,0,False
S02672,Meena Venkataraman,meena.venkataraman41@college.ac.in,MECH,2023,5,6.62,Average,0,False
S02673,Rukhsar Ansari,rukhsar.ansari96@college.ac.in,CSE,2025,2,6.31,Average,2,False
S02674,Ramya Dubey,ramya.dubey49@college.ac.in,CSE,2024,4,6.31,Average,5,True
S02675,Simran Prasad,simran.prasad60@college.ac.in,ECE,2025,2,6.29,Average,4,False
S02676,Shubham Tiwari,shubham.tiwari87@college.ac.in,CSE,2022,8,5.86,Average,5,True
S02677,Nithya Nair,nithya.nair36@college.ac.in,ECE,2022,8,7.09,Good,0,False
S02678,Vijay Chetty,vijay.chetty61@college.ac.in,ECE,2024,4,6.75,Average,0,False
S02679,Manoj Rao,manoj.rao41@college.ac.in,CSE,2022,8,7.5,Good,0,False
S02680,Aditi Varma,aditi.varma66@college.ac.in,AIML,2025,2,5.56,Average,4,True
S02681,Mohammed Reddy,mohammed.reddy99@college.ac.in,CSE,2022,8,6.01,Average,5,True
S02682,Rajesh Mirza,rajesh.mirza74@college.ac.in,CSE,2022,8,6.94,Average,0,False
S02683,Karthik Pandey,karthik.pandey82@college.ac.in,AIML,2023,6,6.95,Average,0,False
S02684,Babu Gopalakrishnan,babu.gopalakrishnan89@college.ac.in,AIML,2022,8,7.28,Good,0,False
S02685,Faisal Babu,faisal.babu58@college.ac.in,CSE,2022,8,7.14,Good,0,False
S02686,Mohammed Bhat,mohammed.bhat67@college.ac.in,CSE,2023,6,7.86,Good,0,False
S02687,Praveen Venkataraman,praveen.venkataraman36@college.ac.in,CSE,2025,2,7.43,Good,0,False
S02688,Kavya Mirza,kavya.mirza95@college.ac.in,CSE,2022,8,7.42,Good,0,False
S02689,Aditi Krishnan,aditi.krishnan73@college.ac.in,MECH,2024,4,4.31,At Risk,3,True
S02690,Manoj Reddy,manoj.reddy37@college.ac.in,ECE,2022,8,7.06,Good,0,False
S02691,Sanjay Rajan,sanjay.rajan29@college.ac.in,CSE,2023,6,7.8,Good,0,False
S02692,Prerna Chauhan,prerna.chauhan20@college.ac.in,MECH,2022,8,6.97,Average,0,False
S02693,Vijay Pandey,vijay.pandey80@college.ac.in,MECH,2024,4,6.7,Average,0,False
S02694,Pillai Yadav,pillai.yadav44@college.ac.in,MECH,2025,2,5.73,Average,3,True
S02695,Revathi Selvam,revathi.selvam57@college.ac.in,ECE,2022,8,6.21,Average,3,False
S02696,Deepak Rao,deepak.rao58@college.ac.in,CSE,2023,6,7.29,Good,0,False
S02697,Ayesha Mishra,ayesha.mishra20@college.ac.in,AIML,2023,5,6.37,Average,0,False
S02698,Shreya Subramaniam,shreya.subramaniam79@college.ac.in,MECH,2023,6,7.37,Good,0,False
S02699,Amal Velayudhan,amal.velayudhan56@college.ac.in,CSE,2022,8,7.07,Good,3,False
S02700,Pillai Chauhan,pillai.chauhan35@college.ac.in,MECH,2024,4,7.01,Good,0,False
S02701,Ramya Mehta,ramya.mehta96@college.ac.in,AIML,2022,8,6.56,Average,0,False
S02702,Arjun Rajan,arjun.rajan13@college.ac.in,AIML,2022,8,6.27,Average,0,False
S02703,Junaid Murthy,junaid.murthy550@college.ac.in,AIML,2022,8,6.47,Average,3,True
S02704,Aishwarya Nair,aishwarya.nair59@college.ac.in,MECH,2023,6,7.3,Good,0,False
S02705,Hiba Reddy,hiba.reddy93@college.ac.in,AIML,2022,8,6.91,Average,4,False
S02706,Harikrishna Bhat,harikrishna.bhat28@college.ac.in,CSE,2023,6,7.95,Good,0,False
S02707,Keerthi Chandrasekaran,keerthi.chandrasekaran52@college.ac.in,CSE,2024,4,5.92,Average,3,True
S02708,Muralidhar Karunakaran,muralidhar.karunakaran96@college.ac.in,CSE,2023,6,7.04,Good,0,False
S02709,Faisal Chandrasekaran,faisal.chandrasekaran53@college.ac.in,ECE,2024,4,7.63,Good,0,False
S02710,Rahul Mehta,rahul.mehta80@college.ac.in,CSE,2024,3,6.69,Average,5,False
S02711,Shahid Singh,shahid.singh12@college.ac.in,MECH,2024,4,5.42,At Risk,2,True
S02712,Vijay Reddy,vijay.reddy81@college.ac.in,AIML,2024,4,6.43,Average,0,False
S02713,Zainab Shetty,zainab.shetty60@college.ac.in,AIML,2022,8,6.34,Average,3,True
S02714,Sachin Shetty,sachin.shetty15@college.ac.in,CSE,2022,8,6.22,Average,0,False
S02715,Naveen Subramaniam,naveen.subramaniam26@college.ac.in,ECE,2024,4,5.6,Average,4,True
S02716,Farhan Bhat,farhan.bhat36@college.ac.in,CSE,2024,4,7.51,Good,0,False
S02717,Prithviraj Das,prithviraj.das92@college.ac.in,CSE,2024,4,6.7,Average,0,False
S02718,Divya Shetty,divya.shetty27@college.ac.in,CSE,2023,6,7.42,Good,0,False
S02719,Logesh Shah,logesh.shah31@college.ac.in,MECH,2023,6,7.15,Good,0,False
S02720,Rishita Reddy,rishita.reddy70@college.ac.in,ECE,2023,6,5.61,Average,4,True
S02721,Priya Das,priya.das67@college.ac.in,CSE,2024,4,7.81,Good,0,False
S02722,Priya Namboothiri,priya.namboothiri29@college.ac.in,AIML,2023,6,7.58,Good,0,False
S02723,Abhijith Subramaniam,abhijith.subramaniam45@college.ac.in,ECE,2025,2,6.48,Average,0,False
S02724,Gaurav Murugan,gaurav.murugan74@college.ac.in,ECE,2022,8,5.21,At Risk,2,True
S02725,Zainab Chetty,zainab.chetty98@college.ac.in,MECH,2024,4,5.64,Average,2,True
S02726,Rajesh Venkataraman,rajesh.venkataraman13@college.ac.in,CSE,2023,6,8.01,Good,0,False
S02727,Vikram Qureshi,vikram.qureshi25@college.ac.in,MECH,2023,6,5.4,At Risk,5,True
S02728,Deepak Bhat,deepak.bhat40@college.ac.in,MECH,2023,5,5.98,Average,5,True
S02729,Varun Rao,varun.rao18@college.ac.in,MECH,2025,2,5.45,At Risk,5,True
S02730,Anjali Sharma,anjali.sharma86@college.ac.in,ECE,2023,6,7.78,Good,0,False
S02731,Rajesh Qureshi,rajesh.qureshi90@college.ac.in,AIML,2022,8,7.86,Good,0,False
S02732,Aditi Iyer,aditi.iyer78@college.ac.in,ECE,2023,5,7.18,Good,0,False
S02733,Ravi Iyengar,ravi.iyengar80@college.ac.in,MECH,2024,4,6.49,Average,4,True
S02734,Aishwarya Prasad,aishwarya.prasad12@college.ac.in,AIML,2024,4,7.13,Good,0,False
S02735,Shahid Patel,shahid.patel29@college.ac.in,AIML,2024,4,8.17,Good,0,False
S02736,Athul Das,athul.das14@college.ac.in,CSE,2023,6,7.7,Good,0,False
S02737,Nikhil Mehta,nikhil.mehta16@college.ac.in,AIML,2024,4,5.56,Average,2,False
S02738,Rajesh Ansari,rajesh.ansari27@college.ac.in,ECE,2024,4,7.12,Good,0,False
S02739,Ajith Reddy,ajith.reddy46@college.ac.in,MECH,2022,8,7.7,Good,0,False
S02740,Asif Prasad,asif.prasad16@college.ac.in,MECH,2023,6,4.92,At Risk,2,True
S02741,Mohammed Subramaniam,mohammed.subramaniam17@college.ac.in,ECE,2025,2,6.86,Average,1,False
S02742,Divya Mehta,divya.mehta40@college.ac.in,CSE,2025,2,6.36,Average,0,False
S02743,Farhan Khan,farhan.khan55@college.ac.in,ECE,2024,4,4.25,At Risk,3,True
S02744,Farhan Kulkarni,farhan.kulkarni47@college.ac.in,AIML,2023,6,6.04,Average,3,True
S02745,Avinash Mirza,avinash.mirza68@college.ac.in,CSE,2023,6,6.92,Average,0,False
S02746,Neha Gupta,neha.gupta96@college.ac.in,CSE,2024,4,5.13,At Risk,2,True
S02747,Surya Singh,surya.singh36@college.ac.in,MECH,2024,4,6.83,Average,0,False
S02748,Arun Venkataraman,arun.venkataraman42@college.ac.in,MECH,2024,4,7.62,Good,3,False
S02749,Menon Yadav,menon.yadav23@college.ac.in,CSE,2024,4,6.53,Average,0,False
S02750,Kritika Varma,kritika.varma19@college.ac.in,CSE,2023,6,5.96,Average,2,True
S02751,Suresh Iyer,suresh.iyer17@college.ac.in,ECE,2023,6,7.45,Good,0,False
S02752,Harish Nair,harish.nair42@college.ac.in,CSE,2022,8,5.78,Average,2,True
S02753,Priya Dubey,priya.dubey73@college.ac.in,ECE,2024,4,5.33,At Risk,1,True
S02754,Simran Pillai,simran.pillai67@college.ac.in,AIML,2025,2,7.68,Good,0,False
S02755,Aamir Nambiar,aamir.nambiar68@college.ac.in,MECH,2025,2,4.33,At Risk,3,True
S02756,Dhanush Arumugam,dhanush.arumugam27@college.ac.in,CSE,2025,2,7.11,Good,0,False
S02757,Aishwarya Patil,aishwarya.patil47@college.ac.in,CSE,2025,2,6.33,Average,4,True
S02758,Nithya Reddy,nithya.reddy69@college.ac.in,ECE,2023,6,5.59,Average,5,True
S02759,Ananya Venkataraman,ananya.venkataraman54@college.ac.in,AIML,2023,6,7.28,Good,0,False
S02760,Aishwarya Chetty,aishwarya.chetty57@college.ac.in,ECE,2023,5,6.32,Average,0,False
S02761,Piyush Mishra,piyush.mishra40@college.ac.in,MECH,2022,8,7.22,Good,0,False
S02762,Dinesh Chetty,dinesh.chetty60@college.ac.in,CSE,2023,6,7.19,Good,0,False
S02763,Ananya Natarajan,ananya.natarajan89@college.ac.in,MECH,2022,8,7.21,Good,0,False
S02764,Ankita Gupta,ankita.gupta73@college.ac.in,ECE,2023,5,5.51,Average,3,True
S02765,Saranya Chetty,saranya.chetty83@college.ac.in,MECH,2023,6,5.23,At Risk,1,False
S02766,Pallavi Rajan,pallavi.rajan33@college.ac.in,AIML,2024,3,7.34,Good,0,False
S02767,Saranya Pillai,saranya.pillai83@college.ac.in,MECH,2024,4,7.54,Good,0,False
S02768,Naveen Dubey,naveen.dubey77@college.ac.in,ECE,2024,4,7.19,Good,0,False
S02769,Vikram Shetty,vikram.shetty94@college.ac.in,CSE,2025,2,5.88,Average,5,True
S02770,Gaurav Kulkarni,gaurav.kulkarni26@college.ac.in,CSE,2025,2,7.25,Good,0,False
S02771,Faisal Nair,faisal.nair73@college.ac.in,AIML,2023,6,5.58,Average,1,False
S02772,Dinesh Warrier,dinesh.warrier35@college.ac.in,MECH,2023,6,7.62,Good,0,False
S02773,Dinesh Das,dinesh.das41@college.ac.in,ECE,2024,4,5.28,At Risk,3,True
S02774,Sanjay Rao,sanjay.rao53@college.ac.in,MECH,2022,8,6.47,Average,0,False
S02775,Zainab Murugan,zainab.murugan74@college.ac.in,CSE,2024,4,8.42,Good,0,False
S02776,Rajan Krishnan,rajan.krishnan22@college.ac.in,MECH,2024,4,6.21,Average,4,False
S02777,Arun Murthy,arun.murthy35@college.ac.in,CSE,2022,8,7.3,Good,3,False
S02778,Ajith Ansari,ajith.ansari16@college.ac.in,CSE,2022,8,8.19,Good,0,False
S02779,Deepak Nambiar,deepak.nambiar20@college.ac.in,ECE,2024,3,4.84,At Risk,6,True
S02780,Ananya Babu,ananya.babu62@college.ac.in,AIML,2023,6,7.95,Good,0,False
S02781,Ayesha Pandey,ayesha.pandey34@college.ac.in,CSE,2022,8,5.7,Average,5,True
S02782,Tarun Menon,tarun.menon29@college.ac.in,ECE,2024,3,7.02,Good,0,False
S02783,Aamir Velayudhan,aamir.velayudhan17@college.ac.in,CSE,2024,4,7.5,Good,0,False
S02784,Vijay Naidu,vijay.naidu80@college.ac.in,AIML,2024,4,6.27,Average,4,False
S02785,Sanjay Krishnan,sanjay.krishnan62@college.ac.in,CSE,2025,2,7.9,Good,1,False
S02786,Zainab Chetty,zainab.chetty55@college.ac.in,ECE,2025,2,5.35,At Risk,3,False
S02787,Zubair Subramaniam,zubair.subramaniam75@college.ac.in,MECH,2022,8,5.03,At Risk,3,True
S02788,Ganesh Pandey,ganesh.pandey87@college.ac.in,ECE,2023,6,5.53,Average,2,True
S02789,Keerthi Kumar,keerthi.kumar59@college.ac.in,ECE,2025,2,7.4,Good,0,False
S02790,Ayesha Selvam,ayesha.selvam98@college.ac.in,AIML,2025,2,7.06,Good,0,False
S02791,Simran Natarajan,simran.natarajan21@college.ac.in,ECE,2022,8,5.89,Average,6,True
S02792,Nair Ansari,nair.ansari72@college.ac.in,MECH,2025,2,7.98,Good,0,False
S02793,Neha Namboothiri,neha.namboothiri41@college.ac.in,MECH,2024,4,6.42,Average,1,False
S02794,Shubham Pandey,shubham.pandey59@college.ac.in,MECH,2024,4,6.44,Average,2,False
S02795,Kritika Bhat,kritika.bhat64@college.ac.in,CSE,2025,2,7.03,Good,0,False
S02796,Ganesh Venkataraman,ganesh.venkataraman14@college.ac.in,CSE,2023,5,6.64,Average,3,True
S02797,Farhan Gopalakrishnan,farhan.gopalakrishnan85@college.ac.in,CSE,2023,6,7.24,Good,0,False
S02798,Rukhsar Varma,rukhsar.varma66@college.ac.in,MECH,2022,8,7.43,Good,1,False
S02799,Bilal Menon,bilal.menon40@college.ac.in,AIML,2024,4,5.12,At Risk,2,True
S02800,Asif Varma,asif.varma58@college.ac.in,ECE,2025,2,7.03,Good,0,False
S02801,Vikram Menon,vikram.menon28@college.ac.in,MECH,2022,8,7.15,Good,0,False
S02802,Vikram Patil,vikram.patil54@college.ac.in,AIML,2022,8,6.75,Average,0,False
S02803,Neha Mirza,neha.mirza70@college.ac.in,AIML,2024,4,6.51,Average,0,False
S02804,Vivek Hussain,vivek.hussain39@college.ac.in,AIML,2023,6,7.28,Good,0,False
S02805,Mansi Rao,mansi.rao83@college.ac.in,ECE,2025,2,6.24,Average,0,False
S02806,Krishnan Shetty,krishnan.shetty17@college.ac.in,MECH,2025,2,7.95,Good,0,False
S02807,Prerna Natarajan,prerna.natarajan46@college.ac.in,ECE,2022,8,6.82,Average,0,False
S02808,Kritika Menon,kritika.menon44@college.ac.in,CSE,2024,4,6.2,Average,0,False
S02809,Nair Verma,nair.verma37@college.ac.in,AIML,2022,8,8.13,Good,0,False
S02810,Vijay Mirza,vijay.mirza16@college.ac.in,CSE,2022,8,6.29,Average,3,True
S02811,Neha Ansari,neha.ansari50@college.ac.in,MECH,2023,6,6.8,Average,0,False
S02812,Vikram Velayudhan,vikram.velayudhan69@college.ac.in,CSE,2023,6,5.95,Average,1,False
S02813,Aishwarya Krishnan,aishwarya.krishnan24@college.ac.in,CSE,2022,8,6.75,Average,0,False
S02814,Shubham Bhat,shubham.bhat67@college.ac.in,AIML,2023,6,5.72,Average,6,False
S02815,Sneha Krishnan,sneha.krishnan15@college.ac.in,MECH,2025,2,4.0,At Risk,5,True
S02816,Nair Menon,nair.menon64@college.ac.in,CSE,2024,3,7.13,Good,4,False
S02817,Neha Mehta,neha.mehta55@college.ac.in,ECE,2025,2,7.54,Good,0,False
S02818,Adil Karunakaran,adil.karunakaran90@college.ac.in,MECH,2025,2,3.7,At Risk,2,True
S02819,Adil Joshi,adil.joshi42@college.ac.in,ECE,2025,2,8.45,Good,0,False
S02820,Swathi Kulkarni,swathi.kulkarni27@college.ac.in,ECE,2025,2,4.87,At Risk,5,True
S02821,Sanjay Patil,sanjay.patil33@college.ac.in,CSE,2023,6,6.9,Average,0,False
S02822,Prithviraj Joshi,prithviraj.joshi13@college.ac.in,MECH,2024,4,6.68,Average,0,False
S02823,Zainab Reddy,zainab.reddy96@college.ac.in,ECE,2024,4,7.48,Good,0,False
S02824,Vishnu Kamath,vishnu.kamath98@college.ac.in,AIML,2024,4,5.5,Average,4,True
S02825,Nithya Subramaniam,nithya.subramaniam79@college.ac.in,MECH,2024,4,6.76,Average,0,False
S02826,Krishnan Chandrasekaran,krishnan.chandrasekaran77@college.ac.in,MECH,2024,4,6.37,Average,0,False
S02827,Vivek Prasad,vivek.prasad63@college.ac.in,CSE,2024,4,7.25,Good,0,False
S02828,Bilal Reddy,bilal.reddy85@college.ac.in,MECH,2025,2,5.04,At Risk,3,True
S02829,Amit Patil,amit.patil89@college.ac.in,ECE,2023,6,6.6,Average,3,True
S02830,Bilal Krishnan,bilal.krishnan70@college.ac.in,CSE,2024,4,7.62,Good,0,False
S02831,Ankit Menon,ankit.menon76@college.ac.in,ECE,2025,2,4.41,At Risk,6,True
S02832,Salman Singh,salman.singh15@college.ac.in,ECE,2023,6,7.65,Good,0,False
S02833,Nair Mirza,nair.mirza43@college.ac.in,AIML,2024,4,8.05,Good,0,False
S02834,Prerna Patil,prerna.patil57@college.ac.in,CSE,2025,2,8.41,Good,0,False
S02835,Praveen Pillai,praveen.pillai95@college.ac.in,ECE,2022,8,7.72,Good,0,False
S02836,Prithviraj Patel,prithviraj.patel593@college.ac.in,MECH,2022,8,6.64,Average,2,False
S02837,Ramesh Bhat,ramesh.bhat32@college.ac.in,ECE,2023,5,6.81,Average,0,False
S02838,Prithviraj Pillai,prithviraj.pillai82@college.ac.in,CSE,2023,6,8.13,Good,0,False
S02839,Naveen Naidu,naveen.naidu50@college.ac.in,MECH,2022,8,6.8,Average,0,False
S02840,Farhan Shetty,farhan.shetty91@college.ac.in,CSE,2024,3,6.15,Average,6,True
S02841,Imran Subramaniam,imran.subramaniam17@college.ac.in,CSE,2023,6,6.65,Average,0,False
S02842,Sachin Mehta,sachin.mehta60@college.ac.in,MECH,2022,8,6.52,Average,0,False
S02843,Nikhil Singh,nikhil.singh17@college.ac.in,ECE,2023,6,5.83,Average,2,False
S02844,Suresh Rao,suresh.rao17@college.ac.in,CSE,2023,6,7.44,Good,0,False
S02845,Divya Murthy,divya.murthy52@college.ac.in,ECE,2024,4,6.62,Average,0,False
S02846,Aman Qureshi,aman.qureshi36@college.ac.in,CSE,2025,2,7.4,Good,2,False
S02847,Jithin Hegde,jithin.hegde57@college.ac.in,AIML,2024,4,7.02,Good,0,False
S02848,Aishwarya Venkataraman,aishwarya.venkataraman79@college.ac.in,CSE,2023,6,8.01,Good,0,False
S02849,Sanjay Bhat,sanjay.bhat87@college.ac.in,CSE,2022,8,7.09,Good,3,False
S02850,Surya Varma,surya.varma84@college.ac.in,CSE,2024,4,7.13,Good,0,False
S02851,Arjun Patel,arjun.patel88@college.ac.in,MECH,2023,6,5.32,At Risk,4,True
S02852,Muralidhar Rao,muralidhar.rao17@college.ac.in,CSE,2023,5,7.59,Good,3,False
S02853,Irfan Venkataraman,irfan.venkataraman23@college.ac.in,CSE,2025,2,7.4,Good,0,False
S02854,Akash Chetty,akash.chetty52@college.ac.in,CSE,2023,6,6.71,Average,0,False
S02855,Naveen Khan,naveen.khan85@college.ac.in,MECH,2023,6,7.65,Good,0,False
S02856,Sreejith Patel,sreejith.patel77@college.ac.in,MECH,2023,5,5.92,Average,4,False
S02857,Dinesh Karunakaran,dinesh.karunakaran36@college.ac.in,ECE,2023,6,7.21,Good,0,False
S02858,Priya Rao,priya.rao25@college.ac.in,AIML,2023,6,7.6,Good,0,False
S02859,Dinesh Chandrasekaran,dinesh.chandrasekaran10@college.ac.in,ECE,2023,6,7.87,Good,0,False
S02860,Rajesh Reddy,rajesh.reddy53@college.ac.in,CSE,2024,4,7.98,Good,0,False
S02861,Dhanush Kumar,dhanush.kumar96@college.ac.in,CSE,2023,6,7.56,Good,0,False
S02862,Avinash Karunakaran,avinash.karunakaran55@college.ac.in,CSE,2022,8,5.99,Average,6,False
S02863,Nikhil Shetty,nikhil.shetty34@college.ac.in,MECH,2022,8,5.9,Average,5,False
S02864,Syed Gopalakrishnan,syed.gopalakrishnan62@college.ac.in,CSE,2025,2,7.53,Good,0,False
S02865,Akash Rajan,akash.rajan21@college.ac.in,ECE,2025,2,8.47,Good,2,False
S02866,Simran Mishra,simran.mishra93@college.ac.in,MECH,2022,8,5.18,At Risk,4,True
S02867,Logesh Kumar,logesh.kumar79@college.ac.in,CSE,2022,8,6.78,Average,0,False
S02868,Arun Das,arun.das92@college.ac.in,AIML,2023,5,7.25,Good,0,False
S02869,Karthik Krishnan,karthik.krishnan70@college.ac.in,CSE,2023,5,5.47,At Risk,4,True
S02870,Sana Malik,sana.malik77@college.ac.in,AIML,2024,4,6.78,Average,0,False
S02871,Jithin Rajan,jithin.rajan52@college.ac.in,AIML,2023,5,6.13,Average,4,True
S02872,Nair Khan,nair.khan89@college.ac.in,CSE,2025,2,6.44,Average,4,True
S02873,Divya Dubey,divya.dubey79@college.ac.in,MECH,2023,6,5.6,Average,2,True
S02874,Imran Venkataraman,imran.venkataraman10@college.ac.in,MECH,2022,8,6.42,Average,5,False
S02875,Keerthi Patel,keerthi.patel15@college.ac.in,AIML,2024,4,7.28,Good,0,False
S02876,Aman Shah,aman.shah60@college.ac.in,MECH,2023,6,7.81,Good,0,False
S02877,Pooja Mirza,pooja.mirza96@college.ac.in,CSE,2025,2,5.38,At Risk,2,True
S02878,Pooja Menon,pooja.menon58@college.ac.in,ECE,2024,4,5.39,At Risk,6,False
S02879,Shreya Sheikh,shreya.sheikh96@college.ac.in,AIML,2024,3,7.68,Good,0,False
S02880,Ankit Iyer,ankit.iyer52@college.ac.in,AIML,2023,6,7.97,Good,0,False
S02881,Sneha Pillai,sneha.pillai72@college.ac.in,ECE,2023,6,6.23,Average,1,False
S02882,Rukhsar Shah,rukhsar.shah25@college.ac.in,CSE,2023,6,7.34,Good,0,False
S02883,Nithya Rao,nithya.rao89@college.ac.in,AIML,2022,8,6.03,Average,0,False
S02884,Harish Naidu,harish.naidu56@college.ac.in,MECH,2024,4,6.52,Average,0,False
S02885,Riya Subramaniam,riya.subramaniam53@college.ac.in,MECH,2022,8,7.5,Good,0,False
S02886,Rukhsar Murthy,rukhsar.murthy50@college.ac.in,ECE,2024,3,7.23,Good,0,False
S02887,Logesh Velayudhan,logesh.velayudhan60@college.ac.in,MECH,2024,4,7.15,Good,0,False
S02888,Sana Singh,sana.singh26@college.ac.in,MECH,2025,2,6.03,Average,3,False
S02889,Vivek Patil,vivek.patil82@college.ac.in,AIML,2025,2,6.45,Average,0,False
S02890,Ramya Rajan,ramya.rajan17@college.ac.in,ECE,2023,5,7.61,Good,0,False
S02891,Siddharth Nair,siddharth.nair45@college.ac.in,ECE,2025,2,7.42,Good,0,False
S02892,Avinash Namboothiri,avinash.namboothiri40@college.ac.in,MECH,2025,2,6.24,Average,1,True
S02893,Amal Prasad,amal.prasad25@college.ac.in,AIML,2024,4,6.48,Average,3,False
S02894,Simran Mishra,simran.mishra50@college.ac.in,ECE,2024,3,6.75,Average,0,False
S02895,Meena Warrier,meena.warrier23@college.ac.in,CSE,2025,2,7.71,Good,5,False
S02896,Praveen Natarajan,praveen.natarajan31@college.ac.in,ECE,2025,2,5.03,At Risk,3,True
S02897,Madhan Natarajan,madhan.natarajan71@college.ac.in,AIML,2025,2,6.79,Average,0,False
S02898,Vikram Arumugam,vikram.arumugam51@college.ac.in,CSE,2024,4,7.5,Good,0,False
S02899,Logesh Velayudhan,logesh.velayudhan89@college.ac.in,MECH,2023,6,5.84,Average,1,False
S02900,Farhan Naidu,farhan.naidu57@college.ac.in,CSE,2025,2,6.11,Average,6,False
S02901,Ramesh Gopalakrishnan,ramesh.gopalakrishnan70@college.ac.in,MECH,2022,8,7.41,Good,0,False
S02902,Saranya Chetty,saranya.chetty66@college.ac.in,MECH,2022,8,6.73,Average,0,False
S02903,Nikhil Varma,nikhil.varma40@college.ac.in,CSE,2023,6,7.04,Good,0,False
S02904,Ganesh Kulkarni,ganesh.kulkarni50@college.ac.in,CSE,2025,2,7.34,Good,0,False
S02905,Varun Chauhan,varun.chauhan49@college.ac.in,CSE,2025,2,8.18,Good,0,False
S02906,Babu Warrier,babu.warrier32@college.ac.in,MECH,2023,5,6.75,Average,0,False
S02907,Prerna Kulkarni,prerna.kulkarni78@college.ac.in,CSE,2023,6,7.94,Good,0,False
S02908,Harikrishna Siddiqui,harikrishna.siddiqui12@college.ac.in,ECE,2024,4,5.21,At Risk,6,True
S02909,Avinash Natarajan,avinash.natarajan25@college.ac.in,AIML,2024,4,4.76,At Risk,3,False
S02910,Ramya Warrier,ramya.warrier38@college.ac.in,MECH,2023,6,4.51,At Risk,6,False
S02911,Rajan Kumar,rajan.kumar11@college.ac.in,CSE,2022,8,7.49,Good,0,False
S02912,Amina Iyengar,amina.iyengar71@college.ac.in,CSE,2023,6,6.55,Average,3,False
S02913,Naveen Patil,naveen.patil92@college.ac.in,CSE,2022,8,7.67,Good,0,False
S02914,Ramya Iyer,ramya.iyer27@college.ac.in,CSE,2023,5,6.84,Average,0,False
S02915,Jithin Karunakaran,jithin.karunakaran11@college.ac.in,MECH,2025,2,5.42,At Risk,2,True
S02916,Naveen Krishnan,naveen.krishnan93@college.ac.in,ECE,2025,2,7.13,Good,0,False
S02917,Sanjay Chauhan,sanjay.chauhan19@college.ac.in,AIML,2022,8,7.08,Good,0,False
S02918,Nithish Tiwari,nithish.tiwari36@college.ac.in,CSE,2025,2,7.5,Good,0,False
S02919,Manoj Joshi,manoj.joshi81@college.ac.in,CSE,2025,2,5.81,Average,3,True
S02920,Athul Nair,athul.nair21@college.ac.in,MECH,2024,4,5.61,Average,1,True
S02921,Tanvi Rao,tanvi.rao13@college.ac.in,CSE,2024,4,6.99,Average,0,False
S02922,Sanjay Gopalakrishnan,sanjay.gopalakrishnan62@college.ac.in,CSE,2025,2,8.04,Good,0,False
S02923,Pallavi Ansari,pallavi.ansari16@college.ac.in,CSE,2024,4,5.9,Average,5,True
S02924,Aishwarya Iyengar,aishwarya.iyengar51@college.ac.in,MECH,2024,4,5.53,Average,4,True
S02925,Amal Shah,amal.shah75@college.ac.in,CSE,2024,4,5.67,Average,5,True
S02926,Syed Natarajan,syed.natarajan18@college.ac.in,MECH,2024,4,5.62,Average,3,True
S02927,Lakshmi Tiwari,lakshmi.tiwari83@college.ac.in,MECH,2022,8,7.02,Good,0,False
S02928,Vijay Patel,vijay.patel36@college.ac.in,AIML,2023,6,7.08,Good,0,False
S02929,Harish Mirza,harish.mirza31@college.ac.in,MECH,2025,2,6.31,Average,0,False
S02930,Shreya Hussain,shreya.hussain21@college.ac.in,MECH,2023,6,5.99,Average,2,False
S02931,Sreejith Krishnan,sreejith.krishnan61@college.ac.in,ECE,2024,4,3.85,At Risk,2,True
S02932,Divya Bhat,divya.bhat78@college.ac.in,ECE,2022,8,5.29,At Risk,3,False
S02933,Kritika Patil,kritika.patil97@college.ac.in,MECH,2023,6,6.21,Average,4,True
S02934,Saranya Pandey,saranya.pandey54@college.ac.in,AIML,2022,8,7.13,Good,0,False
S02935,Ramesh Rao,ramesh.rao56@college.ac.in,CSE,2025,2,6.97,Average,0,False
S02936,Shubham Desai,shubham.desai50@college.ac.in,MECH,2023,6,6.28,Average,2,False
S02937,Rahul Murugan,rahul.murugan38@college.ac.in,CSE,2023,5,7.99,Good,0,False
S02938,Kritika Natarajan,kritika.natarajan28@college.ac.in,MECH,2024,3,6.82,Average,0,False
S02939,Mohammed Verma,mohammed.verma11@college.ac.in,ECE,2024,4,7.14,Good,0,False
S02940,Syed Kulkarni,syed.kulkarni81@college.ac.in,MECH,2022,8,5.76,Average,1,True
S02941,Rohit Bhat,rohit.bhat75@college.ac.in,CSE,2025,2,5.97,Average,6,True
S02942,Pooja Kulkarni,pooja.kulkarni10@college.ac.in,ECE,2024,3,7.78,Good,0,False
S02943,Varun Verma,varun.verma70@college.ac.in,ECE,2024,4,6.48,Average,0,False
S02944,Pillai Kumar,pillai.kumar33@college.ac.in,MECH,2024,3,4.99,At Risk,4,True
S02945,Amal Bhat,amal.bhat66@college.ac.in,AIML,2023,6,7.01,Good,0,False
S02946,Pallavi Subramaniam,pallavi.subramaniam57@college.ac.in,MECH,2022,8,5.37,At Risk,5,True
S02947,Farhan Kulkarni,farhan.kulkarni45@college.ac.in,ECE,2024,4,5.68,Average,5,True
S02948,Aamir Iyer,aamir.iyer62@college.ac.in,MECH,2024,4,6.18,Average,0,False
S02949,Harikrishna Arumugam,harikrishna.arumugam63@college.ac.in,ECE,2023,6,6.73,Average,0,False
S02950,Abhijith Shah,abhijith.shah63@college.ac.in,MECH,2024,4,5.85,Average,1,True
S02951,Rizwan Tiwari,rizwan.tiwari14@college.ac.in,AIML,2023,6,7.0,Good,0,False
S02952,Rukhsar Patel,rukhsar.patel11@college.ac.in,CSE,2023,6,5.56,Average,5,False
S02953,Simran Iyer,simran.iyer852@college.ac.in,MECH,2023,6,5.44,At Risk,5,False
S02954,Vijay Venkataraman,vijay.venkataraman64@college.ac.in,AIML,2023,6,6.9,Average,0,False
S02955,Logesh Shetty,logesh.shetty67@college.ac.in,AIML,2025,2,6.54,Average,2,False
S02956,Rukhsar Iyer,rukhsar.iyer71@college.ac.in,CSE,2023,6,7.35,Good,0,False
S02957,Farhan Mehta,farhan.mehta38@college.ac.in,ECE,2023,6,6.2,Average,2,False
S02958,Neha Rao,neha.rao88@college.ac.in,ECE,2024,4,7.47,Good,0,False
S02959,Harish Subramaniam,harish.subramaniam28@college.ac.in,AIML,2022,8,7.35,Good,0,False
S02960,Keerthi Rajan,keerthi.rajan84@college.ac.in,ECE,2023,6,5.29,At Risk,4,True
S02961,Meena Desai,meena.desai34@college.ac.in,MECH,2024,4,5.8,Average,3,True
S02962,Babu Bhat,babu.bhat62@college.ac.in,MECH,2025,2,6.53,Average,0,False
S02963,Usman Chauhan,usman.chauhan91@college.ac.in,MECH,2025,2,7.94,Good,0,False
S02964,Simran Singh,simran.singh36@college.ac.in,ECE,2023,6,7.7,Good,0,False
S02965,Menon Varma,menon.varma71@college.ac.in,MECH,2023,6,5.27,At Risk,4,True
S02966,Pooja Hussain,pooja.hussain96@college.ac.in,MECH,2025,2,5.49,At Risk,2,True
S02967,Swathi Kulkarni,swathi.kulkarni50@college.ac.in,CSE,2023,6,6.83,Average,0,False
S02968,Pooja Tiwari,pooja.tiwari38@college.ac.in,ECE,2023,5,5.68,Average,1,True
S02969,Nair Pillai,nair.pillai35@college.ac.in,ECE,2023,6,5.52,Average,5,False
S02970,Prithviraj Rao,prithviraj.rao24@college.ac.in,CSE,2024,4,5.53,Average,6,True
S02971,Menon Murugan,menon.murugan90@college.ac.in,MECH,2022,8,7.87,Good,0,False
S02972,Nadia Khan,nadia.khan69@college.ac.in,AIML,2024,3,8.05,Good,0,False
S02973,Shubham Selvam,shubham.selvam68@college.ac.in,CSE,2022,8,7.17,Good,0,False
S02974,Vivek Patil,vivek.patil16@college.ac.in,MECH,2024,4,7.11,Good,0,False
S02975,Sonal Selvam,sonal.selvam73@college.ac.in,MECH,2022,8,7.47,Good,0,False
S02976,Revathi Prasad,revathi.prasad90@college.ac.in,CSE,2022,8,8.4,Good,0,False
S02977,Arun Nair,arun.nair94@college.ac.in,CSE,2024,4,6.9,Average,0,False
S02978,Sana Reddy,sana.reddy71@college.ac.in,CSE,2025,2,8.15,Good,0,False
S02979,Logesh Hussain,logesh.hussain20@college.ac.in,ECE,2023,6,7.14,Good,3,False
S02980,Surya Patil,surya.patil70@college.ac.in,CSE,2022,8,6.72,Average,3,False
S02981,Sanjay Prasad,sanjay.prasad91@college.ac.in,CSE,2022,8,6.73,Average,4,False
S02982,Rajesh Pillai,rajesh.pillai52@college.ac.in,CSE,2024,4,6.63,Average,0,False
S02983,Faisal Karunakaran,faisal.karunakaran80@college.ac.in,AIML,2025,2,4.6,At Risk,3,False
S02984,Vignesh Hegde,vignesh.hegde12@college.ac.in,CSE,2023,6,7.3,Good,0,False
S02985,Amal Iyengar,amal.iyengar25@college.ac.in,AIML,2022,8,5.78,Average,4,True
S02986,Tarun Rao,tarun.rao13@college.ac.in,AIML,2023,6,7.57,Good,0,False
S02987,Sachin Singh,sachin.singh74@college.ac.in,MECH,2023,6,4.9,At Risk,5,True
S02988,Vivek Prasad,vivek.prasad45@college.ac.in,CSE,2022,8,6.79,Average,4,False
S02989,Mohammed Verma,mohammed.verma94@college.ac.in,ECE,2022,8,6.03,Average,1,True
S02990,Ramesh Chauhan,ramesh.chauhan78@college.ac.in,AIML,2025,2,6.31,Average,3,True
S02991,Sonal Yadav,sonal.yadav26@college.ac.in,ECE,2025,2,8.29,Good,0,False
S02992,Arun Warrier,arun.warrier70@college.ac.in,CSE,2025,2,7.11,Good,0,False
S02993,Athul Murugan,athul.murugan64@college.ac.in,CSE,2024,4,6.88,Average,4,False
S02994,Avinash Reddy,avinash.reddy98@college.ac.in,CSE,2022,8,6.67,Average,0,False
S02995,Praveen Venkataraman,praveen.venkataraman33@college.ac.in,MECH,2024,4,4.61,At Risk,3,False
S02996,Mohammed Selvam,mohammed.selvam37@college.ac.in,CSE,2024,4,6.37,Average,0,False
S02997,Nisha Malik,nisha.malik13@college.ac.in,CSE,2024,4,6.02,Average,0,False
S02998,Akash Kamath,akash.kamath47@college.ac.in,MECH,2025,2,4.83,At Risk,4,True
S02999,Rajesh Prasad,rajesh.prasad94@college.ac.in,MECH,2023,6,5.34,At Risk,5,True
S03000,Prerna Dubey,prerna.dubey28@college.ac.in,AIML,2023,6,6.54,Average,0,False
S03001,Simran Prasad,simran.prasad86@college.ac.in,CSE,2023,5,5.91,Average,2,True
S03002,Suresh Murugan,suresh.murugan23@college.ac.in,CSE,2023,6,7.65,Good,2,False
S03003,Ramesh Kulkarni,ramesh.kulkarni57@college.ac.in,AIML,2023,5,6.88,Average,0,False
S03004,Abhijith Joshi,abhijith.joshi50@college.ac.in,AIML,2023,6,5.83,Average,5,True
S03005,Manoj Malik,manoj.malik74@college.ac.in,CSE,2022,8,7.88,Good,0,False
S03006,Krishnan Rao,krishnan.rao10@college.ac.in,CSE,2022,8,7.03,Good,0,False
S03007,Mansi Murugan,mansi.murugan33@college.ac.in,AIML,2022,8,6.68,Average,0,False
S03008,Simran Gupta,simran.gupta77@college.ac.in,CSE,2024,4,7.37,Good,0,False
S03009,Junaid Patel,junaid.patel68@college.ac.in,CSE,2024,4,8.41,Good,0,False
S03010,Salman Das,salman.das26@college.ac.in,MECH,2023,5,6.57,Average,2,False
S03011,Imran Pillai,imran.pillai22@college.ac.in,ECE,2023,6,7.05,Good,0,False
S03012,Hiba Hussain,hiba.hussain58@college.ac.in,CSE,2023,6,7.5,Good,3,False
S03013,Asif Siddiqui,asif.siddiqui94@college.ac.in,MECH,2024,4,7.04,Good,0,False
S03014,Swati Sheikh,swati.sheikh53@college.ac.in,MECH,2023,5,6.83,Average,0,False
S03015,Faisal Singh,faisal.singh16@college.ac.in,CSE,2023,6,8.27,Good,0,False
S03016,Pillai Hussain,pillai.hussain29@college.ac.in,CSE,2025,2,6.01,Average,0,False
S03017,Ankita Nair,ankita.nair90@college.ac.in,ECE,2024,4,6.46,Average,0,False
S03018,Shubham Prasad,shubham.prasad72@college.ac.in,MECH,2023,6,7.6,Good,0,False
S03019,Zainab Sharma,zainab.sharma89@college.ac.in,CSE,2024,4,7.7,Good,2,False
S03020,Hiba Desai,hiba.desai41@college.ac.in,AIML,2022,8,7.52,Good,0,False
S03021,Rajan Namboothiri,rajan.namboothiri71@college.ac.in,CSE,2024,4,6.56,Average,4,False
S03022,Sreejith Mehta,sreejith.mehta76@college.ac.in,CSE,2023,6,7.19,Good,0,False
S03023,Praveen Reddy,praveen.reddy44@college.ac.in,AIML,2022,8,6.96,Average,0,False
S03024,Sreejith Chetty,sreejith.chetty49@college.ac.in,ECE,2023,6,7.8,Good,0,False
S03025,Ajith Kulkarni,ajith.kulkarni99@college.ac.in,AIML,2024,4,6.13,Average,0,False
S03026,Sanjay Chauhan,sanjay.chauhan45@college.ac.in,AIML,2023,6,6.57,Average,0,False
S03027,Abhijith Bhat,abhijith.bhat11@college.ac.in,CSE,2025,2,5.64,Average,5,False
S03028,Saranya Iyengar,saranya.iyengar94@college.ac.in,AIML,2023,6,6.71,Average,0,False
S03029,Rukhsar Das,rukhsar.das97@college.ac.in,CSE,2025,2,6.78,Average,4,True
S03030,Ravi Mirza,ravi.mirza72@college.ac.in,AIML,2024,3,6.53,Average,0,False
S03031,Sana Patel,sana.patel24@college.ac.in,MECH,2022,8,6.03,Average,4,False
S03032,Aishwarya Pillai,aishwarya.pillai80@college.ac.in,ECE,2024,4,7.2,Good,0,False
S03033,Dhanush Hussain,dhanush.hussain67@college.ac.in,CSE,2022,8,6.69,Average,1,True
S03034,Pillai Pandey,pillai.pandey70@college.ac.in,CSE,2023,5,6.03,Average,4,True
S03035,Ramya Mishra,ramya.mishra68@college.ac.in,MECH,2023,6,6.74,Average,0,False
S03036,Bilal Patel,bilal.patel99@college.ac.in,CSE,2022,8,7.04,Good,0,False
S03037,Imran Rao,imran.rao32@college.ac.in,CSE,2025,2,8.03,Good,0,False
S03038,Ramya Chandrasekaran,ramya.chandrasekaran93@college.ac.in,CSE,2022,8,7.32,Good,0,False
S03039,Jithin Menon,jithin.menon38@college.ac.in,MECH,2024,3,5.52,Average,5,True
S03040,Sneha Natarajan,sneha.natarajan87@college.ac.in,ECE,2024,4,7.1,Good,0,False
S03041,Shreya Iyer,shreya.iyer66@college.ac.in,CSE,2025,2,7.81,Good,0,False
S03042,Aditi Babu,aditi.babu60@college.ac.in,ECE,2024,4,5.64,Average,1,False
S03043,Naveen Hegde,naveen.hegde68@college.ac.in,CSE,2025,2,8.12,Good,0,False
S03044,Dinesh Bhat,dinesh.bhat93@college.ac.in,CSE,2022,8,7.92,Good,0,False
S03045,Rukhsar Natarajan,rukhsar.natarajan99@college.ac.in,ECE,2024,3,6.26,Average,6,True
S03046,Farhan Singh,farhan.singh57@college.ac.in,CSE,2024,4,7.92,Good,0,False
S03047,Dhanush Pillai,dhanush.pillai56@college.ac.in,CSE,2022,8,7.3,Good,0,False
S03048,Revathi Rajan,revathi.rajan32@college.ac.in,ECE,2025,2,7.75,Good,0,False
S03049,Revathi Tiwari,revathi.tiwari28@college.ac.in,AIML,2023,6,7.48,Good,0,False
S03050,Menon Mirza,menon.mirza38@college.ac.in,CSE,2022,8,5.38,At Risk,5,True
S03051,Sachin Chetty,sachin.chetty44@college.ac.in,CSE,2022,8,7.66,Good,0,False
S03052,Aditi Kumar,aditi.kumar57@college.ac.in,AIML,2022,8,7.61,Good,0,False
S03053,Rishita Prasad,rishita.prasad19@college.ac.in,AIML,2022,8,6.98,Average,0,False
S03054,Ananya Khan,ananya.khan50@college.ac.in,ECE,2024,3,7.35,Good,0,False
S03055,Mohammed Naidu,mohammed.naidu23@college.ac.in,ECE,2023,6,6.76,Average,1,False
S03056,Ramesh Das,ramesh.das54@college.ac.in,AIML,2024,3,6.4,Average,0,False
S03057,Syed Gupta,syed.gupta62@college.ac.in,ECE,2024,4,4.43,At Risk,4,True
S03058,Prerna Prasad,prerna.prasad32@college.ac.in,MECH,2024,4,5.03,At Risk,3,True
S03059,Gaurav Sheikh,gaurav.sheikh62@college.ac.in,MECH,2024,4,5.03,At Risk,3,True
S03060,Revathi Kamath,revathi.kamath45@college.ac.in,MECH,2023,6,7.05,Good,0,False
S03061,Pooja Chandrasekaran,pooja.chandrasekaran36@college.ac.in,AIML,2023,6,7.3,Good,0,False
S03062,Rishita Kulkarni,rishita.kulkarni82@college.ac.in,ECE,2023,6,7.51,Good,0,False
S03063,Vishnu Desai,vishnu.desai40@college.ac.in,CSE,2025,2,5.78,Average,4,False
S03064,Vijay Mehta,vijay.mehta83@college.ac.in,MECH,2022,8,6.22,Average,2,False
S03065,Dinesh Iyengar,dinesh.iyengar42@college.ac.in,CSE,2022,8,6.43,Average,4,False
S03066,Rajan Mehta,rajan.mehta24@college.ac.in,MECH,2024,4,7.34,Good,0,False
S03067,Aman Sheikh,aman.sheikh33@college.ac.in,AIML,2025,2,6.39,Average,1,True
S03068,Keerthi Murthy,keerthi.murthy74@college.ac.in,MECH,2025,2,5.05,At Risk,2,False
S03069,Prerna Warrier,prerna.warrier13@college.ac.in,MECH,2025,2,7.09,Good,0,False
S03070,Akash Joshi,akash.joshi48@college.ac.in,ECE,2024,4,7.79,Good,0,False
S03071,Gaurav Siddiqui,gaurav.siddiqui93@college.ac.in,MECH,2024,3,6.06,Average,3,False
S03072,Krishnan Malik,krishnan.malik31@college.ac.in,MECH,2025,2,6.08,Average,0,False
S03073,Riya Yadav,riya.yadav30@college.ac.in,MECH,2023,5,5.43,At Risk,3,True
S03074,Muralidhar Iyengar,muralidhar.iyengar33@college.ac.in,AIML,2022,8,6.74,Average,0,False
S03075,Riya Rao,riya.rao97@college.ac.in,MECH,2022,8,8.07,Good,0,False
S03076,Lakshmi Desai,lakshmi.desai67@college.ac.in,MECH,2025,2,4.32,At Risk,3,True
S03077,Sreejith Mirza,sreejith.mirza41@college.ac.in,ECE,2025,2,6.28,Average,0,False
S03078,Ananya Karunakaran,ananya.karunakaran79@college.ac.in,CSE,2023,6,5.34,At Risk,6,True
S03079,Shreya Mehta,shreya.mehta30@college.ac.in,MECH,2024,4,5.67,Average,2,False
S03080,Surya Iyer,surya.iyer47@college.ac.in,CSE,2024,3,6.8,Average,0,False
S03081,Asif Dubey,asif.dubey39@college.ac.in,AIML,2022,8,7.07,Good,0,False
S03082,Vivek Mirza,vivek.mirza37@college.ac.in,CSE,2022,8,7.3,Good,0,False
S03083,Prerna Yadav,prerna.yadav49@college.ac.in,ECE,2023,6,7.35,Good,1,False
S03084,Ayesha Pandey,ayesha.pandey67@college.ac.in,AIML,2024,4,7.31,Good,2,False
S03085,Sathish Patil,sathish.patil50@college.ac.in,AIML,2024,3,4.86,At Risk,4,False
S03086,Nisha Ansari,nisha.ansari76@college.ac.in,MECH,2024,4,6.61,Average,0,False
S03087,Rishita Singh,rishita.singh86@college.ac.in,ECE,2023,6,7.58,Good,0,False
S03088,Ankita Chetty,ankita.chetty77@college.ac.in,CSE,2022,8,5.67,Average,6,True
S03089,Adil Siddiqui,adil.siddiqui21@college.ac.in,MECH,2024,4,6.55,Average,1,True
S03090,Anjali Hegde,anjali.hegde67@college.ac.in,ECE,2022,8,6.76,Average,5,False
S03091,Amina Sheikh,amina.sheikh35@college.ac.in,CSE,2024,4,6.8,Average,5,True
S03092,Dinesh Arumugam,dinesh.arumugam67@college.ac.in,AIML,2023,6,7.75,Good,0,False
S03093,Karthik Khan,karthik.khan27@college.ac.in,CSE,2025,2,7.21,Good,0,False
S03094,Nisha Selvam,nisha.selvam52@college.ac.in,ECE,2022,8,7.05,Good,0,False
S03095,Ramya Ansari,ramya.ansari22@college.ac.in,CSE,2023,6,5.41,At Risk,5,True
S03096,Siddharth Nair,siddharth.nair70@college.ac.in,AIML,2023,5,6.44,Average,4,False
S03097,Aman Velayudhan,aman.velayudhan25@college.ac.in,MECH,2023,6,7.15,Good,0,False
S03098,Sonal Gupta,sonal.gupta48@college.ac.in,CSE,2025,2,6.24,Average,0,False
S03099,Babu Patel,babu.patel13@college.ac.in,CSE,2022,8,7.27,Good,0,False
S03100,Ramya Selvam,ramya.selvam12@college.ac.in,AIML,2022,8,6.39,Average,0,False
S03101,Neha Rao,neha.rao81@college.ac.in,AIML,2024,4,5.66,Average,3,True
S03102,Sana Bhat,sana.bhat73@college.ac.in,CSE,2022,8,6.81,Average,4,False
S03103,Zainab Kulkarni,zainab.kulkarni17@college.ac.in,CSE,2023,5,7.01,Good,0,False
S03104,Rizwan Rao,rizwan.rao57@college.ac.in,MECH,2024,4,6.45,Average,0,False
S03105,Vignesh Gupta,vignesh.gupta85@college.ac.in,MECH,2024,4,6.11,Average,4,False
S03106,Muralidhar Rao,muralidhar.rao89@college.ac.in,CSE,2023,6,7.8,Good,0,False
S03107,Mohammed Das,mohammed.das29@college.ac.in,MECH,2023,5,5.09,At Risk,5,True
S03108,Irfan Patil,irfan.patil39@college.ac.in,MECH,2023,6,6.56,Average,0,False
S03109,Ramya Subramaniam,ramya.subramaniam11@college.ac.in,MECH,2024,4,4.09,At Risk,5,True
S03110,Nadia Qureshi,nadia.qureshi62@college.ac.in,CSE,2023,6,7.87,Good,0,False
S03111,Muralidhar Singh,muralidhar.singh61@college.ac.in,CSE,2024,4,6.7,Average,1,True
S03112,Karthik Rao,karthik.rao43@college.ac.in,AIML,2024,4,5.39,At Risk,4,True
S03113,Pillai Natarajan,pillai.natarajan47@college.ac.in,AIML,2025,2,7.32,Good,0,False
S03114,Vishnu Reddy,vishnu.reddy31@college.ac.in,CSE,2023,6,7.42,Good,0,False
S03115,Ajith Nambiar,ajith.nambiar87@college.ac.in,AIML,2022,8,6.5,Average,5,True
S03116,Imran Qureshi,imran.qureshi16@college.ac.in,MECH,2024,4,6.59,Average,0,False
S03117,Prerna Kumar,prerna.kumar49@college.ac.in,MECH,2024,3,5.86,Average,3,False
S03118,Manoj Verma,manoj.verma91@college.ac.in,ECE,2024,4,7.54,Good,0,False
S03119,Deepak Menon,deepak.menon54@college.ac.in,ECE,2023,6,6.45,Average,0,False
S03120,Prerna Sharma,prerna.sharma42@college.ac.in,MECH,2023,6,7.28,Good,0,False
S03121,Nisha Mehta,nisha.mehta92@college.ac.in,AIML,2024,4,4.78,At Risk,6,True
S03122,Dhanush Mishra,dhanush.mishra95@college.ac.in,MECH,2024,4,4.95,At Risk,5,False
S03123,Divya Verma,divya.verma86@college.ac.in,ECE,2025,2,6.59,Average,0,False
S03124,Sneha Ansari,sneha.ansari22@college.ac.in,ECE,2025,2,7.31,Good,0,False
S03125,Aamir Singh,aamir.singh34@college.ac.in,ECE,2022,8,6.16,Average,1,True
S03126,Anjali Menon,anjali.menon39@college.ac.in,AIML,2025,2,6.13,Average,5,True
S03127,Faisal Shetty,faisal.shetty52@college.ac.in,CSE,2025,2,5.5,Average,4,False
S03128,Hiba Chandrasekaran,hiba.chandrasekaran68@college.ac.in,MECH,2024,4,5.21,At Risk,5,False
S03129,Rajan Venkataraman,rajan.venkataraman74@college.ac.in,MECH,2024,4,5.44,At Risk,3,True
S03130,Zubair Hegde,zubair.hegde49@college.ac.in,MECH,2022,8,7.53,Good,0,False
S03131,Swati Babu,swati.babu93@college.ac.in,MECH,2023,6,5.47,At Risk,2,True
S03132,Rukhsar Pandey,rukhsar.pandey24@college.ac.in,ECE,2025,2,6.83,Average,4,True
S03133,Nikhil Mishra,nikhil.mishra12@college.ac.in,ECE,2024,4,7.0,Good,0,False
S03134,Rukhsar Naidu,rukhsar.naidu97@college.ac.in,AIML,2025,2,5.67,Average,4,True
S03135,Aman Namboothiri,aman.namboothiri87@college.ac.in,ECE,2024,4,5.24,At Risk,5,True
S03136,Nithya Chandrasekaran,nithya.chandrasekaran28@college.ac.in,ECE,2022,8,7.43,Good,4,False
S03137,Sonal Bhat,sonal.bhat54@college.ac.in,CSE,2022,8,6.39,Average,0,False
S03138,Anjali Naidu,anjali.naidu24@college.ac.in,ECE,2024,4,7.52,Good,0,False
S03139,Pillai Patel,pillai.patel63@college.ac.in,CSE,2024,4,7.16,Good,0,False
S03140,Prerna Velayudhan,prerna.velayudhan21@college.ac.in,CSE,2024,4,6.47,Average,0,False
S03141,Nisha Dubey,nisha.dubey40@college.ac.in,MECH,2025,2,4.81,At Risk,3,True
S03142,Mohammed Singh,mohammed.singh82@college.ac.in,MECH,2025,2,6.21,Average,5,False
S03143,Vikram Mishra,vikram.mishra69@college.ac.in,AIML,2022,8,5.63,Average,1,True
S03144,Pallavi Bhat,pallavi.bhat84@college.ac.in,ECE,2023,6,7.41,Good,0,False
S03145,Priya Nambiar,priya.nambiar34@college.ac.in,CSE,2022,8,7.31,Good,5,True
S03146,Suresh Kamath,suresh.kamath15@college.ac.in,AIML,2025,2,7.87,Good,0,False
S03147,Amal Nair,amal.nair58@college.ac.in,ECE,2023,6,5.35,At Risk,3,True
S03148,Aditi Yadav,aditi.yadav70@college.ac.in,AIML,2022,8,7.41,Good,0,False
S03149,Neha Siddiqui,neha.siddiqui91@college.ac.in,AIML,2024,4,7.76,Good,0,False
S03150,Rukhsar Venkataraman,rukhsar.venkataraman51@college.ac.in,MECH,2023,6,6.69,Average,0,False
S03151,Naveen Hussain,naveen.hussain47@college.ac.in,AIML,2024,4,5.0,At Risk,2,False
S03152,Siddharth Hussain,siddharth.hussain54@college.ac.in,ECE,2023,5,7.32,Good,0,False
S03153,Siddharth Patil,siddharth.patil35@college.ac.in,AIML,2024,4,6.9,Average,0,False
S03154,Riya Babu,riya.babu86@college.ac.in,ECE,2022,8,6.35,Average,0,False
S03155,Krishnan Warrier,krishnan.warrier25@college.ac.in,AIML,2022,8,7.93,Good,0,False
S03156,Dinesh Dubey,dinesh.dubey23@college.ac.in,CSE,2025,2,7.6,Good,0,False
S03157,Usman Patil,usman.patil58@college.ac.in,ECE,2022,8,6.64,Average,0,False
S03158,Syed Joshi,syed.joshi90@college.ac.in,CSE,2025,2,6.79,Average,4,False
S03159,Priya Dubey,priya.dubey72@college.ac.in,AIML,2023,6,7.41,Good,0,False
S03160,Pooja Tiwari,pooja.tiwari89@college.ac.in,CSE,2024,4,7.17,Good,0,False
S03161,Abhijith Venkataraman,abhijith.venkataraman49@college.ac.in,CSE,2025,2,7.49,Good,0,False
S03162,Divya Pillai,divya.pillai71@college.ac.in,AIML,2025,2,5.47,At Risk,4,False
S03163,Nadia Tiwari,nadia.tiwari27@college.ac.in,MECH,2025,2,4.47,At Risk,4,True
S03164,Amit Venkataraman,amit.venkataraman53@college.ac.in,CSE,2025,2,6.26,Average,3,True
S03165,Sreejith Venkataraman,sreejith.venkataraman99@college.ac.in,ECE,2025,2,6.24,Average,0,False
S03166,Divya Kulkarni,divya.kulkarni46@college.ac.in,MECH,2024,4,6.2,Average,0,False
S03167,Dhanush Patel,dhanush.patel63@college.ac.in,ECE,2025,2,3.51,At Risk,4,False
S03168,Aman Reddy,aman.reddy38@college.ac.in,ECE,2025,2,7.04,Good,0,False
S03169,Prithviraj Arumugam,prithviraj.arumugam59@college.ac.in,ECE,2024,4,6.11,Average,0,False
S03170,Ramya Siddiqui,ramya.siddiqui61@college.ac.in,ECE,2023,5,7.9,Good,0,False
S03171,Sreejith Iyengar,sreejith.iyengar67@college.ac.in,CSE,2022,8,8.27,Good,0,False
S03172,Nikhil Kumar,nikhil.kumar40@college.ac.in,CSE,2025,2,8.2,Good,0,False
S03173,Divya Verma,divya.verma38@college.ac.in,AIML,2023,6,5.92,Average,0,False
S03174,Vivek Qureshi,vivek.qureshi45@college.ac.in,MECH,2024,4,7.04,Good,0,False
S03175,Nithya Menon,nithya.menon69@college.ac.in,ECE,2024,4,7.06,Good,0,False
S03176,Aman Rao,aman.rao12@college.ac.in,CSE,2024,3,6.88,Average,3,True
S03177,Anjali Murugan,anjali.murugan36@college.ac.in,AIML,2025,2,4.7,At Risk,4,True
S03178,Rizwan Chetty,rizwan.chetty17@college.ac.in,AIML,2022,8,7.07,Good,0,False
S03179,Siddharth Chauhan,siddharth.chauhan31@college.ac.in,ECE,2025,2,6.08,Average,3,False
S03180,Vijay Kulkarni,vijay.kulkarni54@college.ac.in,ECE,2022,8,7.85,Good,0,False
S03181,Nadia Krishnan,nadia.krishnan67@college.ac.in,CSE,2024,4,5.94,Average,2,False
S03182,Ayesha Qureshi,ayesha.qureshi52@college.ac.in,ECE,2023,6,6.51,Average,0,False
S03183,Revathi Varma,revathi.varma63@college.ac.in,CSE,2023,6,7.21,Good,0,False
S03184,Tarun Mehta,tarun.mehta95@college.ac.in,ECE,2023,6,6.37,Average,0,False
S03185,Sachin Venkataraman,sachin.venkataraman34@college.ac.in,MECH,2025,2,5.79,Average,4,True
S03186,Arjun Kulkarni,arjun.kulkarni36@college.ac.in,AIML,2025,2,7.01,Good,0,False
S03187,Swathi Singh,swathi.singh24@college.ac.in,MECH,2023,6,5.66,Average,2,True
S03188,Ankit Gupta,ankit.gupta75@college.ac.in,MECH,2024,4,6.21,Average,0,False
S03189,Abhijith Prasad,abhijith.prasad39@college.ac.in,AIML,2025,2,6.1,Average,3,True
S03190,Ayesha Pandey,ayesha.pandey54@college.ac.in,CSE,2023,6,5.81,Average,2,True
S03191,Prerna Shetty,prerna.shetty30@college.ac.in,AIML,2024,4,7.45,Good,0,False
S03192,Kavya Natarajan,kavya.natarajan98@college.ac.in,AIML,2022,8,6.3,Average,6,False
S03193,Shahid Kamath,shahid.kamath86@college.ac.in,AIML,2023,6,6.43,Average,4,True
S03194,Farhan Gopalakrishnan,farhan.gopalakrishnan90@college.ac.in,CSE,2023,6,7.66,Good,0,False
S03195,Aamir Rajan,aamir.rajan55@college.ac.in,MECH,2024,4,5.68,Average,3,False
S03196,Vikram Rao,vikram.rao39@college.ac.in,ECE,2024,3,6.87,Average,0,False
S03197,Logesh Mehta,logesh.mehta51@college.ac.in,AIML,2022,8,5.19,At Risk,2,True
S03198,Aishwarya Gopalakrishnan,aishwarya.gopalakrishnan56@college.ac.in,CSE,2023,6,7.19,Good,0,False
S03199,Syed Chetty,syed.chetty24@college.ac.in,ECE,2024,4,5.96,Average,3,False
S03200,Swati Das,swati.das93@college.ac.in,AIML,2022,8,6.08,Average,6,False
S03201,Aman Reddy,aman.reddy29@college.ac.in,ECE,2023,6,7.78,Good,0,False
S03202,Kavya Dubey,kavya.dubey97@college.ac.in,CSE,2023,6,7.08,Good,0,False
S03203,Praveen Joshi,praveen.joshi93@college.ac.in,AIML,2023,6,7.34,Good,0,False
S03204,Meena Patel,meena.patel27@college.ac.in,ECE,2023,6,5.78,Average,3,True
S03205,Salman Kamath,salman.kamath67@college.ac.in,ECE,2024,4,6.33,Average,6,False
S03206,Prerna Warrier,prerna.warrier28@college.ac.in,MECH,2024,4,5.68,Average,1,True
S03207,Nikhil Siddiqui,nikhil.siddiqui82@college.ac.in,ECE,2024,4,7.0,Good,0,False
S03208,Menon Kamath,menon.kamath37@college.ac.in,MECH,2024,4,6.36,Average,2,False
S03209,Mohammed Menon,mohammed.menon85@college.ac.in,ECE,2023,6,6.15,Average,5,False
S03210,Rohit Rao,rohit.rao33@college.ac.in,CSE,2024,4,7.54,Good,0,False
S03211,Anjali Tiwari,anjali.tiwari42@college.ac.in,AIML,2023,6,4.98,At Risk,1,True
S03212,Abhijith Menon,abhijith.menon99@college.ac.in,AIML,2024,3,5.72,Average,2,True
S03213,Muralidhar Tiwari,muralidhar.tiwari41@college.ac.in,AIML,2023,6,7.22,Good,0,False
S03214,Naveen Velayudhan,naveen.velayudhan71@college.ac.in,AIML,2023,6,7.62,Good,0,False
S03215,Babu Malik,babu.malik50@college.ac.in,MECH,2024,4,6.09,Average,3,True
S03216,Gaurav Gupta,gaurav.gupta49@college.ac.in,ECE,2024,4,5.61,Average,2,True
S03217,Revathi Das,revathi.das93@college.ac.in,CSE,2023,6,7.8,Good,0,False
S03218,Meena Nair,meena.nair47@college.ac.in,AIML,2023,6,7.03,Good,0,False
S03219,Prithviraj Reddy,prithviraj.reddy56@college.ac.in,CSE,2023,6,6.74,Average,4,False
S03220,Abhijith Venkataraman,abhijith.venkataraman91@college.ac.in,CSE,2024,4,6.9,Average,0,False
S03221,Ankita Das,ankita.das19@college.ac.in,AIML,2024,4,6.83,Average,2,False
S03222,Pooja Karunakaran,pooja.karunakaran91@college.ac.in,AIML,2024,4,6.67,Average,4,False
S03223,Deepak Bhat,deepak.bhat41@college.ac.in,AIML,2024,4,7.08,Good,0,False
S03224,Manoj Chandrasekaran,manoj.chandrasekaran17@college.ac.in,CSE,2024,4,5.25,At Risk,4,False
S03225,Vijay Namboothiri,vijay.namboothiri37@college.ac.in,MECH,2022,8,6.92,Average,0,False
S03226,Keerthi Khan,keerthi.khan44@college.ac.in,MECH,2025,2,6.88,Average,0,False
S03227,Ajith Shah,ajith.shah97@college.ac.in,AIML,2024,4,4.97,At Risk,2,True
S03228,Rahul Reddy,rahul.reddy54@college.ac.in,AIML,2024,4,4.88,At Risk,3,True
S03229,Muralidhar Chauhan,muralidhar.chauhan75@college.ac.in,MECH,2022,8,6.84,Average,0,False
S03230,Faisal Hussain,faisal.hussain33@college.ac.in,CSE,2025,2,5.89,Average,5,True
S03231,Tanvi Rajan,tanvi.rajan44@college.ac.in,AIML,2023,6,6.56,Average,0,False
S03232,Pooja Mishra,pooja.mishra91@college.ac.in,MECH,2023,6,4.4,At Risk,5,True
S03233,Imran Chetty,imran.chetty61@college.ac.in,MECH,2022,8,6.6,Average,0,False
S03234,Pooja Ansari,pooja.ansari94@college.ac.in,AIML,2022,8,5.72,Average,4,True
S03235,Aman Ansari,aman.ansari99@college.ac.in,CSE,2024,4,6.95,Average,0,False
S03236,Deepak Mishra,deepak.mishra66@college.ac.in,ECE,2023,6,6.0,Average,0,False
S03237,Manoj Singh,manoj.singh38@college.ac.in,AIML,2025,2,7.19,Good,0,False
S03238,Swati Mishra,swati.mishra19@college.ac.in,ECE,2024,4,7.13,Good,0,False
S03239,Arun Qureshi,arun.qureshi91@college.ac.in,MECH,2024,4,4.54,At Risk,5,True
S03240,Fatima Rajan,fatima.rajan42@college.ac.in,ECE,2025,2,7.3,Good,0,False
S03241,Abhijith Patel,abhijith.patel93@college.ac.in,ECE,2023,6,6.36,Average,1,False
S03242,Farhan Rajan,farhan.rajan96@college.ac.in,MECH,2022,8,7.63,Good,0,False
S03243,Farhan Patel,farhan.patel23@college.ac.in,AIML,2024,4,6.98,Average,0,False
S03244,Arjun Tiwari,arjun.tiwari31@college.ac.in,MECH,2024,4,7.8,Good,0,False
S03245,Ramesh Chetty,ramesh.chetty10@college.ac.in,ECE,2023,6,6.59,Average,0,False
S03246,Krishnan Sheikh,krishnan.sheikh29@college.ac.in,MECH,2025,2,5.89,Average,2,False
S03247,Logesh Namboothiri,logesh.namboothiri84@college.ac.in,ECE,2024,4,7.16,Good,0,False
S03248,Imran Babu,imran.babu15@college.ac.in,ECE,2023,6,6.37,Average,4,False
S03249,Nisha Karunakaran,nisha.karunakaran93@college.ac.in,CSE,2025,2,8.02,Good,1,False
S03250,Imran Sheikh,imran.sheikh96@college.ac.in,CSE,2024,3,7.21,Good,0,False
S03251,Ravi Gupta,ravi.gupta66@college.ac.in,MECH,2023,5,5.9,Average,1,False
S03252,Sana Sharma,sana.sharma17@college.ac.in,AIML,2024,4,6.93,Average,0,False
S03253,Sanjay Pandey,sanjay.pandey36@college.ac.in,ECE,2023,6,7.47,Good,5,True
S03254,Pallavi Menon,pallavi.menon62@college.ac.in,CSE,2024,3,8.26,Good,0,False
S03255,Irfan Chandrasekaran,irfan.chandrasekaran71@college.ac.in,ECE,2022,8,7.74,Good,0,False
S03256,Naveen Sheikh,naveen.sheikh21@college.ac.in,MECH,2023,6,6.88,Average,0,False
S03257,Faisal Mehta,faisal.mehta50@college.ac.in,ECE,2024,4,7.47,Good,0,False
S03258,Abhijith Natarajan,abhijith.natarajan86@college.ac.in,CSE,2024,4,6.87,Average,2,False
S03259,Tanvi Kulkarni,tanvi.kulkarni14@college.ac.in,MECH,2023,6,7.67,Good,0,False
S03260,Menon Hegde,menon.hegde22@college.ac.in,AIML,2024,4,6.11,Average,5,False
S03261,Karthik Kulkarni,karthik.kulkarni17@college.ac.in,CSE,2025,2,8.32,Good,0,False
S03262,Akash Selvam,akash.selvam27@college.ac.in,MECH,2024,4,7.02,Good,2,True
S03263,Bilal Mishra,bilal.mishra69@college.ac.in,AIML,2025,2,5.62,Average,4,True
S03264,Vijay Kulkarni,vijay.kulkarni27@college.ac.in,CSE,2023,6,6.59,Average,2,False
S03265,Nithya Subramaniam,nithya.subramaniam81@college.ac.in,ECE,2024,4,6.36,Average,0,False
S03266,Nikhil Desai,nikhil.desai21@college.ac.in,CSE,2022,8,7.52,Good,0,False
S03267,Prerna Krishnan,prerna.krishnan31@college.ac.in,CSE,2022,8,6.8,Average,0,False
S03268,Pooja Menon,pooja.menon18@college.ac.in,ECE,2023,5,8.32,Good,0,False
S03269,Junaid Nambiar,junaid.nambiar62@college.ac.in,CSE,2023,6,7.36,Good,0,False
S03270,Anjali Babu,anjali.babu86@college.ac.in,CSE,2022,8,6.22,Average,5,True
S03271,Ayesha Verma,ayesha.verma69@college.ac.in,ECE,2024,4,6.1,Average,0,False
S03272,Akash Subramaniam,akash.subramaniam18@college.ac.in,ECE,2023,5,7.32,Good,0,False
S03273,Junaid Rajan,junaid.rajan92@college.ac.in,ECE,2023,5,7.59,Good,0,False
S03274,Rishita Chauhan,rishita.chauhan95@college.ac.in,ECE,2022,8,6.49,Average,1,False
S03275,Ramya Warrier,ramya.warrier28@college.ac.in,CSE,2023,6,6.83,Average,0,False
S03276,Athul Naidu,athul.naidu39@college.ac.in,MECH,2023,5,7.23,Good,0,False
S03277,Karthik Varma,karthik.varma97@college.ac.in,MECH,2023,6,5.9,Average,5,True
S03278,Syed Karunakaran,syed.karunakaran78@college.ac.in,MECH,2024,3,5.31,At Risk,2,True
S03279,Aditi Chetty,aditi.chetty70@college.ac.in,CSE,2024,4,7.52,Good,0,False
S03280,Swathi Yadav,swathi.yadav30@college.ac.in,ECE,2022,8,6.49,Average,0,False
S03281,Kritika Varma,kritika.varma42@college.ac.in,ECE,2025,2,7.76,Good,0,False
S03282,Shreya Kumar,shreya.kumar83@college.ac.in,CSE,2023,6,6.43,Average,1,True
S03283,Rishita Desai,rishita.desai72@college.ac.in,CSE,2023,6,6.36,Average,4,True
S03284,Rajesh Das,rajesh.das84@college.ac.in,AIML,2023,6,6.89,Average,0,False
S03285,Manoj Namboothiri,manoj.namboothiri65@college.ac.in,AIML,2024,4,7.29,Good,0,False
S03286,Prithviraj Reddy,prithviraj.reddy93@college.ac.in,MECH,2024,3,4.05,At Risk,2,True
S03287,Abhijith Nair,abhijith.nair13@college.ac.in,MECH,2025,2,6.79,Average,0,False
S03288,Madhan Mehta,madhan.mehta99@college.ac.in,MECH,2022,8,5.23,At Risk,3,True
S03289,Sachin Patil,sachin.patil13@college.ac.in,ECE,2023,6,5.29,At Risk,4,True
S03290,Faisal Murthy,faisal.murthy93@college.ac.in,CSE,2023,6,6.23,Average,5,False
S03291,Divya Venkataraman,divya.venkataraman77@college.ac.in,CSE,2023,5,7.09,Good,4,True
S03292,Swati Gopalakrishnan,swati.gopalakrishnan91@college.ac.in,ECE,2022,8,7.3,Good,4,False
S03293,Harikrishna Reddy,harikrishna.reddy21@college.ac.in,CSE,2023,6,6.22,Average,0,False
S03294,Piyush Natarajan,piyush.natarajan40@college.ac.in,MECH,2023,6,7.15,Good,0,False
S03295,Aamir Venkataraman,aamir.venkataraman97@college.ac.in,CSE,2022,8,5.54,Average,6,True
S03296,Muralidhar Das,muralidhar.das54@college.ac.in,AIML,2024,4,5.73,Average,6,True
S03297,Ganesh Das,ganesh.das17@college.ac.in,AIML,2025,2,6.47,Average,0,False
S03298,Aishwarya Desai,aishwarya.desai97@college.ac.in,CSE,2025,2,7.38,Good,0,False
S03299,Farhan Kumar,farhan.kumar27@college.ac.in,MECH,2023,6,4.96,At Risk,3,True
S03300,Revathi Murthy,revathi.murthy27@college.ac.in,CSE,2022,8,7.08,Good,0,False
S03301,Ankita Chetty,ankita.chetty26@college.ac.in,ECE,2022,8,7.64,Good,0,False
S03302,Dhanush Natarajan,dhanush.natarajan76@college.ac.in,ECE,2025,2,6.21,Average,4,True
S03303,Arun Velayudhan,arun.velayudhan10@college.ac.in,CSE,2023,6,7.68,Good,0,False
S03304,Swati Namboothiri,swati.namboothiri30@college.ac.in,ECE,2025,2,7.24,Good,0,False
S03305,Riya Venkataraman,riya.venkataraman99@college.ac.in,CSE,2025,2,8.77,Excellent,0,False
S03306,Amal Rao,amal.rao53@college.ac.in,AIML,2025,2,7.71,Good,0,False
S03307,Hiba Verma,hiba.verma59@college.ac.in,ECE,2025,2,6.52,Average,1,True
S03308,Rajesh Karunakaran,rajesh.karunakaran54@college.ac.in,ECE,2024,4,7.6,Good,0,False
S03309,Nikhil Pillai,nikhil.pillai24@college.ac.in,AIML,2025,2,5.04,At Risk,3,True
S03310,Ravi Chandrasekaran,ravi.chandrasekaran92@college.ac.in,ECE,2024,3,7.33,Good,0,False
S03311,Irfan Khan,irfan.khan51@college.ac.in,AIML,2024,3,6.86,Average,0,False
S03312,Vivek Joshi,vivek.joshi73@college.ac.in,CSE,2025,2,5.76,Average,1,False
S03313,Amal Tiwari,amal.tiwari64@college.ac.in,MECH,2023,6,4.8,At Risk,1,True
S03314,Dhanush Chetty,dhanush.chetty50@college.ac.in,CSE,2025,2,6.92,Average,4,True
S03315,Shubham Varma,shubham.varma99@college.ac.in,AIML,2022,8,6.04,Average,6,True
S03316,Pooja Rao,pooja.rao81@college.ac.in,MECH,2022,8,6.59,Average,0,False
S03317,Keerthi Desai,keerthi.desai61@college.ac.in,AIML,2024,4,7.12,Good,2,False
S03318,Vikram Karunakaran,vikram.karunakaran53@college.ac.in,CSE,2025,2,7.18,Good,2,False
S03319,Nithish Selvam,nithish.selvam33@college.ac.in,MECH,2024,3,6.55,Average,3,False
S03320,Manoj Bhat,manoj.bhat41@college.ac.in,ECE,2023,6,7.31,Good,4,False
S03321,Zubair Nair,zubair.nair29@college.ac.in,MECH,2023,6,5.81,Average,3,True
S03322,Imran Nambiar,imran.nambiar62@college.ac.in,ECE,2022,8,5.54,Average,3,True
S03323,Pooja Chauhan,pooja.chauhan52@college.ac.in,MECH,2025,2,6.81,Average,0,False
S03324,Mansi Prasad,mansi.prasad48@college.ac.in,CSE,2023,6,8.45,Good,0,False
S03325,Rukhsar Venkataraman,rukhsar.venkataraman45@college.ac.in,MECH,2025,2,5.3,At Risk,2,True
S03326,Adil Sheikh,adil.sheikh59@college.ac.in,MECH,2024,4,6.66,Average,0,False
S03327,Dinesh Patil,dinesh.patil83@college.ac.in,ECE,2022,8,6.41,Average,0,False
S03328,Asif Krishnan,asif.krishnan15@college.ac.in,AIML,2025,2,5.27,At Risk,5,True
S03329,Simran Gopalakrishnan,simran.gopalakrishnan66@college.ac.in,MECH,2023,6,6.19,Average,4,False
S03330,Ajith Arumugam,ajith.arumugam50@college.ac.in,ECE,2025,2,6.2,Average,3,False
S03331,Piyush Shetty,piyush.shetty77@college.ac.in,ECE,2024,3,7.05,Good,0,False
S03332,Tanvi Shetty,tanvi.shetty63@college.ac.in,MECH,2022,8,7.03,Good,0,False
S03333,Ravi Babu,ravi.babu69@college.ac.in,ECE,2022,8,6.9,Average,5,False
S03334,Bilal Menon,bilal.menon88@college.ac.in,CSE,2023,5,7.9,Good,0,False
S03335,Shahid Subramaniam,shahid.subramaniam42@college.ac.in,ECE,2025,2,7.12,Good,0,False
S03336,Kritika Gopalakrishnan,kritika.gopalakrishnan32@college.ac.in,AIML,2024,4,6.02,Average,4,True
S03337,Faisal Velayudhan,faisal.velayudhan87@college.ac.in,MECH,2023,5,5.41,At Risk,1,False
S03338,Jithin Pandey,jithin.pandey51@college.ac.in,MECH,2022,8,7.78,Good,0,False
S03339,Ramya Siddiqui,ramya.siddiqui32@college.ac.in,ECE,2023,6,7.21,Good,0,False
S03340,Sachin Das,sachin.das36@college.ac.in,CSE,2025,2,7.33,Good,0,False
S03341,Piyush Murugan,piyush.murugan90@college.ac.in,ECE,2024,4,6.84,Average,0,False
S03342,Sonal Gupta,sonal.gupta13@college.ac.in,AIML,2022,8,6.29,Average,0,False
S03343,Ankit Prasad,ankit.prasad11@college.ac.in,ECE,2025,2,5.59,Average,2,False
S03344,Rishita Das,rishita.das43@college.ac.in,CSE,2024,4,8.17,Good,0,False
S03345,Nadia Iyer,nadia.iyer54@college.ac.in,MECH,2025,2,6.8,Average,0,False
S03346,Aishwarya Khan,aishwarya.khan76@college.ac.in,CSE,2022,8,7.06,Good,0,False
S03347,Bilal Shah,bilal.shah59@college.ac.in,CSE,2022,8,6.3,Average,1,False
S03348,Farhan Gupta,farhan.gupta41@college.ac.in,CSE,2022,8,6.53,Average,4,True
S03349,Irfan Rao,irfan.rao59@college.ac.in,ECE,2025,2,5.65,Average,4,True
S03350,Aamir Sheikh,aamir.sheikh30@college.ac.in,ECE,2024,4,5.96,Average,1,False
S03351,Aishwarya Sharma,aishwarya.sharma37@college.ac.in,CSE,2024,4,7.49,Good,0,False
S03352,Zainab Namboothiri,zainab.namboothiri48@college.ac.in,CSE,2025,2,7.31,Good,0,False
S03353,Shreya Warrier,shreya.warrier60@college.ac.in,MECH,2025,2,8.27,Good,0,False
S03354,Naveen Pillai,naveen.pillai89@college.ac.in,CSE,2023,6,7.01,Good,0,False
S03355,Ayesha Yadav,ayesha.yadav72@college.ac.in,CSE,2025,2,7.84,Good,0,False
S03356,Nadia Murugan,nadia.murugan85@college.ac.in,MECH,2023,6,6.83,Average,0,False
S03357,Junaid Krishnan,junaid.krishnan17@college.ac.in,MECH,2023,6,5.92,Average,2,False
S03358,Ajith Natarajan,ajith.natarajan42@college.ac.in,CSE,2022,8,7.19,Good,0,False
S03359,Amal Sheikh,amal.sheikh62@college.ac.in,MECH,2025,2,4.6,At Risk,3,True
S03360,Revathi Karunakaran,revathi.karunakaran76@college.ac.in,MECH,2024,4,5.12,At Risk,5,True
S03361,Zainab Naidu,zainab.naidu82@college.ac.in,AIML,2023,6,5.55,Average,5,True
S03362,Vignesh Nair,vignesh.nair63@college.ac.in,MECH,2023,6,5.79,Average,2,False
S03363,Hiba Iyer,hiba.iyer30@college.ac.in,AIML,2025,2,7.32,Good,0,False
S03364,Sana Reddy,sana.reddy89@college.ac.in,CSE,2024,4,5.66,Average,6,True
S03365,Ankita Dubey,ankita.dubey91@college.ac.in,CSE,2022,8,7.18,Good,1,False
S03366,Nadia Verma,nadia.verma46@college.ac.in,CSE,2025,2,7.09,Good,0,False
S03367,Amal Kulkarni,amal.kulkarni96@college.ac.in,ECE,2025,2,6.61,Average,4,True
S03368,Nisha Varma,nisha.varma96@college.ac.in,ECE,2025,2,8.04,Good,0,False
S03369,Prithviraj Chauhan,prithviraj.chauhan80@college.ac.in,MECH,2022,8,6.33,Average,4,True
S03370,Shubham Siddiqui,shubham.siddiqui28@college.ac.in,CSE,2022,8,5.83,Average,2,True
S03371,Harikrishna Dubey,harikrishna.dubey36@college.ac.in,CSE,2025,2,7.12,Good,1,False
S03372,Akash Chandrasekaran,akash.chandrasekaran56@college.ac.in,AIML,2025,2,7.73,Good,0,False
S03373,Sanjay Kamath,sanjay.kamath83@college.ac.in,MECH,2024,4,5.47,At Risk,2,True
S03374,Athul Menon,athul.menon68@college.ac.in,ECE,2023,6,5.6,Average,1,True
S03375,Aamir Malik,aamir.malik52@college.ac.in,ECE,2022,8,6.85,Average,0,False
S03376,Faisal Qureshi,faisal.qureshi60@college.ac.in,CSE,2024,4,7.45,Good,0,False
S03377,Prithviraj Yadav,prithviraj.yadav16@college.ac.in,ECE,2024,3,5.78,Average,6,True
S03378,Pooja Nambiar,pooja.nambiar45@college.ac.in,CSE,2024,4,6.59,Average,0,False
S03379,Deepak Shetty,deepak.shetty46@college.ac.in,CSE,2023,5,6.46,Average,4,False
S03380,Meena Chandrasekaran,meena.chandrasekaran66@college.ac.in,CSE,2025,2,7.35,Good,4,False
S03381,Siddharth Reddy,siddharth.reddy31@college.ac.in,MECH,2023,6,6.18,Average,0,False
S03382,Ankit Subramaniam,ankit.subramaniam21@college.ac.in,MECH,2024,3,7.13,Good,0,False
S03383,Rohit Krishnan,rohit.krishnan35@college.ac.in,CSE,2022,8,7.34,Good,0,False
S03384,Shreya Subramaniam,shreya.subramaniam26@college.ac.in,CSE,2023,6,6.53,Average,5,True
S03385,Surya Krishnan,surya.krishnan43@college.ac.in,MECH,2024,4,5.35,At Risk,5,False
S03386,Aamir Naidu,aamir.naidu71@college.ac.in,MECH,2025,2,7.26,Good,0,False
S03387,Prithviraj Arumugam,prithviraj.arumugam85@college.ac.in,ECE,2025,2,6.76,Average,5,False
S03388,Tanvi Singh,tanvi.singh95@college.ac.in,AIML,2022,8,6.44,Average,5,False
S03389,Pooja Reddy,pooja.reddy32@college.ac.in,ECE,2024,4,7.42,Good,0,False
S03390,Rishita Karunakaran,rishita.karunakaran63@college.ac.in,MECH,2023,6,7.0,Good,0,False
S03391,Suresh Malik,suresh.malik75@college.ac.in,CSE,2024,3,7.29,Good,0,False
S03392,Harikrishna Chetty,harikrishna.chetty84@college.ac.in,AIML,2022,8,6.41,Average,1,True
S03393,Nair Mehta,nair.mehta48@college.ac.in,CSE,2025,2,7.16,Good,0,False
S03394,Praveen Rao,praveen.rao20@college.ac.in,MECH,2024,4,6.28,Average,0,False
S03395,Vignesh Chauhan,vignesh.chauhan66@college.ac.in,AIML,2022,8,6.6,Average,0,False
S03396,Junaid Hussain,junaid.hussain58@college.ac.in,ECE,2023,5,8.04,Good,0,False
S03397,Ravi Patel,ravi.patel29@college.ac.in,MECH,2022,8,5.09,At Risk,3,True
S03398,Meena Venkataraman,meena.venkataraman98@college.ac.in,AIML,2022,8,8.02,Good,0,False
S03399,Naveen Mirza,naveen.mirza22@college.ac.in,MECH,2023,6,5.23,At Risk,3,True
S03400,Vishnu Varma,vishnu.varma42@college.ac.in,AIML,2023,6,7.12,Good,0,False
S03401,Sathish Patel,sathish.patel44@college.ac.in,MECH,2023,6,6.0,Average,5,False
S03402,Ganesh Mishra,ganesh.mishra36@college.ac.in,ECE,2024,4,5.04,At Risk,2,True
S03403,Dhanush Gopalakrishnan,dhanush.gopalakrishnan38@college.ac.in,AIML,2025,2,5.17,At Risk,2,True
S03404,Ankit Warrier,ankit.warrier54@college.ac.in,MECH,2022,8,5.76,Average,2,True
S03405,Prithviraj Babu,prithviraj.babu83@college.ac.in,CSE,2023,6,5.78,Average,2,True
S03406,Meena Rao,meena.rao24@college.ac.in,CSE,2022,8,7.45,Good,0,False
S03407,Prerna Siddiqui,prerna.siddiqui58@college.ac.in,MECH,2024,3,6.48,Average,2,True
S03408,Athul Murthy,athul.murthy17@college.ac.in,MECH,2022,8,5.34,At Risk,5,True
S03409,Ramya Murugan,ramya.murugan49@college.ac.in,AIML,2023,6,7.42,Good,0,False
S03410,Suresh Mirza,suresh.mirza36@college.ac.in,CSE,2023,6,6.83,Average,0,False
S03411,Aishwarya Chandrasekaran,aishwarya.chandrasekaran23@college.ac.in,ECE,2022,8,6.42,Average,4,False
S03412,Mansi Prasad,mansi.prasad38@college.ac.in,CSE,2022,8,7.59,Good,0,False
S03413,Piyush Babu,piyush.babu13@college.ac.in,CSE,2025,2,6.9,Average,0,False
S03414,Lakshmi Ansari,lakshmi.ansari57@college.ac.in,MECH,2025,2,6.21,Average,3,False
S03415,Piyush Natarajan,piyush.natarajan82@college.ac.in,MECH,2022,8,7.12,Good,0,False
S03416,Riya Desai,riya.desai60@college.ac.in,CSE,2024,4,6.94,Average,0,False
S03417,Rajan Chauhan,rajan.chauhan29@college.ac.in,MECH,2025,2,6.62,Average,0,False
S03418,Ajith Selvam,ajith.selvam47@college.ac.in,CSE,2022,8,6.96,Average,0,False
S03419,Karthik Verma,karthik.verma68@college.ac.in,ECE,2023,6,6.16,Average,4,False
S03420,Swati Kumar,swati.kumar31@college.ac.in,ECE,2023,6,6.63,Average,0,False
S03421,Pallavi Kumar,pallavi.kumar78@college.ac.in,CSE,2023,6,6.91,Average,4,False
S03422,Rajesh Dubey,rajesh.dubey90@college.ac.in,CSE,2023,6,8.36,Good,0,False
S03423,Shahid Singh,shahid.singh56@college.ac.in,CSE,2023,6,6.19,Average,0,False
S03424,Athul Murugan,athul.murugan66@college.ac.in,AIML,2023,6,7.72,Good,5,False
S03425,Swati Hegde,swati.hegde58@college.ac.in,AIML,2024,4,7.75,Good,0,False
S03426,Bilal Verma,bilal.verma17@college.ac.in,ECE,2023,6,7.39,Good,0,False
S03427,Mohammed Arumugam,mohammed.arumugam60@college.ac.in,CSE,2024,4,7.97,Good,0,False
S03428,Karthik Tiwari,karthik.tiwari37@college.ac.in,MECH,2024,4,6.05,Average,1,True
S03429,Ravi Arumugam,ravi.arumugam31@college.ac.in,AIML,2022,8,7.31,Good,0,False
S03430,Sathish Kumar,sathish.kumar47@college.ac.in,ECE,2023,6,5.6,Average,3,True
S03431,Sneha Babu,sneha.babu45@college.ac.in,MECH,2022,8,6.77,Average,0,False
S03432,Ramesh Khan,ramesh.khan86@college.ac.in,MECH,2025,2,5.82,Average,5,True
S03433,Vivek Namboothiri,vivek.namboothiri30@college.ac.in,MECH,2024,4,4.88,At Risk,4,False
S03434,Arjun Chauhan,arjun.chauhan26@college.ac.in,CSE,2023,6,6.5,Average,0,False
S03435,Mohammed Krishnan,mohammed.krishnan72@college.ac.in,CSE,2022,8,7.31,Good,0,False
S03436,Shreya Chetty,shreya.chetty46@college.ac.in,AIML,2025,2,6.39,Average,0,False
S03437,Surya Joshi,surya.joshi43@college.ac.in,MECH,2022,8,6.72,Average,5,False
S03438,Harish Subramaniam,harish.subramaniam98@college.ac.in,MECH,2022,8,6.33,Average,0,False
S03439,Sachin Kulkarni,sachin.kulkarni93@college.ac.in,ECE,2022,8,6.17,Average,3,False
S03440,Ayesha Naidu,ayesha.naidu326@college.ac.in,MECH,2025,2,3.38,At Risk,4,True
S03441,Swathi Rao,swathi.rao72@college.ac.in,CSE,2025,2,4.52,At Risk,4,True
S03442,Nikhil Dubey,nikhil.dubey25@college.ac.in,MECH,2023,6,5.92,Average,3,True
S03443,Aman Nambiar,aman.nambiar60@college.ac.in,AIML,2023,6,5.92,Average,4,False
S03444,Aishwarya Joshi,aishwarya.joshi67@college.ac.in,MECH,2025,2,7.02,Good,0,False
S03445,Aamir Khan,aamir.khan597@college.ac.in,MECH,2022,8,6.87,Average,0,False
S03446,Ramya Kumar,ramya.kumar82@college.ac.in,ECE,2022,8,6.78,Average,0,False
S03447,Krishnan Kulkarni,krishnan.kulkarni31@college.ac.in,ECE,2024,4,6.56,Average,0,False
S03448,Rahul Hegde,rahul.hegde93@college.ac.in,CSE,2024,4,7.64,Good,0,False
S03449,Athul Tiwari,athul.tiwari31@college.ac.in,CSE,2024,4,7.91,Good,0,False
S03450,Nikhil Gopalakrishnan,nikhil.gopalakrishnan37@college.ac.in,AIML,2024,4,6.25,Average,0,False
S03451,Lakshmi Arumugam,lakshmi.arumugam76@college.ac.in,CSE,2024,3,6.95,Average,0,False
S03452,Zubair Karunakaran,zubair.karunakaran76@college.ac.in,MECH,2025,2,6.82,Average,0,False
S03453,Kritika Selvam,kritika.selvam76@college.ac.in,ECE,2022,8,6.93,Average,0,False
S03454,Tarun Rao,tarun.rao80@college.ac.in,MECH,2022,8,6.44,Average,1,False
S03455,Shreya Pandey,shreya.pandey22@college.ac.in,AIML,2022,8,7.48,Good,0,False
S03456,Imran Naidu,imran.naidu80@college.ac.in,CSE,2022,8,6.07,Average,6,True
S03457,Ravi Hussain,ravi.hussain78@college.ac.in,AIML,2025,2,6.44,Average,0,False
S03458,Tanvi Kulkarni,tanvi.kulkarni66@college.ac.in,MECH,2022,8,6.53,Average,1,False
S03459,Usman Varma,usman.varma65@college.ac.in,MECH,2024,3,8.1,Good,0,False
S03460,Sneha Venkataraman,sneha.venkataraman18@college.ac.in,ECE,2024,4,7.0,Good,0,False
S03461,Praveen Velayudhan,praveen.velayudhan17@college.ac.in,MECH,2023,6,6.04,Average,3,False
S03462,Bilal Chandrasekaran,bilal.chandrasekaran96@college.ac.in,ECE,2025,2,6.69,Average,4,False
S03463,Ajith Joshi,ajith.joshi11@college.ac.in,AIML,2025,2,7.73,Good,0,False
S03464,Sachin Pillai,sachin.pillai49@college.ac.in,CSE,2025,2,5.52,Average,5,True
S03465,Rajan Krishnan,rajan.krishnan23@college.ac.in,CSE,2025,2,6.66,Average,5,False
S03466,Swathi Shetty,swathi.shetty51@college.ac.in,MECH,2024,4,7.3,Good,0,False
S03467,Dhanush Verma,dhanush.verma52@college.ac.in,CSE,2024,4,7.01,Good,4,False
S03468,Ankit Gupta,ankit.gupta82@college.ac.in,AIML,2023,6,5.47,At Risk,1,True
S03469,Praveen Patil,praveen.patil51@college.ac.in,CSE,2023,6,6.09,Average,4,True
S03470,Rajan Arumugam,rajan.arumugam30@college.ac.in,MECH,2023,6,5.28,At Risk,5,True
S03471,Sreejith Nambiar,sreejith.nambiar17@college.ac.in,MECH,2022,8,6.89,Average,0,False
S03472,Rajesh Varma,rajesh.varma37@college.ac.in,CSE,2023,6,7.69,Good,0,False
S03473,Swati Murthy,swati.murthy75@college.ac.in,MECH,2024,4,7.32,Good,0,False
S03474,Praveen Qureshi,praveen.qureshi72@college.ac.in,AIML,2023,6,4.03,At Risk,3,False
S03475,Avinash Iyengar,avinash.iyengar35@college.ac.in,CSE,2022,8,7.03,Good,0,False
S03476,Ajith Naidu,ajith.naidu42@college.ac.in,MECH,2022,8,5.62,Average,4,True
S03477,Simran Natarajan,simran.natarajan84@college.ac.in,ECE,2023,6,5.98,Average,2,False
S03478,Piyush Gupta,piyush.gupta18@college.ac.in,ECE,2024,3,6.34,Average,4,False
S03479,Amina Menon,amina.menon18@college.ac.in,CSE,2022,8,8.1,Good,0,False
S03480,Kritika Singh,kritika.singh18@college.ac.in,AIML,2022,8,7.02,Good,0,False
S03481,Saranya Arumugam,saranya.arumugam97@college.ac.in,MECH,2025,2,6.14,Average,0,False
S03482,Harish Warrier,harish.warrier66@college.ac.in,ECE,2025,2,4.59,At Risk,6,True
S03483,Siddharth Arumugam,siddharth.arumugam73@college.ac.in,ECE,2025,2,7.16,Good,0,False
S03484,Amit Verma,amit.verma87@college.ac.in,ECE,2022,8,5.67,Average,4,True
S03485,Dinesh Chetty,dinesh.chetty25@college.ac.in,ECE,2024,4,4.95,At Risk,1,False
S03486,Ayesha Joshi,ayesha.joshi90@college.ac.in,ECE,2025,2,7.26,Good,0,False
S03487,Imran Warrier,imran.warrier27@college.ac.in,CSE,2023,5,6.0,Average,3,False
S03488,Logesh Babu,logesh.babu76@college.ac.in,CSE,2024,4,7.61,Good,0,False
S03489,Piyush Warrier,piyush.warrier17@college.ac.in,CSE,2025,2,6.98,Average,0,False
S03490,Jithin Malik,jithin.malik98@college.ac.in,CSE,2025,2,8.07,Good,0,False
S03491,Pallavi Patil,pallavi.patil77@college.ac.in,AIML,2025,2,6.44,Average,5,True
S03492,Aman Chauhan,aman.chauhan79@college.ac.in,ECE,2024,3,5.05,At Risk,6,True
S03493,Nisha Kamath,nisha.kamath59@college.ac.in,CSE,2025,2,7.65,Good,0,False
S03494,Swati Murthy,swati.murthy86@college.ac.in,CSE,2022,8,8.4,Good,0,False
S03495,Surya Malik,surya.malik53@college.ac.in,ECE,2022,8,6.76,Average,3,False
S03496,Ramya Natarajan,ramya.natarajan49@college.ac.in,CSE,2022,8,6.14,Average,3,True
S03497,Dhanush Nair,dhanush.nair98@college.ac.in,CSE,2022,8,6.88,Average,4,True
S03498,Babu Chauhan,babu.chauhan24@college.ac.in,MECH,2023,6,5.24,At Risk,4,True
S03499,Meena Qureshi,meena.qureshi88@college.ac.in,CSE,2025,2,7.8,Good,0,False
S03500,Hiba Chandrasekaran,hiba.chandrasekaran98@college.ac.in,MECH,2023,6,6.85,Average,0,False
S03501,Nikhil Gopalakrishnan,nikhil.gopalakrishnan98@college.ac.in,CSE,2023,5,6.47,Average,4,True
S03502,Harish Shah,harish.shah96@college.ac.in,ECE,2023,6,5.78,Average,3,True
S03503,Piyush Iyengar,piyush.iyengar90@college.ac.in,CSE,2024,3,5.41,At Risk,2,True
S03504,Ananya Bhat,ananya.bhat61@college.ac.in,ECE,2025,2,5.29,At Risk,2,True
S03505,Ravi Bhat,ravi.bhat40@college.ac.in,AIML,2024,4,6.42,Average,0,False
S03506,Ajith Verma,ajith.verma31@college.ac.in,CSE,2025,2,7.59,Good,0,False
S03507,Pallavi Iyer,pallavi.iyer98@college.ac.in,AIML,2022,8,7.21,Good,0,False
S03508,Athul Qureshi,athul.qureshi34@college.ac.in,CSE,2024,4,6.03,Average,4,False
S03509,Ankit Siddiqui,ankit.siddiqui93@college.ac.in,ECE,2024,4,6.2,Average,4,False
S03510,Swati Das,swati.das94@college.ac.in,CSE,2024,4,6.54,Average,4,False
S03511,Junaid Kamath,junaid.kamath85@college.ac.in,AIML,2024,4,7.12,Good,0,False
S03512,Fatima Babu,fatima.babu73@college.ac.in,AIML,2024,4,6.76,Average,0,False
S03513,Aishwarya Khan,aishwarya.khan22@college.ac.in,ECE,2023,6,6.08,Average,2,True
S03514,Tarun Namboothiri,tarun.namboothiri73@college.ac.in,CSE,2025,2,7.4,Good,0,False
S03515,Aditi Siddiqui,aditi.siddiqui25@college.ac.in,MECH,2024,3,6.42,Average,0,False
S03516,Ankita Murthy,ankita.murthy68@college.ac.in,MECH,2025,2,6.78,Average,0,False
S03517,Rajesh Mirza,rajesh.mirza37@college.ac.in,ECE,2022,8,7.53,Good,3,False
S03518,Ajith Murthy,ajith.murthy71@college.ac.in,AIML,2025,2,5.7,Average,5,True
S03519,Rajesh Chauhan,rajesh.chauhan17@college.ac.in,MECH,2024,4,6.47,Average,0,False
S03520,Sneha Nambiar,sneha.nambiar84@college.ac.in,ECE,2025,2,7.87,Good,0,False
S03521,Imran Rajan,imran.rajan20@college.ac.in,CSE,2023,6,7.47,Good,0,False
S03522,Pooja Menon,pooja.menon50@college.ac.in,CSE,2025,2,8.5,Excellent,0,False
S03523,Junaid Malik,junaid.malik20@college.ac.in,AIML,2022,8,7.48,Good,0,False
S03524,Dhanush Sheikh,dhanush.sheikh60@college.ac.in,MECH,2023,6,6.09,Average,0,False
S03525,Farhan Desai,farhan.desai88@college.ac.in,AIML,2024,4,7.15,Good,0,False
S03526,Dhanush Shetty,dhanush.shetty30@college.ac.in,AIML,2025,2,6.67,Average,0,False
S03527,Ramya Mehta,ramya.mehta84@college.ac.in,MECH,2023,5,6.62,Average,0,False
S03528,Piyush Singh,piyush.singh69@college.ac.in,ECE,2023,6,6.91,Average,0,False
S03529,Ravi Warrier,ravi.warrier96@college.ac.in,AIML,2023,6,8.37,Good,0,False
S03530,Nikhil Naidu,nikhil.naidu61@college.ac.in,MECH,2023,6,7.39,Good,0,False
S03531,Logesh Karunakaran,logesh.karunakaran10@college.ac.in,CSE,2023,6,7.75,Good,0,False
S03532,Tanvi Ansari,tanvi.ansari88@college.ac.in,ECE,2023,6,5.55,Average,3,True
S03533,Karthik Arumugam,karthik.arumugam29@college.ac.in,CSE,2024,4,7.75,Good,0,False
S03534,Ananya Arumugam,ananya.arumugam37@college.ac.in,AIML,2022,8,5.54,Average,1,True
S03535,Dinesh Kamath,dinesh.kamath57@college.ac.in,ECE,2025,2,6.66,Average,1,False
S03536,Akash Patel,akash.patel49@college.ac.in,ECE,2024,4,6.44,Average,0,False
S03537,Nadia Iyengar,nadia.iyengar23@college.ac.in,MECH,2025,2,3.67,At Risk,4,True
S03538,Rajan Krishnan,rajan.krishnan41@college.ac.in,ECE,2023,6,7.7,Good,0,False
S03539,Akash Kulkarni,akash.kulkarni42@college.ac.in,MECH,2023,6,6.32,Average,0,False
S03540,Sathish Gupta,sathish.gupta46@college.ac.in,CSE,2023,6,5.91,Average,3,True
S03541,Muralidhar Babu,muralidhar.babu14@college.ac.in,ECE,2025,2,7.21,Good,3,False
S03542,Farhan Prasad,farhan.prasad28@college.ac.in,CSE,2022,8,6.88,Average,1,True
S03543,Vignesh Pillai,vignesh.pillai10@college.ac.in,MECH,2025,2,6.28,Average,0,False
S03544,Salman Karunakaran,salman.karunakaran60@college.ac.in,CSE,2025,2,5.9,Average,3,True
S03545,Aditi Patil,aditi.patil94@college.ac.in,CSE,2022,8,7.21,Good,0,False
S03546,Anjali Chauhan,anjali.chauhan51@college.ac.in,CSE,2025,2,7.13,Good,0,False
S03547,Farhan Das,farhan.das71@college.ac.in,CSE,2025,2,6.87,Average,0,False
S03548,Sonal Dubey,sonal.dubey79@college.ac.in,AIML,2022,8,7.33,Good,0,False
S03549,Keerthi Pillai,keerthi.pillai26@college.ac.in,CSE,2023,6,8.01,Good,0,False
S03550,Tanvi Subramaniam,tanvi.subramaniam64@college.ac.in,AIML,2022,8,6.35,Average,0,False
S03551,Logesh Namboothiri,logesh.namboothiri20@college.ac.in,MECH,2024,4,7.06,Good,0,False
S03552,Lakshmi Nambiar,lakshmi.nambiar62@college.ac.in,ECE,2022,8,5.96,Average,3,True
S03553,Aishwarya Selvam,aishwarya.selvam52@college.ac.in,CSE,2024,4,6.49,Average,0,False
S03554,Sachin Kumar,sachin.kumar39@college.ac.in,ECE,2022,8,6.78,Average,0,False
S03555,Sreejith Das,sreejith.das21@college.ac.in,MECH,2022,8,6.77,Average,5,True
S03556,Avinash Bhat,avinash.bhat26@college.ac.in,ECE,2024,3,6.1,Average,0,False
S03557,Salman Naidu,salman.naidu83@college.ac.in,AIML,2025,2,6.42,Average,4,False
S03558,Karthik Mirza,karthik.mirza80@college.ac.in,CSE,2023,6,7.31,Good,0,False
S03559,Pallavi Hegde,pallavi.hegde40@college.ac.in,CSE,2023,6,6.16,Average,4,False
S03560,Fatima Gupta,fatima.gupta65@college.ac.in,ECE,2025,2,6.61,Average,0,False
S03561,Rajesh Ansari,rajesh.ansari23@college.ac.in,CSE,2023,6,5.88,Average,3,False
S03562,Menon Subramaniam,menon.subramaniam93@college.ac.in,MECH,2022,8,7.81,Good,0,False
S03563,Pooja Kamath,pooja.kamath562@college.ac.in,CSE,2024,4,7.5,Good,3,False
S03564,Deepak Rao,deepak.rao14@college.ac.in,AIML,2023,5,7.38,Good,2,False
S03565,Vignesh Namboothiri,vignesh.namboothiri94@college.ac.in,ECE,2025,2,5.48,At Risk,6,True
S03566,Simran Gupta,simran.gupta95@college.ac.in,MECH,2024,4,6.26,Average,0,False
S03567,Nadia Prasad,nadia.prasad35@college.ac.in,AIML,2023,6,6.56,Average,2,False
S03568,Hiba Ansari,hiba.ansari77@college.ac.in,ECE,2025,2,6.42,Average,3,False
S03569,Aishwarya Malik,aishwarya.malik15@college.ac.in,ECE,2022,8,5.97,Average,3,False
S03570,Ganesh Joshi,ganesh.joshi16@college.ac.in,CSE,2025,2,6.81,Average,6,True
S03571,Mohammed Patel,mohammed.patel60@college.ac.in,CSE,2025,2,7.22,Good,3,False
S03572,Prithviraj Pandey,prithviraj.pandey70@college.ac.in,MECH,2024,4,5.31,At Risk,3,True
S03573,Rishita Mirza,rishita.mirza77@college.ac.in,MECH,2023,6,4.55,At Risk,4,True
S03574,Kavya Singh,kavya.singh18@college.ac.in,ECE,2023,6,6.64,Average,0,False
S03575,Pallavi Gopalakrishnan,pallavi.gopalakrishnan29@college.ac.in,CSE,2024,4,7.89,Good,0,False
S03576,Farhan Kumar,farhan.kumar14@college.ac.in,AIML,2024,4,7.1,Good,0,False
S03577,Vignesh Shah,vignesh.shah87@college.ac.in,CSE,2025,2,6.61,Average,6,False
S03578,Naveen Patel,naveen.patel81@college.ac.in,ECE,2024,4,7.07,Good,0,False
S03579,Athul Khan,athul.khan97@college.ac.in,ECE,2023,6,7.31,Good,0,False
S03580,Zubair Gupta,zubair.gupta79@college.ac.in,MECH,2024,4,6.14,Average,4,False
S03581,Vishnu Sheikh,vishnu.sheikh70@college.ac.in,CSE,2024,4,8.01,Good,0,False
S03582,Muralidhar Das,muralidhar.das28@college.ac.in,AIML,2024,4,7.62,Good,0,False
S03583,Amit Menon,amit.menon82@college.ac.in,ECE,2025,2,6.34,Average,0,False
S03584,Swati Rao,swati.rao82@college.ac.in,CSE,2023,6,6.62,Average,4,False
S03585,Vijay Hussain,vijay.hussain24@college.ac.in,AIML,2024,4,5.07,At Risk,5,False
S03586,Muralidhar Babu,muralidhar.babu59@college.ac.in,AIML,2022,8,6.71,Average,5,False
S03587,Manoj Siddiqui,manoj.siddiqui32@college.ac.in,ECE,2023,6,7.92,Good,0,False
S03588,Shahid Yadav,shahid.yadav74@college.ac.in,AIML,2022,8,6.49,Average,0,False
S03589,Priya Hussain,priya.hussain17@college.ac.in,CSE,2024,4,6.92,Average,0,False
S03590,Amina Hussain,amina.hussain77@college.ac.in,ECE,2022,8,5.9,Average,1,True
S03591,Nithish Patil,nithish.patil56@college.ac.in,CSE,2024,4,7.04,Good,2,False
S03592,Shubham Nair,shubham.nair41@college.ac.in,MECH,2022,8,6.59,Average,0,False
S03593,Shubham Rao,shubham.rao23@college.ac.in,MECH,2024,4,7.36,Good,0,False
S03594,Ramya Nambiar,ramya.nambiar27@college.ac.in,AIML,2024,4,6.6,Average,0,False
S03595,Ananya Shetty,ananya.shetty98@college.ac.in,AIML,2024,4,6.16,Average,6,True
S03596,Rukhsar Bhat,rukhsar.bhat53@college.ac.in,CSE,2023,6,7.79,Good,0,False
S03597,Usman Das,usman.das87@college.ac.in,MECH,2025,2,6.34,Average,3,True
S03598,Ankit Ansari,ankit.ansari71@college.ac.in,MECH,2024,4,6.68,Average,0,False
S03599,Dhanush Reddy,dhanush.reddy82@college.ac.in,MECH,2023,6,5.65,Average,1,True
S03600,Surya Selvam,surya.selvam46@college.ac.in,ECE,2023,6,7.0,Good,0,False
S03601,Jithin Mishra,jithin.mishra35@college.ac.in,ECE,2024,4,4.75,At Risk,4,True
S03602,Nithish Rajan,nithish.rajan91@college.ac.in,MECH,2024,4,4.97,At Risk,5,True
S03603,Ravi Nair,ravi.nair97@college.ac.in,AIML,2025,2,6.72,Average,0,False
S03604,Nadia Mishra,nadia.mishra74@college.ac.in,ECE,2022,8,7.13,Good,0,False
S03605,Meena Joshi,meena.joshi99@college.ac.in,CSE,2024,4,8.29,Good,0,False
S03606,Karthik Selvam,karthik.selvam70@college.ac.in,AIML,2024,4,6.74,Average,1,False
S03607,Shahid Prasad,shahid.prasad69@college.ac.in,CSE,2024,4,7.05,Good,5,False
S03608,Rukhsar Velayudhan,rukhsar.velayudhan25@college.ac.in,CSE,2025,2,6.93,Average,0,False
S03609,Varun Ansari,varun.ansari74@college.ac.in,AIML,2023,6,7.51,Good,0,False
S03610,Farhan Reddy,farhan.reddy82@college.ac.in,CSE,2025,2,6.63,Average,0,False
S03611,Saranya Natarajan,saranya.natarajan22@college.ac.in,AIML,2025,2,5.22,At Risk,4,False
S03612,Rajesh Mirza,rajesh.mirza63@college.ac.in,CSE,2022,8,8.04,Good,0,False
S03613,Prerna Rao,prerna.rao47@college.ac.in,AIML,2024,4,7.24,Good,0,False
S03614,Faisal Kumar,faisal.kumar40@college.ac.in,CSE,2023,6,7.84,Good,0,False
S03615,Zainab Naidu,zainab.naidu62@college.ac.in,MECH,2022,8,6.61,Average,0,False
S03616,Mansi Bhat,mansi.bhat36@college.ac.in,AIML,2025,2,8.78,Excellent,0,False
S03617,Tarun Nair,tarun.nair74@college.ac.in,MECH,2022,8,6.14,Average,5,False
S03618,Menon Rao,menon.rao21@college.ac.in,CSE,2023,6,7.79,Good,0,False
S03619,Rukhsar Babu,rukhsar.babu37@college.ac.in,AIML,2025,2,4.75,At Risk,3,True
S03620,Vikram Venkataraman,vikram.venkataraman70@college.ac.in,ECE,2024,4,7.47,Good,0,False
S03621,Praveen Bhat,praveen.bhat60@college.ac.in,MECH,2024,4,5.13,At Risk,3,False
S03622,Siddharth Siddiqui,siddharth.siddiqui95@college.ac.in,AIML,2024,4,7.37,Good,0,False
S03623,Pooja Rajan,pooja.rajan16@college.ac.in,MECH,2023,5,6.52,Average,4,False
S03624,Praveen Natarajan,praveen.natarajan94@college.ac.in,ECE,2024,4,6.17,Average,0,False
S03625,Avinash Kulkarni,avinash.kulkarni20@college.ac.in,AIML,2022,8,5.49,At Risk,6,True
S03626,Athul Singh,athul.singh86@college.ac.in,CSE,2023,6,7.73,Good,0,False
S03627,Ravi Murugan,ravi.murugan70@college.ac.in,CSE,2024,4,7.26,Good,0,False
S03628,Priya Yadav,priya.yadav50@college.ac.in,MECH,2024,4,5.65,Average,4,True
S03629,Naveen Patel,naveen.patel65@college.ac.in,CSE,2025,2,4.69,At Risk,3,True
S03630,Ankit Prasad,ankit.prasad57@college.ac.in,MECH,2023,5,5.69,Average,2,False
S03631,Piyush Dubey,piyush.dubey88@college.ac.in,MECH,2023,5,6.77,Average,0,False
S03632,Logesh Malik,logesh.malik80@college.ac.in,CSE,2022,8,8.08,Good,0,False
S03633,Dhanush Naidu,dhanush.naidu49@college.ac.in,CSE,2022,8,7.03,Good,0,False
S03634,Aditi Ansari,aditi.ansari92@college.ac.in,MECH,2025,2,5.88,Average,2,True
S03635,Avinash Rao,avinash.rao79@college.ac.in,MECH,2023,5,5.89,Average,6,False
S03636,Logesh Selvam,logesh.selvam24@college.ac.in,CSE,2022,8,6.41,Average,0,False
S03637,Avinash Shah,avinash.shah40@college.ac.in,ECE,2025,2,7.0,Good,0,False
S03638,Sanjay Natarajan,sanjay.natarajan78@college.ac.in,AIML,2024,4,7.83,Good,0,False
S03639,Rizwan Yadav,rizwan.yadav67@college.ac.in,AIML,2025,2,6.35,Average,0,False
S03640,Vishnu Gopalakrishnan,vishnu.gopalakrishnan35@college.ac.in,ECE,2025,2,6.81,Average,0,False
S03641,Deepak Sharma,deepak.sharma76@college.ac.in,MECH,2023,5,6.57,Average,0,False
S03642,Shahid Chetty,shahid.chetty37@college.ac.in,AIML,2024,3,7.1,Good,0,False
S03643,Aditi Naidu,aditi.naidu35@college.ac.in,CSE,2022,8,6.79,Average,0,False
S03644,Keerthi Velayudhan,keerthi.velayudhan72@college.ac.in,CSE,2024,4,6.0,Average,4,True
S03645,Tanvi Gopalakrishnan,tanvi.gopalakrishnan14@college.ac.in,ECE,2022,8,7.82,Good,0,False
S03646,Sachin Murthy,sachin.murthy55@college.ac.in,AIML,2024,4,7.67,Good,0,False
S03647,Kritika Shah,kritika.shah80@college.ac.in,MECH,2023,6,5.96,Average,1,True
S03648,Karthik Prasad,karthik.prasad49@college.ac.in,CSE,2024,4,7.12,Good,0,False
S03649,Deepak Sheikh,deepak.sheikh69@college.ac.in,CSE,2025,2,5.66,Average,6,True
S03650,Salman Singh,salman.singh50@college.ac.in,AIML,2024,4,5.63,Average,1,True
S03651,Keerthi Patil,keerthi.patil48@college.ac.in,ECE,2025,2,6.17,Average,0,False
S03652,Krishnan Shetty,krishnan.shetty84@college.ac.in,CSE,2023,6,6.79,Average,2,False
S03653,Ramesh Rao,ramesh.rao52@college.ac.in,CSE,2024,4,5.74,Average,4,True
S03654,Swathi Kamath,swathi.kamath70@college.ac.in,ECE,2023,5,6.08,Average,0,False
S03655,Nadia Subramaniam,nadia.subramaniam65@college.ac.in,CSE,2022,8,7.48,Good,0,False
S03656,Dinesh Nambiar,dinesh.nambiar43@college.ac.in,AIML,2025,2,8.81,Excellent,0,False
S03657,Prerna Gupta,prerna.gupta91@college.ac.in,CSE,2023,6,6.3,Average,0,False
S03658,Arjun Khan,arjun.khan49@college.ac.in,MECH,2022,8,7.98,Good,0,False
S03659,Hiba Murthy,hiba.murthy97@college.ac.in,CSE,2023,6,7.26,Good,0,False
S03660,Ayesha Velayudhan,ayesha.velayudhan23@college.ac.in,ECE,2022,8,5.95,Average,4,True
S03661,Mohammed Kumar,mohammed.kumar43@college.ac.in,AIML,2024,4,7.46,Good,0,False
S03662,Nithya Sharma,nithya.sharma95@college.ac.in,MECH,2023,6,6.74,Average,0,False
S03663,Vikram Varma,vikram.varma80@college.ac.in,CSE,2023,6,6.04,Average,0,False
S03664,Prithviraj Singh,prithviraj.singh68@college.ac.in,AIML,2025,2,6.94,Average,0,False
S03665,Muralidhar Menon,muralidhar.menon56@college.ac.in,MECH,2024,4,7.65,Good,0,False
S03666,Zainab Desai,zainab.desai12@college.ac.in,CSE,2023,6,7.91,Good,0,False
S03667,Adil Bhat,adil.bhat47@college.ac.in,ECE,2023,6,6.59,Average,0,False
S03668,Priya Khan,priya.khan32@college.ac.in,MECH,2024,4,6.49,Average,0,False
S03669,Junaid Namboothiri,junaid.namboothiri36@college.ac.in,MECH,2024,4,7.71,Good,0,False
S03670,Vignesh Chetty,vignesh.chetty39@college.ac.in,AIML,2024,4,5.69,Average,5,True
S03671,Manoj Malik,manoj.malik13@college.ac.in,ECE,2025,2,5.51,Average,2,True
S03672,Divya Malik,divya.malik47@college.ac.in,MECH,2022,8,7.38,Good,0,False
S03673,Naveen Mehta,naveen.mehta16@college.ac.in,AIML,2022,8,6.38,Average,0,False
S03674,Junaid Malik,junaid.malik74@college.ac.in,ECE,2025,2,8.22,Good,0,False
S03675,Kavya Patil,kavya.patil46@college.ac.in,ECE,2023,6,5.69,Average,4,True
S03676,Fatima Kulkarni,fatima.kulkarni33@college.ac.in,AIML,2024,4,6.79,Average,5,False
S03677,Adil Warrier,adil.warrier83@college.ac.in,AIML,2022,8,7.37,Good,0,False
S03678,Rahul Subramaniam,rahul.subramaniam41@college.ac.in,CSE,2022,8,7.7,Good,0,False
S03679,Kavya Yadav,kavya.yadav13@college.ac.in,ECE,2024,4,5.64,Average,1,False
S03680,Akash Natarajan,akash.natarajan66@college.ac.in,AIML,2024,4,7.46,Good,0,False
S03681,Praveen Khan,praveen.khan75@college.ac.in,MECH,2025,2,6.98,Average,0,False
S03682,Prithviraj Shah,prithviraj.shah20@college.ac.in,AIML,2023,6,7.6,Good,0,False
S03683,Rishita Karunakaran,rishita.karunakaran26@college.ac.in,ECE,2022,8,6.1,Average,0,False
S03684,Suresh Rao,suresh.rao22@college.ac.in,CSE,2023,6,6.22,Average,0,False
S03685,Manoj Yadav,manoj.yadav56@college.ac.in,ECE,2022,8,8.13,Good,0,False
S03686,Pooja Bhat,pooja.bhat88@college.ac.in,CSE,2022,8,7.05,Good,0,False
S03687,Madhan Varma,madhan.varma76@college.ac.in,ECE,2023,6,6.11,Average,0,False
S03688,Fatima Qureshi,fatima.qureshi31@college.ac.in,AIML,2023,6,6.28,Average,2,True
S03689,Bilal Singh,bilal.singh15@college.ac.in,CSE,2022,8,7.26,Good,0,False
S03690,Nithya Krishnan,nithya.krishnan20@college.ac.in,MECH,2024,4,5.59,Average,0,False
S03691,Harikrishna Sheikh,harikrishna.sheikh61@college.ac.in,ECE,2023,6,6.64,Average,0,False
S03692,Aamir Hussain,aamir.hussain70@college.ac.in,ECE,2023,6,5.07,At Risk,1,True
S03693,Vivek Babu,vivek.babu37@college.ac.in,AIML,2024,4,5.55,Average,4,True
S03694,Revathi Chandrasekaran,revathi.chandrasekaran45@college.ac.in,CSE,2025,2,6.28,Average,5,False
S03695,Athul Hussain,athul.hussain48@college.ac.in,CSE,2024,3,4.82,At Risk,6,True
S03696,Logesh Hussain,logesh.hussain93@college.ac.in,ECE,2024,4,5.13,At Risk,2,True
S03697,Swathi Hegde,swathi.hegde99@college.ac.in,ECE,2022,8,6.73,Average,0,False
S03698,Vivek Iyengar,vivek.iyengar76@college.ac.in,AIML,2024,3,6.36,Average,0,False
S03699,Deepak Verma,deepak.verma67@college.ac.in,CSE,2024,4,6.44,Average,3,False
S03700,Harish Kamath,harish.kamath74@college.ac.in,MECH,2022,8,6.83,Average,0,False
S03701,Dinesh Gupta,dinesh.gupta53@college.ac.in,AIML,2024,4,5.86,Average,2,True
S03702,Pallavi Murugan,pallavi.murugan11@college.ac.in,ECE,2025,2,7.03,Good,0,False
S03703,Simran Hegde,simran.hegde91@college.ac.in,MECH,2022,8,6.36,Average,4,False
S03704,Meena Desai,meena.desai33@college.ac.in,ECE,2025,2,5.58,Average,4,False
S03705,Avinash Ansari,avinash.ansari47@college.ac.in,AIML,2023,5,6.02,Average,0,False
S03706,Kritika Kumar,kritika.kumar96@college.ac.in,ECE,2025,2,6.19,Average,0,False
S03707,Krishnan Singh,krishnan.singh36@college.ac.in,AIML,2022,8,7.71,Good,0,False
S03708,Gaurav Varma,gaurav.varma14@college.ac.in,CSE,2025,2,6.61,Average,1,True
S03709,Muralidhar Varma,muralidhar.varma77@college.ac.in,AIML,2023,6,7.04,Good,0,False
S03710,Salman Pillai,salman.pillai13@college.ac.in,ECE,2024,4,6.87,Average,0,False
S03711,Dinesh Siddiqui,dinesh.siddiqui73@college.ac.in,CSE,2022,8,7.19,Good,0,False
S03712,Praveen Babu,praveen.babu20@college.ac.in,CSE,2023,6,6.82,Average,5,True
S03713,Salman Bhat,salman.bhat12@college.ac.in,CSE,2023,6,6.66,Average,0,False
S03714,Nisha Shetty,nisha.shetty40@college.ac.in,AIML,2022,8,7.92,Good,0,False
S03715,Vishnu Arumugam,vishnu.arumugam25@college.ac.in,CSE,2024,4,6.55,Average,1,False
S03716,Avinash Nair,avinash.nair80@college.ac.in,AIML,2024,3,7.99,Good,0,False
S03717,Rajesh Ansari,rajesh.ansari21@college.ac.in,AIML,2022,8,7.44,Good,0,False
S03718,Keerthi Nair,keerthi.nair89@college.ac.in,ECE,2023,5,6.24,Average,0,False
S03719,Karthik Pandey,karthik.pandey38@college.ac.in,CSE,2024,4,6.14,Average,6,True
S03720,Tanvi Verma,tanvi.verma39@college.ac.in,CSE,2024,4,5.1,At Risk,5,True
S03721,Pillai Qureshi,pillai.qureshi37@college.ac.in,ECE,2023,6,6.16,Average,5,True
S03722,Ankita Sheikh,ankita.sheikh45@college.ac.in,ECE,2024,4,6.22,Average,3,False
S03723,Rizwan Dubey,rizwan.dubey49@college.ac.in,MECH,2025,2,4.83,At Risk,5,True
S03724,Amit Prasad,amit.prasad55@college.ac.in,CSE,2023,6,7.55,Good,0,False
S03725,Farhan Babu,farhan.babu16@college.ac.in,MECH,2025,2,5.53,Average,2,True
S03726,Ayesha Desai,ayesha.desai83@college.ac.in,MECH,2023,6,7.56,Good,0,False
S03727,Babu Chandrasekaran,babu.chandrasekaran47@college.ac.in,AIML,2024,4,6.73,Average,0,False
S03728,Saranya Nambiar,saranya.nambiar50@college.ac.in,AIML,2024,4,5.32,At Risk,3,False
S03729,Ankit Sharma,ankit.sharma14@college.ac.in,MECH,2024,4,5.33,At Risk,5,True
S03730,Keerthi Malik,keerthi.malik71@college.ac.in,CSE,2024,3,4.92,At Risk,5,True
S03731,Ankita Venkataraman,ankita.venkataraman76@college.ac.in,MECH,2025,2,5.72,Average,2,True
S03732,Karthik Kumar,karthik.kumar67@college.ac.in,MECH,2025,2,6.0,Average,0,False
S03733,Amal Yadav,amal.yadav24@college.ac.in,AIML,2023,6,4.99,At Risk,3,True
S03734,Ajith Joshi,ajith.joshi62@college.ac.in,ECE,2023,6,5.92,Average,5,True
S03735,Akash Mirza,akash.mirza11@college.ac.in,CSE,2023,6,7.28,Good,0,False
S03736,Kritika Hegde,kritika.hegde48@college.ac.in,CSE,2024,4,4.93,At Risk,4,True
S03737,Neha Chetty,neha.chetty10@college.ac.in,MECH,2023,5,7.24,Good,0,False
S03738,Swati Karunakaran,swati.karunakaran63@college.ac.in,AIML,2023,5,6.92,Average,0,False
S03739,Pooja Malik,pooja.malik51@college.ac.in,ECE,2024,4,6.9,Average,0,False
S03740,Syed Rao,syed.rao59@college.ac.in,AIML,2024,4,6.7,Average,5,False
S03741,Swati Sheikh,swati.sheikh58@college.ac.in,MECH,2024,4,5.29,At Risk,6,False
S03742,Rukhsar Rajan,rukhsar.rajan71@college.ac.in,ECE,2022,8,6.37,Average,5,False
S03743,Syed Pandey,syed.pandey14@college.ac.in,ECE,2024,4,6.84,Average,4,False
S03744,Vishnu Joshi,vishnu.joshi97@college.ac.in,AIML,2025,2,5.78,Average,1,False
S03745,Pillai Nair,pillai.nair53@college.ac.in,CSE,2022,8,6.48,Average,0,False
S03746,Athul Mehta,athul.mehta37@college.ac.in,MECH,2024,4,5.99,Average,1,False
S03747,Mohammed Prasad,mohammed.prasad75@college.ac.in,MECH,2025,2,5.47,At Risk,4,True
S03748,Pooja Gopalakrishnan,pooja.gopalakrishnan99@college.ac.in,MECH,2025,2,7.92,Good,0,False
S03749,Syed Mishra,syed.mishra28@college.ac.in,ECE,2023,6,6.16,Average,0,False
S03750,Ananya Babu,ananya.babu89@college.ac.in,MECH,2024,3,7.53,Good,0,False
S03751,Revathi Hegde,revathi.hegde73@college.ac.in,ECE,2025,2,7.47,Good,0,False
S03752,Praveen Gopalakrishnan,praveen.gopalakrishnan85@college.ac.in,MECH,2022,8,7.36,Good,0,False
S03753,Sneha Natarajan,sneha.natarajan81@college.ac.in,CSE,2025,2,7.21,Good,0,False
S03754,Aditi Prasad,aditi.prasad65@college.ac.in,MECH,2023,6,6.17,Average,2,True
S03755,Adil Selvam,adil.selvam85@college.ac.in,MECH,2023,6,6.64,Average,0,False
S03756,Ankit Khan,ankit.khan39@college.ac.in,CSE,2023,6,6.57,Average,5,False
S03757,Vijay Krishnan,vijay.krishnan34@college.ac.in,MECH,2024,4,6.8,Average,0,False
S03758,Amal Khan,amal.khan29@college.ac.in,ECE,2024,4,6.28,Average,0,False
S03759,Rukhsar Mishra,rukhsar.mishra74@college.ac.in,AIML,2025,2,7.58,Good,0,False
S03760,Ayesha Sheikh,ayesha.sheikh71@college.ac.in,MECH,2024,4,5.89,Average,3,True
S03761,Madhan Rajan,madhan.rajan21@college.ac.in,CSE,2022,8,6.8,Average,5,False
S03762,Muralidhar Pillai,muralidhar.pillai17@college.ac.in,MECH,2025,2,7.25,Good,0,False
S03763,Rajan Reddy,rajan.reddy65@college.ac.in,AIML,2024,4,6.51,Average,5,False
S03764,Logesh Reddy,logesh.reddy82@college.ac.in,CSE,2023,5,5.53,Average,3,False
S03765,Avinash Hussain,avinash.hussain83@college.ac.in,MECH,2022,8,6.22,Average,4,False
S03766,Vikram Sheikh,vikram.sheikh12@college.ac.in,ECE,2023,6,7.08,Good,0,False
S03767,Zainab Prasad,zainab.prasad23@college.ac.in,MECH,2023,6,5.5,Average,2,True
S03768,Athul Rajan,athul.rajan37@college.ac.in,MECH,2022,8,5.9,Average,2,False
S03769,Sneha Pandey,sneha.pandey43@college.ac.in,ECE,2022,8,7.55,Good,0,False
S03770,Asif Karunakaran,asif.karunakaran99@college.ac.in,CSE,2022,8,5.98,Average,5,True
S03771,Ramya Yadav,ramya.yadav30@college.ac.in,MECH,2025,2,4.87,At Risk,5,True
S03772,Pooja Hussain,pooja.hussain45@college.ac.in,AIML,2024,3,7.36,Good,0,False
S03773,Lakshmi Mirza,lakshmi.mirza49@college.ac.in,CSE,2023,6,7.38,Good,0,False
S03774,Shreya Subramaniam,shreya.subramaniam99@college.ac.in,CSE,2025,2,7.51,Good,0,False
S03775,Sonal Rao,sonal.rao41@college.ac.in,MECH,2024,4,7.15,Good,0,False
S03776,Tanvi Sharma,tanvi.sharma48@college.ac.in,CSE,2024,4,6.32,Average,0,False
S03777,Prithviraj Chandrasekaran,prithviraj.chandrasekaran17@college.ac.in,MECH,2023,6,6.34,Average,3,False
S03778,Kritika Venkataraman,kritika.venkataraman37@college.ac.in,ECE,2023,6,7.21,Good,0,False
S03779,Lakshmi Prasad,lakshmi.prasad72@college.ac.in,CSE,2022,8,7.91,Good,0,False
S03780,Prerna Arumugam,prerna.arumugam90@college.ac.in,AIML,2025,2,7.64,Good,3,False
S03781,Harish Chauhan,harish.chauhan60@college.ac.in,MECH,2024,4,5.12,At Risk,3,False
S03782,Surya Hussain,surya.hussain34@college.ac.in,MECH,2025,2,7.0,Good,0,False
S03783,Dinesh Venkataraman,dinesh.venkataraman82@college.ac.in,CSE,2023,6,6.79,Average,0,False
S03784,Zainab Joshi,zainab.joshi94@college.ac.in,MECH,2024,4,6.38,Average,2,False
S03785,Akash Venkataraman,akash.venkataraman94@college.ac.in,ECE,2022,8,5.54,Average,3,False
S03786,Swathi Karunakaran,swathi.karunakaran58@college.ac.in,CSE,2023,6,6.38,Average,0,False
S03787,Ankit Gupta,ankit.gupta67@college.ac.in,MECH,2024,3,6.44,Average,0,False
S03788,Pillai Murugan,pillai.murugan80@college.ac.in,AIML,2024,4,4.72,At Risk,3,False
S03789,Riya Yadav,riya.yadav50@college.ac.in,CSE,2022,8,6.01,Average,6,False
S03790,Vivek Varma,vivek.varma98@college.ac.in,MECH,2024,4,6.12,Average,1,False
S03791,Shubham Patil,shubham.patil34@college.ac.in,ECE,2025,2,6.67,Average,0,False
S03792,Rishita Hegde,rishita.hegde75@college.ac.in,CSE,2022,8,8.13,Good,0,False
S03793,Mansi Shah,mansi.shah95@college.ac.in,MECH,2022,8,5.66,Average,5,True
S03794,Usman Bhat,usman.bhat68@college.ac.in,CSE,2024,4,7.91,Good,0,False
S03795,Siddharth Sheikh,siddharth.sheikh73@college.ac.in,ECE,2023,6,7.09,Good,0,False
S03796,Nisha Prasad,nisha.prasad98@college.ac.in,CSE,2023,6,7.7,Good,0,False
S03797,Siddharth Naidu,siddharth.naidu19@college.ac.in,CSE,2024,4,7.13,Good,0,False
S03798,Vishnu Qureshi,vishnu.qureshi50@college.ac.in,CSE,2024,4,5.87,Average,6,False
S03799,Ayesha Das,ayesha.das49@college.ac.in,AIML,2023,6,7.44,Good,0,False
S03800,Naveen Varma,naveen.varma90@college.ac.in,CSE,2025,2,7.42,Good,0,False
S03801,Farhan Natarajan,farhan.natarajan94@college.ac.in,CSE,2024,4,7.21,Good,0,False
S03802,Kritika Siddiqui,kritika.siddiqui18@college.ac.in,MECH,2024,4,4.09,At Risk,4,True
S03803,Aditi Ansari,aditi.ansari52@college.ac.in,CSE,2025,2,7.04,Good,0,False
S03804,Ankita Babu,ankita.babu25@college.ac.in,AIML,2023,6,6.34,Average,0,False
S03805,Madhan Shetty,madhan.shetty33@college.ac.in,AIML,2023,5,7.3,Good,0,False
S03806,Ganesh Mirza,ganesh.mirza17@college.ac.in,AIML,2025,2,7.41,Good,3,False
S03807,Ganesh Selvam,ganesh.selvam52@college.ac.in,MECH,2022,8,7.12,Good,0,False
S03808,Nair Patel,nair.patel30@college.ac.in,MECH,2022,8,5.87,Average,5,True
S03809,Zubair Subramaniam,zubair.subramaniam30@college.ac.in,CSE,2025,2,6.31,Average,0,False
S03810,Nithish Mishra,nithish.mishra90@college.ac.in,CSE,2024,4,7.1,Good,0,False
S03811,Keerthi Warrier,keerthi.warrier42@college.ac.in,AIML,2022,8,6.09,Average,4,False
S03812,Vivek Velayudhan,vivek.velayudhan54@college.ac.in,AIML,2024,4,7.27,Good,0,False
S03813,Vijay Tiwari,vijay.tiwari97@college.ac.in,CSE,2024,4,6.15,Average,0,False
S03814,Syed Siddiqui,syed.siddiqui28@college.ac.in,MECH,2023,6,6.89,Average,0,False
S03815,Ramya Kamath,ramya.kamath23@college.ac.in,CSE,2022,8,6.72,Average,5,False
S03816,Usman Tiwari,usman.tiwari86@college.ac.in,ECE,2023,6,6.12,Average,0,False
S03817,Saranya Rajan,saranya.rajan49@college.ac.in,ECE,2024,3,6.79,Average,0,False
S03818,Aditi Venkataraman,aditi.venkataraman51@college.ac.in,ECE,2025,2,5.89,Average,3,True
S03819,Keerthi Pillai,keerthi.pillai54@college.ac.in,AIML,2023,6,7.14,Good,0,False
S03820,Abhijith Namboothiri,abhijith.namboothiri25@college.ac.in,ECE,2024,4,5.22,At Risk,4,False
S03821,Ayesha Chauhan,ayesha.chauhan28@college.ac.in,MECH,2024,4,4.01,At Risk,5,True
S03822,Akash Venkataraman,akash.venkataraman67@college.ac.in,MECH,2025,2,5.44,At Risk,4,False
S03823,Deepak Varma,deepak.varma15@college.ac.in,ECE,2025,2,6.59,Average,0,False
S03824,Muralidhar Singh,muralidhar.singh44@college.ac.in,CSE,2023,6,5.62,Average,4,False
S03825,Neha Sharma,neha.sharma90@college.ac.in,CSE,2023,5,5.68,Average,5,True
S03826,Sana Naidu,sana.naidu43@college.ac.in,MECH,2023,6,5.5,Average,2,True
S03827,Nithish Joshi,nithish.joshi56@college.ac.in,AIML,2023,6,7.38,Good,0,False
S03828,Irfan Varma,irfan.varma64@college.ac.in,AIML,2025,2,7.49,Good,0,False
S03829,Aishwarya Malik,aishwarya.malik78@college.ac.in,CSE,2023,6,7.75,Good,0,False
S03830,Riya Joshi,riya.joshi18@college.ac.in,MECH,2025,2,5.58,Average,3,True
S03831,Nair Ansari,nair.ansari49@college.ac.in,ECE,2023,6,7.56,Good,0,False
S03832,Ravi Nambiar,ravi.nambiar81@college.ac.in,AIML,2024,4,7.07,Good,0,False
S03833,Krishnan Shah,krishnan.shah59@college.ac.in,AIML,2025,2,6.66,Average,1,True
S03834,Mohammed Venkataraman,mohammed.venkataraman63@college.ac.in,MECH,2022,8,7.36,Good,0,False
S03835,Rahul Kumar,rahul.kumar41@college.ac.in,CSE,2024,4,5.91,Average,6,True
S03836,Sonal Venkataraman,sonal.venkataraman31@college.ac.in,ECE,2023,5,4.85,At Risk,6,True
S03837,Ravi Naidu,ravi.naidu33@college.ac.in,ECE,2023,6,5.49,At Risk,3,True
S03838,Lakshmi Gupta,lakshmi.gupta76@college.ac.in,ECE,2024,4,6.13,Average,4,True
S03839,Aamir Arumugam,aamir.arumugam82@college.ac.in,ECE,2025,2,4.96,At Risk,6,True
S03840,Aishwarya Pillai,aishwarya.pillai40@college.ac.in,CSE,2022,8,7.76,Good,0,False
S03841,Neha Varma,neha.varma80@college.ac.in,MECH,2023,6,6.19,Average,0,False
S03842,Vignesh Kulkarni,vignesh.kulkarni12@college.ac.in,ECE,2022,8,6.37,Average,0,False
S03843,Rajan Chetty,rajan.chetty84@college.ac.in,ECE,2025,2,6.79,Average,3,True
S03844,Pooja Arumugam,pooja.arumugam81@college.ac.in,ECE,2024,3,5.62,Average,2,False
S03845,Nithya Joshi,nithya.joshi56@college.ac.in,CSE,2024,4,7.27,Good,0,False
S03846,Ramesh Kulkarni,ramesh.kulkarni47@college.ac.in,CSE,2023,6,7.46,Good,0,False
S03847,Swati Rao,swati.rao98@college.ac.in,CSE,2024,4,7.89,Good,0,False
S03848,Logesh Patel,logesh.patel84@college.ac.in,MECH,2023,6,7.2,Good,0,False
S03849,Prerna Reddy,prerna.reddy68@college.ac.in,ECE,2023,6,6.29,Average,0,False
S03850,Ramesh Tiwari,ramesh.tiwari18@college.ac.in,AIML,2024,3,6.31,Average,0,False
S03851,Junaid Chauhan,junaid.chauhan61@college.ac.in,ECE,2022,8,6.88,Average,0,False
S03852,Dinesh Chandrasekaran,dinesh.chandrasekaran95@college.ac.in,ECE,2022,8,7.63,Good,0,False
S03853,Nithish Joshi,nithish.joshi85@college.ac.in,CSE,2023,6,5.75,Average,4,True
S03854,Usman Qureshi,usman.qureshi41@college.ac.in,CSE,2025,2,7.05,Good,0,False
S03855,Rohit Desai,rohit.desai76@college.ac.in,MECH,2023,6,7.16,Good,0,False
S03856,Athul Kamath,athul.kamath73@college.ac.in,CSE,2024,3,5.92,Average,3,False
S03857,Rahul Menon,rahul.menon98@college.ac.in,MECH,2024,4,7.03,Good,0,False
S03858,Tanvi Qureshi,tanvi.qureshi97@college.ac.in,ECE,2025,2,7.68,Good,0,False
S03859,Nithya Siddiqui,nithya.siddiqui68@college.ac.in,AIML,2025,2,6.92,Average,0,False
S03860,Usman Pandey,usman.pandey19@college.ac.in,MECH,2022,8,7.2,Good,0,False
S03861,Pallavi Chetty,pallavi.chetty40@college.ac.in,CSE,2022,8,7.66,Good,0,False
S03862,Asif Selvam,asif.selvam69@college.ac.in,CSE,2022,8,6.69,Average,3,False
S03863,Kavya Warrier,kavya.warrier63@college.ac.in,ECE,2022,8,5.79,Average,3,True
S03864,Sreejith Gupta,sreejith.gupta76@college.ac.in,CSE,2023,6,7.74,Good,0,False
S03865,Arun Rao,arun.rao56@college.ac.in,CSE,2025,2,8.64,Excellent,0,False
S03866,Rishita Karunakaran,rishita.karunakaran45@college.ac.in,CSE,2023,6,6.7,Average,3,False
S03867,Irfan Malik,irfan.malik72@college.ac.in,CSE,2024,4,7.39,Good,0,False
S03868,Piyush Hussain,piyush.hussain70@college.ac.in,CSE,2023,6,7.29,Good,0,False
S03869,Abhijith Gupta,abhijith.gupta98@college.ac.in,AIML,2025,2,8.11,Good,0,False
S03870,Kavya Velayudhan,kavya.velayudhan99@college.ac.in,CSE,2023,5,6.67,Average,4,True
S03871,Simran Singh,simran.singh49@college.ac.in,AIML,2022,8,7.49,Good,0,False
S03872,Nisha Selvam,nisha.selvam97@college.ac.in,ECE,2023,6,6.87,Average,0,False
S03873,Mansi Chauhan,mansi.chauhan92@college.ac.in,MECH,2024,4,5.97,Average,1,True
S03874,Anjali Prasad,anjali.prasad44@college.ac.in,CSE,2024,4,7.64,Good,0,False
S03875,Ganesh Menon,ganesh.menon35@college.ac.in,ECE,2024,4,7.08,Good,0,False
S03876,Menon Khan,menon.khan46@college.ac.in,ECE,2023,6,6.29,Average,4,True
S03877,Jithin Hegde,jithin.hegde92@college.ac.in,CSE,2022,8,8.11,Good,0,False
S03878,Rajesh Namboothiri,rajesh.namboothiri49@college.ac.in,CSE,2024,4,7.03,Good,0,False
S03879,Siddharth Bhat,siddharth.bhat57@college.ac.in,MECH,2023,5,7.8,Good,1,False
S03880,Abhijith Khan,abhijith.khan71@college.ac.in,MECH,2023,6,7.09,Good,0,False
S03881,Vijay Bhat,vijay.bhat20@college.ac.in,AIML,2024,4,6.99,Average,0,False
S03882,Fatima Kamath,fatima.kamath48@college.ac.in,CSE,2024,4,7.02,Good,0,False
S03883,Ganesh Iyer,ganesh.iyer83@college.ac.in,CSE,2022,8,7.06,Good,5,False
S03884,Vikram Mirza,vikram.mirza65@college.ac.in,AIML,2022,8,6.93,Average,0,False
S03885,Rohit Dubey,rohit.dubey19@college.ac.in,AIML,2023,6,5.04,At Risk,5,True
S03886,Deepak Sharma,deepak.sharma15@college.ac.in,MECH,2023,5,5.12,At Risk,6,True
S03887,Revathi Mirza,revathi.mirza10@college.ac.in,AIML,2024,4,6.98,Average,0,False
S03888,Naveen Mehta,naveen.mehta14@college.ac.in,MECH,2024,4,6.44,Average,0,False
S03889,Shubham Hussain,shubham.hussain32@college.ac.in,CSE,2023,6,5.61,Average,6,False
S03890,Nadia Mehta,nadia.mehta53@college.ac.in,AIML,2022,8,7.95,Good,0,False
S03891,Vignesh Mishra,vignesh.mishra48@college.ac.in,CSE,2022,8,7.14,Good,0,False
S03892,Prerna Mirza,prerna.mirza46@college.ac.in,ECE,2023,6,5.85,Average,2,False
S03893,Nisha Joshi,nisha.joshi50@college.ac.in,MECH,2023,6,6.1,Average,0,False
S03894,Meena Dubey,meena.dubey43@college.ac.in,MECH,2022,8,6.42,Average,0,False
S03895,Prithviraj Hegde,prithviraj.hegde78@college.ac.in,CSE,2024,3,6.75,Average,0,False
S03896,Rahul Selvam,rahul.selvam81@college.ac.in,CSE,2024,4,7.41,Good,0,False
S03897,Vishnu Chandrasekaran,vishnu.chandrasekaran49@college.ac.in,MECH,2025,2,6.3,Average,0,False
S03898,Dinesh Namboothiri,dinesh.namboothiri72@college.ac.in,MECH,2024,3,6.34,Average,0,False
S03899,Kavya Kamath,kavya.kamath11@college.ac.in,ECE,2025,2,6.76,Average,0,False
S03900,Manoj Kamath,manoj.kamath92@college.ac.in,CSE,2025,2,7.59,Good,0,False
S03901,Usman Kumar,usman.kumar39@college.ac.in,MECH,2023,6,6.73,Average,0,False
S03902,Bilal Namboothiri,bilal.namboothiri68@college.ac.in,CSE,2024,4,6.74,Average,0,False
S03903,Tarun Sharma,tarun.sharma35@college.ac.in,AIML,2024,4,6.51,Average,2,False
S03904,Siddharth Prasad,siddharth.prasad94@college.ac.in,CSE,2024,4,5.14,At Risk,2,True
S03905,Sreejith Ansari,sreejith.ansari98@college.ac.in,CSE,2023,6,7.26,Good,0,False
S03906,Fatima Sheikh,fatima.sheikh68@college.ac.in,MECH,2024,4,6.57,Average,1,False
S03907,Ravi Warrier,ravi.warrier16@college.ac.in,AIML,2024,4,7.49,Good,0,False
S03908,Vignesh Pillai,vignesh.pillai36@college.ac.in,AIML,2024,4,7.4,Good,0,False
S03909,Bilal Arumugam,bilal.arumugam55@college.ac.in,AIML,2022,8,7.07,Good,0,False
S03910,Nikhil Verma,nikhil.verma68@college.ac.in,CSE,2023,5,6.92,Average,0,False
S03911,Akash Mirza,akash.mirza79@college.ac.in,AIML,2024,4,6.9,Average,0,False
S03912,Amal Kulkarni,amal.kulkarni34@college.ac.in,MECH,2022,8,6.06,Average,2,False
S03913,Swathi Shah,swathi.shah55@college.ac.in,CSE,2023,6,6.32,Average,5,True
S03914,Tarun Mehta,tarun.mehta64@college.ac.in,AIML,2023,5,6.3,Average,0,False
S03915,Babu Subramaniam,babu.subramaniam91@college.ac.in,MECH,2025,2,6.33,Average,0,False
S03916,Nithya Venkataraman,nithya.venkataraman85@college.ac.in,MECH,2022,8,6.48,Average,4,False
S03917,Salman Singh,salman.singh62@college.ac.in,CSE,2025,2,7.04,Good,1,False
S03918,Siddharth Patel,siddharth.patel77@college.ac.in,AIML,2022,8,7.15,Good,0,False
S03919,Zubair Chetty,zubair.chetty58@college.ac.in,MECH,2025,2,7.79,Good,0,False
S03920,Junaid Selvam,junaid.selvam86@college.ac.in,MECH,2024,4,7.58,Good,0,False
S03921,Divya Iyer,divya.iyer25@college.ac.in,ECE,2024,4,6.12,Average,1,False
S03922,Ananya Pillai,ananya.pillai90@college.ac.in,MECH,2025,2,7.42,Good,5,False
S03923,Rajesh Tiwari,rajesh.tiwari53@college.ac.in,ECE,2024,4,7.36,Good,0,False
S03924,Tarun Mirza,tarun.mirza15@college.ac.in,MECH,2025,2,7.09,Good,0,False
S03925,Athul Iyengar,athul.iyengar18@college.ac.in,MECH,2023,6,6.51,Average,0,False
S03926,Junaid Hussain,junaid.hussain98@college.ac.in,CSE,2023,6,7.08,Good,0,False
S03927,Sachin Varma,sachin.varma49@college.ac.in,MECH,2024,4,7.53,Good,0,False
S03928,Prerna Subramaniam,prerna.subramaniam41@college.ac.in,CSE,2023,6,8.26,Good,0,False
S03929,Varun Arumugam,varun.arumugam45@college.ac.in,AIML,2022,8,7.44,Good,1,True
S03930,Meena Shetty,meena.shetty24@college.ac.in,MECH,2024,3,6.83,Average,0,False
S03931,Nikhil Siddiqui,nikhil.siddiqui92@college.ac.in,ECE,2024,4,6.76,Average,0,False
S03932,Harikrishna Gupta,harikrishna.gupta55@college.ac.in,AIML,2025,2,5.79,Average,3,True
S03933,Ankita Karunakaran,ankita.karunakaran77@college.ac.in,ECE,2024,4,5.85,Average,0,False
S03934,Riya Subramaniam,riya.subramaniam18@college.ac.in,ECE,2023,6,3.93,At Risk,2,True
S03935,Sathish Qureshi,sathish.qureshi95@college.ac.in,ECE,2022,8,6.22,Average,4,True
S03936,Sathish Hegde,sathish.hegde79@college.ac.in,MECH,2023,6,7.95,Good,0,False
S03937,Menon Venkataraman,menon.venkataraman59@college.ac.in,MECH,2023,6,6.63,Average,4,False
S03938,Priya Ansari,priya.ansari78@college.ac.in,MECH,2022,8,7.97,Good,0,False
S03939,Rohit Rao,rohit.rao99@college.ac.in,ECE,2024,4,6.53,Average,0,False
S03940,Revathi Sheikh,revathi.sheikh31@college.ac.in,AIML,2024,4,8.0,Good,0,False
S03941,Syed Sheikh,syed.sheikh58@college.ac.in,CSE,2024,3,6.82,Average,0,False
S03942,Pallavi Mishra,pallavi.mishra58@college.ac.in,AIML,2025,2,7.51,Good,0,False
S03943,Harish Kumar,harish.kumar63@college.ac.in,AIML,2024,4,7.33,Good,0,False
S03944,Saranya Mishra,saranya.mishra91@college.ac.in,CSE,2023,5,6.94,Average,0,False
S03945,Bilal Desai,bilal.desai69@college.ac.in,MECH,2024,3,7.7,Good,0,False
S03946,Nithish Mirza,nithish.mirza49@college.ac.in,MECH,2024,4,6.3,Average,0,False
S03947,Usman Namboothiri,usman.namboothiri73@college.ac.in,CSE,2022,8,6.85,Average,0,False
S03948,Ramesh Shah,ramesh.shah64@college.ac.in,CSE,2024,4,6.87,Average,0,False
S03949,Rajesh Iyer,rajesh.iyer99@college.ac.in,AIML,2024,4,6.14,Average,5,True
S03950,Menon Reddy,menon.reddy83@college.ac.in,CSE,2024,4,6.99,Average,0,False
S03951,Babu Prasad,babu.prasad63@college.ac.in,AIML,2025,2,4.85,At Risk,2,True
S03952,Meena Varma,meena.varma63@college.ac.in,MECH,2024,3,6.16,Average,3,False
S03953,Junaid Karunakaran,junaid.karunakaran85@college.ac.in,AIML,2024,3,8.12,Good,0,False
S03954,Junaid Hegde,junaid.hegde52@college.ac.in,MECH,2025,2,6.12,Average,0,False
S03955,Rukhsar Khan,rukhsar.khan53@college.ac.in,ECE,2024,4,5.97,Average,2,True
S03956,Swathi Iyengar,swathi.iyengar84@college.ac.in,MECH,2024,4,6.25,Average,0,False
S03957,Ravi Iyengar,ravi.iyengar75@college.ac.in,ECE,2022,8,5.6,Average,3,True
S03958,Rizwan Mishra,rizwan.mishra74@college.ac.in,CSE,2023,6,5.97,Average,2,False
S03959,Sneha Hegde,sneha.hegde83@college.ac.in,CSE,2024,4,7.2,Good,0,False
S03960,Kritika Pillai,kritika.pillai98@college.ac.in,ECE,2022,8,7.18,Good,0,False
S03961,Nithya Nambiar,nithya.nambiar71@college.ac.in,ECE,2022,8,6.9,Average,0,False
S03962,Piyush Tiwari,piyush.tiwari41@college.ac.in,MECH,2025,2,5.04,At Risk,3,False
S03963,Neha Bhat,neha.bhat59@college.ac.in,CSE,2023,6,7.02,Good,0,False
S03964,Nithya Murugan,nithya.murugan54@college.ac.in,ECE,2024,4,7.62,Good,0,False
S03965,Prithviraj Hegde,prithviraj.hegde73@college.ac.in,ECE,2023,6,7.72,Good,0,False
S03966,Harikrishna Murthy,harikrishna.murthy85@college.ac.in,ECE,2024,4,6.25,Average,0,False
S03967,Mohammed Babu,mohammed.babu30@college.ac.in,ECE,2024,4,6.23,Average,5,True
S03968,Shreya Chandrasekaran,shreya.chandrasekaran16@college.ac.in,ECE,2025,2,7.24,Good,0,False
S03969,Sathish Menon,sathish.menon37@college.ac.in,ECE,2024,4,7.25,Good,0,False
S03970,Ramesh Gupta,ramesh.gupta45@college.ac.in,ECE,2022,8,6.45,Average,4,True
S03971,Deepak Karunakaran,deepak.karunakaran85@college.ac.in,ECE,2025,2,5.21,At Risk,5,True
S03972,Sachin Mehta,sachin.mehta94@college.ac.in,AIML,2024,4,5.53,Average,3,True
S03973,Fatima Natarajan,fatima.natarajan65@college.ac.in,AIML,2022,8,7.23,Good,0,False
S03974,Suresh Nair,suresh.nair34@college.ac.in,AIML,2023,6,7.34,Good,0,False
S03975,Harish Bhat,harish.bhat83@college.ac.in,CSE,2022,8,6.19,Average,3,False
S03976,Nair Natarajan,nair.natarajan99@college.ac.in,ECE,2023,6,6.16,Average,0,False
S03977,Aditi Krishnan,aditi.krishnan86@college.ac.in,AIML,2023,5,7.42,Good,0,False
S03978,Adil Siddiqui,adil.siddiqui94@college.ac.in,MECH,2024,3,4.85,At Risk,4,True
S03979,Nair Shetty,nair.shetty33@college.ac.in,ECE,2022,8,7.0,Good,0,False
S03980,Priya Namboothiri,priya.namboothiri83@college.ac.in,AIML,2025,2,6.01,Average,5,True
S03981,Syed Chandrasekaran,syed.chandrasekaran74@college.ac.in,MECH,2024,3,8.01,Good,0,False
S03982,Karthik Nambiar,karthik.nambiar35@college.ac.in,CSE,2022,8,7.22,Good,0,False
S03983,Nadia Kumar,nadia.kumar43@college.ac.in,ECE,2023,6,7.28,Good,0,False
S03984,Ankit Verma,ankit.verma52@college.ac.in,ECE,2024,4,4.41,At Risk,4,True
S03985,Vishnu Rajan,vishnu.rajan50@college.ac.in,MECH,2024,4,5.72,Average,3,False
S03986,Ramya Hussain,ramya.hussain51@college.ac.in,ECE,2023,6,6.7,Average,0,False
S03987,Rukhsar Chandrasekaran,rukhsar.chandrasekaran71@college.ac.in,MECH,2022,8,7.5,Good,0,False
S03988,Fatima Naidu,fatima.naidu32@college.ac.in,AIML,2023,6,5.86,Average,5,False
S03989,Menon Hegde,menon.hegde69@college.ac.in,MECH,2023,6,5.34,At Risk,5,False
S03990,Rishita Namboothiri,rishita.namboothiri92@college.ac.in,ECE,2023,6,6.47,Average,3,False
S03991,Syed Yadav,syed.yadav78@college.ac.in,ECE,2025,2,7.0,Good,0,False
S03992,Junaid Siddiqui,junaid.siddiqui21@college.ac.in,AIML,2022,8,6.82,Average,1,True
S03993,Imran Krishnan,imran.krishnan88@college.ac.in,CSE,2022,8,6.8,Average,0,False
S03994,Shahid Varma,shahid.varma76@college.ac.in,MECH,2025,2,5.82,Average,6,True
S03995,Pallavi Malik,pallavi.malik95@college.ac.in,ECE,2023,6,7.9,Good,0,False
S03996,Varun Rajan,varun.rajan56@college.ac.in,ECE,2025,2,7.05,Good,0,False
S03997,Usman Hegde,usman.hegde49@college.ac.in,ECE,2025,2,8.27,Good,0,False
S03998,Tarun Varma,tarun.varma48@college.ac.in,ECE,2024,4,6.87,Average,3,False
S03999,Aishwarya Iyengar,aishwarya.iyengar91@college.ac.in,CSE,2025,2,6.57,Average,0,False
S04000,Harish Murugan,harish.murugan44@college.ac.in,MECH,2024,4,7.77,Good,0,False
S04001,Prerna Nambiar,prerna.nambiar53@college.ac.in,CSE,2023,6,6.37,Average,2,True
S04002,Syed Bhat,syed.bhat11@college.ac.in,AIML,2024,4,6.74,Average,0,False
S04003,Harish Dubey,harish.dubey75@college.ac.in,AIML,2025,2,5.97,Average,1,True
S04004,Nithya Qureshi,nithya.qureshi30@college.ac.in,AIML,2023,6,8.05,Good,0,False
S04005,Dhanush Selvam,dhanush.selvam76@college.ac.in,AIML,2024,4,6.45,Average,0,False
S04006,Pooja Singh,pooja.singh26@college.ac.in,MECH,2024,3,4.47,At Risk,3,True
S04007,Swati Iyer,swati.iyer97@college.ac.in,CSE,2022,8,6.52,Average,0,False
S04008,Shubham Velayudhan,shubham.velayudhan25@college.ac.in,ECE,2023,6,7.37,Good,0,False
S04009,Ajith Namboothiri,ajith.namboothiri64@college.ac.in,CSE,2023,6,7.9,Good,0,False
S04010,Ganesh Kumar,ganesh.kumar18@college.ac.in,MECH,2025,2,6.29,Average,0,False
S04011,Babu Verma,babu.verma93@college.ac.in,MECH,2022,8,5.05,At Risk,3,True
S04012,Athul Sharma,athul.sharma61@college.ac.in,MECH,2025,2,4.21,At Risk,6,False
S04013,Vishnu Patel,vishnu.patel84@college.ac.in,ECE,2024,4,5.79,Average,0,False
S04014,Babu Tiwari,babu.tiwari16@college.ac.in,CSE,2025,2,7.08,Good,0,False
S04015,Varun Kumar,varun.kumar25@college.ac.in,MECH,2024,4,5.08,At Risk,4,True
S04016,Zubair Kumar,zubair.kumar40@college.ac.in,MECH,2023,5,5.36,At Risk,2,True
S04017,Rajesh Chandrasekaran,rajesh.chandrasekaran13@college.ac.in,AIML,2024,4,6.6,Average,0,False
S04018,Sachin Mehta,sachin.mehta12@college.ac.in,CSE,2023,6,5.97,Average,2,True
S04019,Simran Babu,simran.babu83@college.ac.in,CSE,2023,6,5.65,Average,5,True
S04020,Aamir Venkataraman,aamir.venkataraman61@college.ac.in,CSE,2025,2,7.68,Good,0,False
S04021,Arun Yadav,arun.yadav72@college.ac.in,AIML,2025,2,7.0,Good,5,False
S04022,Sreejith Patil,sreejith.patil47@college.ac.in,ECE,2024,4,7.94,Good,0,False
S04023,Amina Qureshi,amina.qureshi72@college.ac.in,ECE,2025,2,8.01,Good,0,False
S04024,Surya Velayudhan,surya.velayudhan12@college.ac.in,CSE,2022,8,5.93,Average,5,True
S04025,Arun Venkataraman,arun.venkataraman29@college.ac.in,CSE,2022,8,7.79,Good,0,False
S04026,Jithin Gopalakrishnan,jithin.gopalakrishnan58@college.ac.in,ECE,2022,8,6.22,Average,3,True
S04027,Amina Velayudhan,amina.velayudhan53@college.ac.in,CSE,2025,2,6.6,Average,1,True
S04028,Fatima Qureshi,fatima.qureshi87@college.ac.in,ECE,2024,4,5.41,At Risk,5,False
S04029,Harish Shah,harish.shah16@college.ac.in,ECE,2024,4,6.61,Average,3,False
S04030,Piyush Chandrasekaran,piyush.chandrasekaran32@college.ac.in,CSE,2025,2,7.02,Good,0,False
S04031,Anjali Ansari,anjali.ansari20@college.ac.in,AIML,2023,6,5.76,Average,1,True
S04032,Nithish Chetty,nithish.chetty30@college.ac.in,ECE,2024,4,6.74,Average,0,False
S04033,Hiba Velayudhan,hiba.velayudhan32@college.ac.in,CSE,2022,8,6.4,Average,6,True
S04034,Prithviraj Iyer,prithviraj.iyer96@college.ac.in,MECH,2023,5,6.29,Average,0,False
S04035,Syed Arumugam,syed.arumugam66@college.ac.in,CSE,2025,2,7.58,Good,0,False
S04036,Madhan Arumugam,madhan.arumugam41@college.ac.in,ECE,2024,4,6.54,Average,0,False
S04037,Avinash Sheikh,avinash.sheikh53@college.ac.in,ECE,2024,4,6.89,Average,5,False
S04038,Athul Krishnan,athul.krishnan33@college.ac.in,CSE,2023,6,7.52,Good,0,False
S04039,Rajan Menon,rajan.menon14@college.ac.in,MECH,2024,4,6.48,Average,0,False
S04040,Dhanush Pillai,dhanush.pillai18@college.ac.in,ECE,2025,2,5.49,At Risk,5,False
S04041,Prerna Gupta,prerna.gupta77@college.ac.in,CSE,2024,3,6.65,Average,0,False
S04042,Tarun Iyer,tarun.iyer35@college.ac.in,CSE,2024,4,5.5,Average,5,False
S04043,Mohammed Siddiqui,mohammed.siddiqui85@college.ac.in,CSE,2023,6,5.96,Average,5,True
S04044,Ankita Joshi,ankita.joshi99@college.ac.in,MECH,2022,8,7.7,Good,0,False
S04045,Meena Gupta,meena.gupta95@college.ac.in,AIML,2022,8,7.2,Good,0,False
S04046,Saranya Kamath,saranya.kamath69@college.ac.in,AIML,2022,8,6.84,Average,4,False
S04047,Vignesh Natarajan,vignesh.natarajan70@college.ac.in,CSE,2023,6,6.7,Average,0,False
S04048,Asif Nambiar,asif.nambiar43@college.ac.in,CSE,2024,4,6.3,Average,0,False
S04049,Sreejith Yadav,sreejith.yadav73@college.ac.in,CSE,2025,2,7.52,Good,0,False
S04050,Manoj Rao,manoj.rao47@college.ac.in,ECE,2023,6,7.18,Good,0,False
S04051,Swati Babu,swati.babu26@college.ac.in,MECH,2023,6,6.3,Average,6,True
S04052,Neha Pillai,neha.pillai79@college.ac.in,ECE,2023,6,5.07,At Risk,5,True
S04053,Sanjay Kamath,sanjay.kamath39@college.ac.in,CSE,2023,5,6.18,Average,2,False
S04054,Saranya Sheikh,saranya.sheikh83@college.ac.in,ECE,2022,8,6.58,Average,0,False
S04055,Kritika Subramaniam,kritika.subramaniam60@college.ac.in,MECH,2022,8,5.15,At Risk,3,True
S04056,Meena Babu,meena.babu46@college.ac.in,MECH,2025,2,4.05,At Risk,3,False
S04057,Revathi Namboothiri,revathi.namboothiri16@college.ac.in,MECH,2025,2,6.48,Average,0,False
S04058,Menon Tiwari,menon.tiwari65@college.ac.in,MECH,2023,6,7.6,Good,0,False
S04059,Aditi Shah,aditi.shah57@college.ac.in,CSE,2023,6,6.02,Average,3,False
S04060,Rizwan Chandrasekaran,rizwan.chandrasekaran30@college.ac.in,ECE,2025,2,5.34,At Risk,4,True
S04061,Rajan Varma,rajan.varma53@college.ac.in,MECH,2025,2,5.66,Average,1,True
S04062,Muralidhar Babu,muralidhar.babu99@college.ac.in,MECH,2025,2,6.87,Average,0,False
S04063,Tanvi Nambiar,tanvi.nambiar95@college.ac.in,AIML,2024,4,6.02,Average,0,False
S04064,Muralidhar Chetty,muralidhar.chetty23@college.ac.in,AIML,2024,4,5.92,Average,2,True
S04065,Nikhil Desai,nikhil.desai34@college.ac.in,MECH,2023,6,5.81,Average,3,True
S04066,Varun Mishra,varun.mishra81@college.ac.in,AIML,2024,4,5.03,At Risk,5,True
S04067,Sonal Kamath,sonal.kamath30@college.ac.in,MECH,2025,2,4.47,At Risk,6,True
S04068,Nithya Warrier,nithya.warrier10@college.ac.in,MECH,2024,4,6.58,Average,0,False
S04069,Aishwarya Mishra,aishwarya.mishra77@college.ac.in,ECE,2025,2,6.23,Average,3,True
S04070,Sonal Varma,sonal.varma98@college.ac.in,AIML,2023,6,7.7,Good,3,False
S04071,Shubham Selvam,shubham.selvam95@college.ac.in,ECE,2022,8,6.17,Average,0,False
S04072,Keerthi Mehta,keerthi.mehta76@college.ac.in,MECH,2024,4,6.38,Average,0,False
S04073,Amit Venkataraman,amit.venkataraman35@college.ac.in,MECH,2022,8,6.56,Average,0,False
S04074,Simran Kamath,simran.kamath51@college.ac.in,CSE,2023,6,6.45,Average,2,True
S04075,Mansi Rajan,mansi.rajan32@college.ac.in,CSE,2023,6,6.44,Average,0,False
S04076,Tarun Khan,tarun.khan68@college.ac.in,ECE,2024,3,5.34,At Risk,4,True
S04077,Rajan Gupta,rajan.gupta24@college.ac.in,CSE,2024,4,7.24,Good,0,False
S04078,Deepak Desai,deepak.desai56@college.ac.in,MECH,2022,8,5.96,Average,5,True
S04079,Nithish Mishra,nithish.mishra92@college.ac.in,MECH,2025,2,7.2,Good,0,False
S04080,Fatima Natarajan,fatima.natarajan36@college.ac.in,CSE,2023,6,6.33,Average,5,False
S04081,Rukhsar Chauhan,rukhsar.chauhan23@college.ac.in,ECE,2022,8,5.61,Average,2,False
S04082,Piyush Shah,piyush.shah69@college.ac.in,AIML,2024,4,5.77,Average,3,True
S04083,Neha Dubey,neha.dubey41@college.ac.in,AIML,2025,2,6.64,Average,0,False
S04084,Aishwarya Singh,aishwarya.singh83@college.ac.in,MECH,2022,8,6.54,Average,5,True
S04085,Dinesh Krishnan,dinesh.krishnan29@college.ac.in,CSE,2024,3,5.91,Average,2,True
S04086,Tanvi Qureshi,tanvi.qureshi18@college.ac.in,ECE,2025,2,7.83,Good,3,False
S04087,Tanvi Desai,tanvi.desai61@college.ac.in,AIML,2023,5,7.41,Good,1,False
S04088,Varun Tiwari,varun.tiwari97@college.ac.in,ECE,2022,8,7.4,Good,1,False
S04089,Ananya Murugan,ananya.murugan87@college.ac.in,MECH,2024,4,5.07,At Risk,6,True
S04090,Swati Patel,swati.patel71@college.ac.in,MECH,2025,2,5.08,At Risk,3,True
S04091,Aamir Kamath,aamir.kamath25@college.ac.in,MECH,2023,6,6.24,Average,0,False
S04092,Lakshmi Shetty,lakshmi.shetty48@college.ac.in,CSE,2023,6,7.45,Good,0,False
S04093,Saranya Pandey,saranya.pandey73@college.ac.in,AIML,2023,6,6.18,Average,0,False
S04094,Nithish Joshi,nithish.joshi10@college.ac.in,AIML,2023,6,6.29,Average,4,False
S04095,Rajesh Selvam,rajesh.selvam18@college.ac.in,ECE,2024,3,6.56,Average,0,False
S04096,Saranya Qureshi,saranya.qureshi46@college.ac.in,AIML,2023,6,7.8,Good,0,False
S04097,Shahid Yadav,shahid.yadav27@college.ac.in,MECH,2024,4,6.42,Average,0,False
S04098,Aman Bhat,aman.bhat45@college.ac.in,MECH,2025,2,7.65,Good,1,False
S04099,Babu Tiwari,babu.tiwari20@college.ac.in,ECE,2024,4,6.17,Average,0,False
S04100,Dhanush Reddy,dhanush.reddy14@college.ac.in,MECH,2022,8,5.55,Average,3,True
S04101,Neha Venkataraman,neha.venkataraman23@college.ac.in,MECH,2023,6,6.94,Average,0,False
S04102,Divya Gupta,divya.gupta72@college.ac.in,AIML,2025,2,6.82,Average,0,False
S04103,Nair Krishnan,nair.krishnan76@college.ac.in,AIML,2023,6,5.56,Average,2,False
S04104,Sathish Selvam,sathish.selvam94@college.ac.in,MECH,2024,4,6.21,Average,1,True
S04105,Tarun Sheikh,tarun.sheikh94@college.ac.in,ECE,2024,4,6.46,Average,0,False
S04106,Revathi Karunakaran,revathi.karunakaran98@college.ac.in,MECH,2025,2,5.2,At Risk,5,True
S04107,Hiba Sheikh,hiba.sheikh15@college.ac.in,CSE,2024,4,7.54,Good,3,False
S04108,Madhan Patil,madhan.patil86@college.ac.in,MECH,2024,4,6.91,Average,0,False
S04109,Ganesh Shetty,ganesh.shetty24@college.ac.in,ECE,2023,6,5.98,Average,4,True
S04110,Pallavi Rao,pallavi.rao40@college.ac.in,CSE,2022,8,6.69,Average,2,True
S04111,Kritika Chandrasekaran,kritika.chandrasekaran91@college.ac.in,MECH,2022,8,7.51,Good,0,False
S04112,Abhijith Ansari,abhijith.ansari66@college.ac.in,MECH,2024,3,5.0,At Risk,6,False
S04113,Sanjay Patel,sanjay.patel62@college.ac.in,ECE,2023,6,6.2,Average,4,True
S04114,Arjun Yadav,arjun.yadav70@college.ac.in,CSE,2025,2,7.67,Good,0,False
S04115,Anjali Dubey,anjali.dubey15@college.ac.in,CSE,2025,2,7.15,Good,0,False
S04116,Suresh Iyer,suresh.iyer25@college.ac.in,CSE,2025,2,6.72,Average,0,False
S04117,Imran Das,imran.das58@college.ac.in,ECE,2022,8,6.51,Average,0,False
S04118,Mansi Qureshi,mansi.qureshi77@college.ac.in,ECE,2025,2,8.48,Good,0,False
S04119,Adil Das,adil.das82@college.ac.in,AIML,2022,8,6.58,Average,0,False
S04120,Ankit Selvam,ankit.selvam45@college.ac.in,ECE,2023,6,5.36,At Risk,6,True
S04121,Hiba Gopalakrishnan,hiba.gopalakrishnan11@college.ac.in,CSE,2022,8,6.05,Average,2,False
S04122,Harikrishna Patel,harikrishna.patel76@college.ac.in,ECE,2023,5,6.15,Average,4,True
S04123,Shreya Gupta,shreya.gupta39@college.ac.in,ECE,2024,4,7.44,Good,0,False
S04124,Sana Malik,sana.malik95@college.ac.in,ECE,2022,8,6.49,Average,1,True
S04125,Hiba Velayudhan,hiba.velayudhan42@college.ac.in,MECH,2023,6,5.15,At Risk,5,False
S04126,Nikhil Varma,nikhil.varma27@college.ac.in,AIML,2024,4,6.25,Average,2,False
S04127,Piyush Velayudhan,piyush.velayudhan17@college.ac.in,ECE,2023,5,5.23,At Risk,1,True
S04128,Rishita Dubey,rishita.dubey94@college.ac.in,MECH,2023,6,5.75,Average,1,True
S04129,Aishwarya Babu,aishwarya.babu64@college.ac.in,CSE,2023,5,7.63,Good,0,False
S04130,Lakshmi Gupta,lakshmi.gupta89@college.ac.in,MECH,2023,5,6.46,Average,0,False
S04131,Pallavi Babu,pallavi.babu68@college.ac.in,AIML,2025,2,8.4,Good,0,False
S04132,Dhanush Desai,dhanush.desai64@college.ac.in,ECE,2025,2,4.93,At Risk,3,False
S04133,Arun Yadav,arun.yadav53@college.ac.in,CSE,2022,8,7.74,Good,0,False
S04134,Divya Naidu,divya.naidu31@college.ac.in,MECH,2022,8,7.22,Good,0,False
S04135,Deepak Qureshi,deepak.qureshi32@college.ac.in,ECE,2024,4,5.62,Average,2,False
S04136,Rahul Yadav,rahul.yadav71@college.ac.in,ECE,2022,8,7.58,Good,0,False
S04137,Shubham Gopalakrishnan,shubham.gopalakrishnan83@college.ac.in,CSE,2023,6,6.03,Average,0,False
S04138,Sathish Chandrasekaran,sathish.chandrasekaran67@college.ac.in,MECH,2024,4,7.31,Good,0,False
S04139,Prithviraj Gupta,prithviraj.gupta97@college.ac.in,CSE,2022,8,7.14,Good,0,False
S04140,Ravi Chauhan,ravi.chauhan41@college.ac.in,MECH,2025,2,8.62,Excellent,0,False
S04141,Sonal Sharma,sonal.sharma53@college.ac.in,ECE,2024,4,6.39,Average,0,False
S04142,Priya Arumugam,priya.arumugam85@college.ac.in,MECH,2022,8,6.55,Average,0,False
S04143,Junaid Kumar,junaid.kumar39@college.ac.in,CSE,2024,4,6.1,Average,2,False
S04144,Karthik Chandrasekaran,karthik.chandrasekaran28@college.ac.in,ECE,2025,2,6.99,Average,0,False
S04145,Kritika Sharma,kritika.sharma83@college.ac.in,CSE,2024,4,7.73,Good,0,False
S04146,Salman Chetty,salman.chetty26@college.ac.in,MECH,2024,4,6.9,Average,0,False
S04147,Pillai Verma,pillai.verma72@college.ac.in,ECE,2024,4,6.34,Average,0,False
S04148,Saranya Gopalakrishnan,saranya.gopalakrishnan68@college.ac.in,ECE,2024,4,7.35,Good,0,False
S04149,Arjun Subramaniam,arjun.subramaniam35@college.ac.in,MECH,2023,6,5.78,Average,2,True
S04150,Ramya Warrier,ramya.warrier95@college.ac.in,CSE,2023,6,6.34,Average,1,True
S04151,Farhan Iyengar,farhan.iyengar66@college.ac.in,ECE,2022,8,7.27,Good,1,True
S04152,Naveen Tiwari,naveen.tiwari27@college.ac.in,CSE,2022,8,6.74,Average,0,False
S04153,Naveen Siddiqui,naveen.siddiqui66@college.ac.in,AIML,2022,8,6.87,Average,0,False
S04154,Kritika Chetty,kritika.chetty30@college.ac.in,AIML,2024,3,5.24,At Risk,6,True
S04155,Dhanush Pillai,dhanush.pillai48@college.ac.in,CSE,2024,3,6.51,Average,5,True
S04156,Manoj Verma,manoj.verma39@college.ac.in,CSE,2025,2,5.52,Average,2,True
S04157,Madhan Mishra,madhan.mishra51@college.ac.in,AIML,2023,6,5.3,At Risk,3,True
S04158,Priya Sheikh,priya.sheikh78@college.ac.in,MECH,2022,8,5.54,Average,5,True
S04159,Naveen Prasad,naveen.prasad40@college.ac.in,ECE,2022,8,5.97,Average,2,True
S04160,Usman Mehta,usman.mehta53@college.ac.in,CSE,2025,2,8.03,Good,0,False
S04161,Varun Rajan,varun.rajan66@college.ac.in,ECE,2024,4,5.97,Average,1,False
S04162,Keerthi Kulkarni,keerthi.kulkarni20@college.ac.in,CSE,2022,8,8.42,Good,0,False
S04163,Zainab Kamath,zainab.kamath93@college.ac.in,MECH,2025,2,5.64,Average,2,True
S04164,Athul Subramaniam,athul.subramaniam63@college.ac.in,AIML,2023,6,7.24,Good,0,False
S04165,Usman Mirza,usman.mirza78@college.ac.in,CSE,2024,4,4.92,At Risk,4,True
S04166,Ramya Pandey,ramya.pandey39@college.ac.in,AIML,2025,2,7.44,Good,0,False
S04167,Vignesh Hussain,vignesh.hussain41@college.ac.in,ECE,2022,8,5.77,Average,5,False
S04168,Madhan Gupta,madhan.gupta15@college.ac.in,ECE,2024,3,7.8,Good,0,False
S04169,Praveen Nambiar,praveen.nambiar42@college.ac.in,CSE,2024,4,7.66,Good,0,False
S04170,Arun Siddiqui,arun.siddiqui99@college.ac.in,CSE,2023,6,7.41,Good,0,False
S04171,Amal Menon,amal.menon61@college.ac.in,MECH,2022,8,7.97,Good,0,False
S04172,Meena Khan,meena.khan79@college.ac.in,AIML,2022,8,6.77,Average,0,False
S04173,Shubham Menon,shubham.menon31@college.ac.in,AIML,2023,6,7.48,Good,0,False
S04174,Arun Natarajan,arun.natarajan29@college.ac.in,MECH,2023,6,6.2,Average,2,False
S04175,Nadia Qureshi,nadia.qureshi58@college.ac.in,ECE,2023,6,5.97,Average,1,True
S04176,Asif Subramaniam,asif.subramaniam26@college.ac.in,AIML,2024,4,7.77,Good,0,False
S04177,Adil Nambiar,adil.nambiar55@college.ac.in,CSE,2025,2,4.8,At Risk,5,True
S04178,Vijay Karunakaran,vijay.karunakaran97@college.ac.in,AIML,2022,8,7.09,Good,0,False
S04179,Adil Natarajan,adil.natarajan57@college.ac.in,CSE,2025,2,7.24,Good,0,False
S04180,Karthik Murthy,karthik.murthy55@college.ac.in,CSE,2024,4,4.32,At Risk,4,True
S04181,Anjali Chetty,anjali.chetty17@college.ac.in,CSE,2025,2,6.66,Average,0,False
S04182,Madhan Mirza,madhan.mirza70@college.ac.in,AIML,2023,6,7.31,Good,0,False
S04183,Ankit Ansari,ankit.ansari27@college.ac.in,ECE,2023,6,5.1,At Risk,3,False
S04184,Arun Namboothiri,arun.namboothiri82@college.ac.in,MECH,2023,5,7.39,Good,0,False
S04185,Prerna Menon,prerna.menon79@college.ac.in,CSE,2023,6,7.65,Good,3,False
S04186,Rajan Nambiar,rajan.nambiar65@college.ac.in,AIML,2023,6,6.06,Average,0,False
S04187,Harikrishna Chetty,harikrishna.chetty29@college.ac.in,MECH,2024,4,5.86,Average,3,True
S04188,Sneha Velayudhan,sneha.velayudhan49@college.ac.in,MECH,2024,4,6.58,Average,5,False
S04189,Amit Krishnan,amit.krishnan48@college.ac.in,MECH,2023,6,6.06,Average,0,False
S04190,Sathish Chauhan,sathish.chauhan39@college.ac.in,CSE,2022,8,7.07,Good,0,False
S04191,Rahul Hegde,rahul.hegde55@college.ac.in,MECH,2024,4,6.14,Average,0,False
S04192,Rukhsar Rajan,rukhsar.rajan17@college.ac.in,CSE,2024,4,7.19,Good,0,False
S04193,Adil Hegde,adil.hegde60@college.ac.in,ECE,2025,2,7.35,Good,0,False
S04194,Zubair Nair,zubair.nair48@college.ac.in,CSE,2022,8,8.21,Good,0,False
S04195,Farhan Iyer,farhan.iyer73@college.ac.in,AIML,2025,2,6.95,Average,0,False
S04196,Naveen Iyengar,naveen.iyengar68@college.ac.in,MECH,2023,6,7.45,Good,0,False
S04197,Naveen Reddy,naveen.reddy71@college.ac.in,CSE,2023,6,6.71,Average,0,False
S04198,Praveen Warrier,praveen.warrier46@college.ac.in,CSE,2023,6,8.31,Good,0,False
S04199,Nair Rao,nair.rao92@college.ac.in,CSE,2025,2,6.53,Average,0,False
S04200,Zainab Joshi,zainab.joshi84@college.ac.in,MECH,2022,8,4.83,At Risk,6,False
S04201,Rohit Krishnan,rohit.krishnan77@college.ac.in,CSE,2022,8,6.89,Average,0,False
S04202,Rishita Subramaniam,rishita.subramaniam49@college.ac.in,MECH,2025,2,5.65,Average,1,True
S04203,Muralidhar Rao,muralidhar.rao77@college.ac.in,AIML,2022,8,6.51,Average,4,False
S04204,Sachin Malik,sachin.malik78@college.ac.in,CSE,2024,3,7.17,Good,0,False
S04205,Vivek Venkataraman,vivek.venkataraman85@college.ac.in,CSE,2024,4,6.66,Average,5,False
S04206,Ananya Venkataraman,ananya.venkataraman99@college.ac.in,MECH,2022,8,5.73,Average,5,True
S04207,Pooja Rajan,pooja.rajan81@college.ac.in,AIML,2024,4,7.88,Good,0,False
S04208,Prithviraj Ansari,prithviraj.ansari21@college.ac.in,CSE,2023,6,7.54,Good,0,False
S04209,Amit Das,amit.das50@college.ac.in,AIML,2023,5,6.38,Average,0,False
S04210,Riya Chandrasekaran,riya.chandrasekaran53@college.ac.in,MECH,2024,4,6.36,Average,1,True
S04211,Sathish Warrier,sathish.warrier20@college.ac.in,ECE,2025,2,7.59,Good,0,False
S04212,Suresh Murugan,suresh.murugan87@college.ac.in,CSE,2023,6,5.33,At Risk,3,False
S04213,Irfan Chauhan,irfan.chauhan87@college.ac.in,AIML,2022,8,7.41,Good,0,False
S04214,Nisha Kumar,nisha.kumar71@college.ac.in,MECH,2025,2,6.36,Average,2,True
S04215,Aditi Arumugam,aditi.arumugam85@college.ac.in,MECH,2024,4,5.69,Average,3,True
S04216,Rahul Pandey,rahul.pandey87@college.ac.in,MECH,2022,8,5.6,Average,4,True
S04217,Aman Murugan,aman.murugan96@college.ac.in,MECH,2025,2,6.65,Average,0,False
S04218,Kritika Natarajan,kritika.natarajan81@college.ac.in,CSE,2025,2,7.33,Good,0,False
S04219,Sathish Gopalakrishnan,sathish.gopalakrishnan16@college.ac.in,CSE,2023,6,6.29,Average,2,True
S04220,Swati Krishnan,swati.krishnan17@college.ac.in,MECH,2024,4,4.75,At Risk,3,True
S04221,Saranya Krishnan,saranya.krishnan26@college.ac.in,MECH,2022,8,7.02,Good,0,False
S04222,Ayesha Bhat,ayesha.bhat77@college.ac.in,AIML,2023,6,6.96,Average,0,False
S04223,Siddharth Chandrasekaran,siddharth.chandrasekaran98@college.ac.in,MECH,2023,6,5.81,Average,0,False
S04224,Rajan Das,rajan.das95@college.ac.in,MECH,2024,3,6.81,Average,5,False
S04225,Pallavi Sharma,pallavi.sharma45@college.ac.in,MECH,2022,8,7.8,Good,0,False
S04226,Salman Kumar,salman.kumar20@college.ac.in,MECH,2025,2,5.31,At Risk,5,False
S04227,Bilal Mishra,bilal.mishra65@college.ac.in,ECE,2023,6,8.4,Good,0,False
S04228,Adil Chandrasekaran,adil.chandrasekaran48@college.ac.in,AIML,2025,2,7.7,Good,0,False
S04229,Avinash Qureshi,avinash.qureshi74@college.ac.in,CSE,2023,6,6.48,Average,4,True
S04230,Adil Malik,adil.malik43@college.ac.in,ECE,2023,6,5.07,At Risk,5,True
S04231,Ramya Chauhan,ramya.chauhan92@college.ac.in,CSE,2025,2,4.81,At Risk,4,True
S04232,Harikrishna Arumugam,harikrishna.arumugam58@college.ac.in,MECH,2024,4,5.56,Average,4,True
S04233,Nadia Natarajan,nadia.natarajan53@college.ac.in,CSE,2025,2,7.98,Good,0,False
S04234,Nair Rao,nair.rao33@college.ac.in,AIML,2024,4,5.6,Average,5,True
S04235,Bilal Namboothiri,bilal.namboothiri20@college.ac.in,CSE,2022,8,8.53,Excellent,0,False
S04236,Shubham Hegde,shubham.hegde95@college.ac.in,ECE,2024,3,5.99,Average,3,False
S04237,Anjali Siddiqui,anjali.siddiqui76@college.ac.in,MECH,2025,2,7.13,Good,0,False
S04238,Rukhsar Karunakaran,rukhsar.karunakaran55@college.ac.in,MECH,2024,4,6.22,Average,3,False
S04239,Arjun Iyer,arjun.iyer49@college.ac.in,CSE,2025,2,6.86,Average,3,False
S04240,Rizwan Murthy,rizwan.murthy33@college.ac.in,CSE,2023,6,6.46,Average,4,True
S04241,Nithish Namboothiri,nithish.namboothiri92@college.ac.in,CSE,2025,2,4.71,At Risk,5,False
S04242,Nadia Bhat,nadia.bhat56@college.ac.in,MECH,2023,6,5.65,Average,0,False
S04243,Lakshmi Venkataraman,lakshmi.venkataraman99@college.ac.in,ECE,2025,2,6.81,Average,0,False
S04244,Akash Verma,akash.verma36@college.ac.in,AIML,2023,6,7.33,Good,0,False
S04245,Harikrishna Arumugam,harikrishna.arumugam40@college.ac.in,CSE,2023,6,6.47,Average,6,False
S04246,Aishwarya Das,aishwarya.das60@college.ac.in,ECE,2023,6,6.98,Average,0,False
S04247,Rajan Siddiqui,rajan.siddiqui34@college.ac.in,AIML,2022,8,7.35,Good,0,False
S04248,Arjun Qureshi,arjun.qureshi47@college.ac.in,CSE,2022,8,6.3,Average,0,False
S04249,Aishwarya Chauhan,aishwarya.chauhan26@college.ac.in,ECE,2025,2,7.39,Good,0,False
S04250,Sreejith Pandey,sreejith.pandey79@college.ac.in,CSE,2023,6,5.3,At Risk,3,True
S04251,Naveen Varma,naveen.varma38@college.ac.in,MECH,2025,2,6.72,Average,0,False
S04252,Ajith Rajan,ajith.rajan21@college.ac.in,AIML,2024,3,6.13,Average,0,False
S04253,Varun Hussain,varun.hussain83@college.ac.in,AIML,2023,6,4.49,At Risk,4,True
S04254,Logesh Iyer,logesh.iyer56@college.ac.in,MECH,2024,4,5.64,Average,3,True
S04255,Zubair Rao,zubair.rao11@college.ac.in,CSE,2023,5,7.95,Good,3,False
S04256,Farhan Chetty,farhan.chetty25@college.ac.in,ECE,2025,2,7.11,Good,0,False
S04257,Keerthi Murugan,keerthi.murugan85@college.ac.in,ECE,2022,8,6.3,Average,0,False
S04258,Sachin Gopalakrishnan,sachin.gopalakrishnan89@college.ac.in,MECH,2022,8,7.55,Good,0,False
S04259,Ravi Verma,ravi.verma58@college.ac.in,ECE,2024,4,5.46,At Risk,4,True
S04260,Nisha Hussain,nisha.hussain77@college.ac.in,MECH,2023,6,6.75,Average,0,False
S04261,Asif Warrier,asif.warrier63@college.ac.in,ECE,2024,3,6.03,Average,3,True
S04262,Sneha Selvam,sneha.selvam38@college.ac.in,ECE,2025,2,6.1,Average,4,False
S04263,Logesh Chandrasekaran,logesh.chandrasekaran40@college.ac.in,AIML,2023,6,7.15,Good,0,False
S04264,Vijay Rajan,vijay.rajan30@college.ac.in,AIML,2022,8,5.47,At Risk,4,True
S04265,Salman Prasad,salman.prasad41@college.ac.in,AIML,2025,2,8.17,Good,0,False
S04266,Suresh Selvam,suresh.selvam52@college.ac.in,MECH,2023,6,6.94,Average,0,False
S04267,Tarun Rajan,tarun.rajan25@college.ac.in,CSE,2023,6,6.33,Average,0,False
S04268,Sneha Verma,sneha.verma63@college.ac.in,AIML,2023,6,7.51,Good,2,False
S04269,Priya Patel,priya.patel20@college.ac.in,MECH,2024,4,6.55,Average,0,False
S04270,Keerthi Kamath,keerthi.kamath28@college.ac.in,MECH,2024,3,5.11,At Risk,4,True
S04271,Harish Tiwari,harish.tiwari50@college.ac.in,AIML,2024,4,6.01,Average,3,True
S04272,Rukhsar Rao,rukhsar.rao75@college.ac.in,CSE,2022,8,6.77,Average,0,False
S04273,Faisal Desai,faisal.desai23@college.ac.in,CSE,2022,8,6.89,Average,0,False
S04274,Vikram Ansari,vikram.ansari67@college.ac.in,CSE,2024,4,6.09,Average,1,False
S04275,Dinesh Iyengar,dinesh.iyengar25@college.ac.in,ECE,2022,8,5.49,At Risk,3,False
S04276,Krishnan Kamath,krishnan.kamath39@college.ac.in,MECH,2023,5,7.46,Good,0,False
S04277,Aditi Varma,aditi.varma38@college.ac.in,MECH,2025,2,5.22,At Risk,3,True
S04278,Prerna Das,prerna.das30@college.ac.in,CSE,2023,6,6.46,Average,6,True
S04279,Abhijith Bhat,abhijith.bhat97@college.ac.in,CSE,2023,6,6.14,Average,1,True
S04280,Praveen Mirza,praveen.mirza42@college.ac.in,MECH,2022,8,6.13,Average,4,True
S04281,Sana Dubey,sana.dubey82@college.ac.in,CSE,2023,6,5.3,At Risk,6,True
S04282,Tanvi Selvam,tanvi.selvam93@college.ac.in,ECE,2023,6,6.17,Average,0,False
S04283,Sathish Arumugam,sathish.arumugam24@college.ac.in,MECH,2024,4,5.04,At Risk,3,True
S04284,Logesh Murugan,logesh.murugan67@college.ac.in,AIML,2024,4,7.63,Good,0,False
S04285,Shahid Kamath,shahid.kamath12@college.ac.in,CSE,2023,6,5.58,Average,5,True
S04286,Aishwarya Murthy,aishwarya.murthy94@college.ac.in,CSE,2024,4,5.99,Average,5,False
S04287,Harikrishna Karunakaran,harikrishna.karunakaran40@college.ac.in,ECE,2022,8,6.74,Average,0,False
S04288,Logesh Gopalakrishnan,logesh.gopalakrishnan94@college.ac.in,MECH,2024,3,6.01,Average,0,False
S04289,Adil Krishnan,adil.krishnan70@college.ac.in,CSE,2025,2,7.33,Good,0,False
S04290,Ramya Nair,ramya.nair80@college.ac.in,CSE,2024,4,5.53,Average,2,True
S04291,Faisal Babu,faisal.babu97@college.ac.in,MECH,2023,6,5.62,Average,3,True
S04292,Rohit Khan,rohit.khan72@college.ac.in,MECH,2025,2,6.32,Average,0,False
S04293,Naveen Krishnan,naveen.krishnan71@college.ac.in,AIML,2024,4,6.18,Average,0,False
S04294,Pooja Mehta,pooja.mehta19@college.ac.in,ECE,2022,8,5.07,At Risk,2,True
S04295,Imran Subramaniam,imran.subramaniam10@college.ac.in,ECE,2025,2,5.96,Average,6,True
S04296,Nadia Kumar,nadia.kumar91@college.ac.in,AIML,2024,4,7.31,Good,0,False
S04297,Vishnu Pillai,vishnu.pillai22@college.ac.in,MECH,2022,8,4.52,At Risk,5,True
S04298,Dinesh Kamath,dinesh.kamath73@college.ac.in,MECH,2025,2,6.81,Average,1,False
S04299,Vikram Yadav,vikram.yadav81@college.ac.in,ECE,2023,5,6.16,Average,6,False
S04300,Ravi Nambiar,ravi.nambiar83@college.ac.in,MECH,2022,8,6.8,Average,0,False
S04301,Suresh Shetty,suresh.shetty19@college.ac.in,ECE,2022,8,5.9,Average,6,True
S04302,Nair Iyengar,nair.iyengar40@college.ac.in,AIML,2025,2,4.07,At Risk,2,False
S04303,Kritika Mirza,kritika.mirza16@college.ac.in,MECH,2023,6,6.77,Average,0,False
S04304,Vivek Namboothiri,vivek.namboothiri40@college.ac.in,MECH,2024,4,6.31,Average,0,False
S04305,Harikrishna Warrier,harikrishna.warrier82@college.ac.in,MECH,2025,2,7.87,Good,0,False
S04306,Amina Iyengar,amina.iyengar30@college.ac.in,AIML,2023,6,6.75,Average,0,False
S04307,Nithish Prasad,nithish.prasad20@college.ac.in,MECH,2023,6,5.3,At Risk,2,True
S04308,Vishnu Tiwari,vishnu.tiwari94@college.ac.in,ECE,2023,6,6.62,Average,0,False
S04309,Karthik Varma,karthik.varma76@college.ac.in,CSE,2024,3,8.29,Good,0,False
S04310,Syed Ansari,syed.ansari25@college.ac.in,AIML,2024,4,8.03,Good,0,False
S04311,Rohit Iyengar,rohit.iyengar82@college.ac.in,ECE,2023,6,5.99,Average,1,False
S04312,Ramesh Mehta,ramesh.mehta88@college.ac.in,AIML,2025,2,4.45,At Risk,2,False
S04313,Sreejith Siddiqui,sreejith.siddiqui98@college.ac.in,MECH,2024,4,6.7,Average,3,True
S04314,Rajan Sheikh,rajan.sheikh50@college.ac.in,CSE,2023,6,6.45,Average,4,True
S04315,Neha Kulkarni,neha.kulkarni54@college.ac.in,CSE,2023,6,7.77,Good,0,False
S04316,Akash Natarajan,akash.natarajan14@college.ac.in,ECE,2023,5,5.57,Average,3,True
S04317,Pooja Karunakaran,pooja.karunakaran88@college.ac.in,ECE,2025,2,5.37,At Risk,3,True
S04318,Nithya Kulkarni,nithya.kulkarni39@college.ac.in,AIML,2022,8,6.31,Average,5,True
S04319,Abhijith Reddy,abhijith.reddy57@college.ac.in,ECE,2022,8,6.66,Average,1,True
S04320,Divya Kulkarni,divya.kulkarni64@college.ac.in,CSE,2022,8,6.91,Average,0,False
S04321,Shahid Sharma,shahid.sharma45@college.ac.in,ECE,2023,6,6.18,Average,1,False
S04322,Mansi Malik,mansi.malik66@college.ac.in,AIML,2023,6,5.86,Average,3,True
S04323,Rizwan Murthy,rizwan.murthy83@college.ac.in,ECE,2023,6,6.63,Average,0,False
S04324,Prerna Nambiar,prerna.nambiar98@college.ac.in,AIML,2022,8,6.65,Average,5,True
S04325,Sana Chetty,sana.chetty74@college.ac.in,AIML,2022,8,6.71,Average,2,False
S04326,Logesh Chetty,logesh.chetty84@college.ac.in,ECE,2024,4,6.53,Average,0,False
S04327,Aman Venkataraman,aman.venkataraman25@college.ac.in,CSE,2024,4,7.81,Good,0,False
S04328,Vijay Mirza,vijay.mirza69@college.ac.in,ECE,2023,6,7.92,Good,0,False
S04329,Asif Pillai,asif.pillai79@college.ac.in,CSE,2024,4,6.62,Average,0,False
S04330,Vivek Chandrasekaran,vivek.chandrasekaran24@college.ac.in,AIML,2023,6,7.28,Good,0,False
S04331,Tanvi Nambiar,tanvi.nambiar65@college.ac.in,CSE,2023,5,7.62,Good,0,False
S04332,Babu Murthy,babu.murthy58@college.ac.in,CSE,2024,4,6.86,Average,0,False
S04333,Pooja Shetty,pooja.shetty98@college.ac.in,MECH,2024,4,5.77,Average,1,False
S04334,Vignesh Tiwari,vignesh.tiwari85@college.ac.in,MECH,2024,3,4.86,At Risk,5,False
S04335,Sana Ansari,sana.ansari46@college.ac.in,ECE,2025,2,5.68,Average,2,False
S04336,Ganesh Bhat,ganesh.bhat41@college.ac.in,MECH,2024,4,7.12,Good,0,False
S04337,Ravi Nambiar,ravi.nambiar95@college.ac.in,MECH,2022,8,6.99,Average,0,False
S04338,Menon Karunakaran,menon.karunakaran97@college.ac.in,MECH,2024,4,7.07,Good,0,False
S04339,Hiba Velayudhan,hiba.velayudhan89@college.ac.in,ECE,2024,3,6.9,Average,0,False
S04340,Surya Desai,surya.desai12@college.ac.in,ECE,2023,6,4.89,At Risk,3,True
S04341,Pooja Murugan,pooja.murugan80@college.ac.in,CSE,2022,8,5.96,Average,3,True
S04342,Athul Yadav,athul.yadav46@college.ac.in,ECE,2023,6,6.27,Average,0,False
S04343,Shahid Warrier,shahid.warrier88@college.ac.in,CSE,2024,4,7.57,Good,0,False
S04344,Sonal Murugan,sonal.murugan59@college.ac.in,ECE,2023,6,5.5,Average,5,True
S04345,Ayesha Pillai,ayesha.pillai18@college.ac.in,ECE,2023,6,5.78,Average,1,False
S04346,Asif Yadav,asif.yadav62@college.ac.in,CSE,2023,6,7.12,Good,0,False
S04347,Madhan Kumar,madhan.kumar69@college.ac.in,CSE,2023,6,6.62,Average,5,True
S04348,Deepak Kamath,deepak.kamath93@college.ac.in,AIML,2023,6,7.46,Good,0,False
S04349,Ayesha Verma,ayesha.verma20@college.ac.in,CSE,2024,4,7.54,Good,0,False
S04350,Dhanush Chandrasekaran,dhanush.chandrasekaran77@college.ac.in,AIML,2024,4,6.85,Average,0,False
S04351,Siddharth Patel,siddharth.patel97@college.ac.in,MECH,2024,4,7.67,Good,0,False
S04352,Athul Qureshi,athul.qureshi27@college.ac.in,MECH,2022,8,6.82,Average,0,False
S04353,Aamir Patil,aamir.patil24@college.ac.in,CSE,2022,8,6.72,Average,3,True
S04354,Rishita Iyer,rishita.iyer23@college.ac.in,AIML,2022,8,6.58,Average,4,False
S04355,Ananya Chandrasekaran,ananya.chandrasekaran87@college.ac.in,ECE,2022,8,6.49,Average,5,False
S04356,Ananya Dubey,ananya.dubey50@college.ac.in,MECH,2025,2,5.02,At Risk,3,True
S04357,Syed Mirza,syed.mirza77@college.ac.in,CSE,2022,8,8.0,Good,0,False
S04358,Amal Mishra,amal.mishra94@college.ac.in,CSE,2023,6,7.0,Good,0,False
S04359,Sanjay Siddiqui,sanjay.siddiqui17@college.ac.in,MECH,2025,2,7.14,Good,2,False
S04360,Vijay Khan,vijay.khan89@college.ac.in,MECH,2024,4,6.53,Average,0,False
S04361,Zubair Ansari,zubair.ansari77@college.ac.in,MECH,2023,6,6.09,Average,5,True
S04362,Suresh Krishnan,suresh.krishnan99@college.ac.in,MECH,2023,6,5.85,Average,2,True
S04363,Fatima Gupta,fatima.gupta23@college.ac.in,ECE,2024,3,7.12,Good,0,False
S04364,Ananya Krishnan,ananya.krishnan99@college.ac.in,AIML,2024,4,6.99,Average,1,True
S04365,Nithya Patil,nithya.patil84@college.ac.in,AIML,2025,2,6.81,Average,0,False
S04366,Sreejith Sharma,sreejith.sharma47@college.ac.in,AIML,2022,8,6.29,Average,4,False
S04367,Piyush Yadav,piyush.yadav41@college.ac.in,ECE,2024,3,5.91,Average,3,False
S04368,Nithya Varma,nithya.varma59@college.ac.in,AIML,2023,6,6.92,Average,0,False
S04369,Rajan Reddy,rajan.reddy44@college.ac.in,ECE,2023,5,7.55,Good,0,False
S04370,Arjun Babu,arjun.babu49@college.ac.in,AIML,2022,8,6.87,Average,4,False
S04371,Abhijith Subramaniam,abhijith.subramaniam49@college.ac.in,MECH,2022,8,6.49,Average,0,False
S04372,Amal Varma,amal.varma10@college.ac.in,MECH,2025,2,6.44,Average,0,False
S04373,Aishwarya Rao,aishwarya.rao49@college.ac.in,CSE,2025,2,6.89,Average,2,True
S04374,Varun Babu,varun.babu10@college.ac.in,MECH,2022,8,6.48,Average,0,False
S04375,Piyush Rao,piyush.rao98@college.ac.in,ECE,2025,2,6.17,Average,0,False
S04376,Riya Natarajan,riya.natarajan51@college.ac.in,ECE,2022,8,7.06,Good,0,False
S04377,Riya Menon,riya.menon17@college.ac.in,MECH,2022,8,6.56,Average,1,True
S04378,Mansi Qureshi,mansi.qureshi87@college.ac.in,AIML,2024,4,5.78,Average,1,False
S04379,Siddharth Iyengar,siddharth.iyengar25@college.ac.in,AIML,2024,4,6.23,Average,5,False
S04380,Aditi Namboothiri,aditi.namboothiri17@college.ac.in,AIML,2023,6,6.44,Average,0,False
S04381,Nadia Velayudhan,nadia.velayudhan90@college.ac.in,MECH,2025,2,5.21,At Risk,5,True
S04382,Bilal Kulkarni,bilal.kulkarni69@college.ac.in,MECH,2023,5,6.31,Average,0,False
S04383,Vivek Chetty,vivek.chetty35@college.ac.in,MECH,2024,4,5.94,Average,3,False
S04384,Sanjay Babu,sanjay.babu24@college.ac.in,AIML,2024,4,7.39,Good,0,False
S04385,Nithya Arumugam,nithya.arumugam86@college.ac.in,AIML,2023,6,6.39,Average,0,False
S04386,Ayesha Nair,ayesha.nair11@college.ac.in,MECH,2022,8,7.19,Good,0,False
S04387,Mohammed Shetty,mohammed.shetty35@college.ac.in,AIML,2023,6,5.23,At Risk,4,True
S04388,Anjali Rao,anjali.rao38@college.ac.in,AIML,2025,2,6.86,Average,0,False
S04389,Vivek Rao,vivek.rao50@college.ac.in,MECH,2025,2,7.32,Good,0,False
S04390,Rukhsar Hussain,rukhsar.hussain64@college.ac.in,AIML,2025,2,7.84,Good,0,False
S04391,Priya Mishra,priya.mishra67@college.ac.in,ECE,2025,2,8.02,Good,0,False
S04392,Pillai Khan,pillai.khan85@college.ac.in,CSE,2024,4,7.41,Good,0,False
S04393,Arjun Krishnan,arjun.krishnan44@college.ac.in,CSE,2023,6,5.49,At Risk,5,True
S04394,Nadia Gupta,nadia.gupta67@college.ac.in,MECH,2022,8,5.73,Average,3,True
S04395,Simran Joshi,simran.joshi87@college.ac.in,MECH,2025,2,7.74,Good,0,False
S04396,Piyush Verma,piyush.verma51@college.ac.in,AIML,2024,4,7.04,Good,0,False
S04397,Hiba Ansari,hiba.ansari75@college.ac.in,CSE,2023,6,7.9,Good,0,False
S04398,Gaurav Subramaniam,gaurav.subramaniam88@college.ac.in,MECH,2025,2,7.28,Good,0,False
S04399,Aditi Hussain,aditi.hussain41@college.ac.in,CSE,2023,6,5.83,Average,1,False
S04400,Vignesh Tiwari,vignesh.tiwari81@college.ac.in,ECE,2022,8,6.78,Average,4,True
S04401,Dhanush Bhat,dhanush.bhat59@college.ac.in,ECE,2023,6,7.47,Good,0,False
S04402,Ankita Rao,ankita.rao50@college.ac.in,ECE,2024,4,5.73,Average,4,True
S04403,Prerna Menon,prerna.menon49@college.ac.in,MECH,2023,5,7.25,Good,3,False
S04404,Prerna Prasad,prerna.prasad60@college.ac.in,CSE,2022,8,7.98,Good,0,False
S04405,Sathish Krishnan,sathish.krishnan98@college.ac.in,CSE,2023,6,7.98,Good,0,False
S04406,Asif Das,asif.das34@college.ac.in,AIML,2023,6,7.28,Good,0,False
S04407,Menon Nair,menon.nair46@college.ac.in,MECH,2023,6,5.7,Average,1,True
S04408,Krishnan Das,krishnan.das65@college.ac.in,ECE,2023,5,6.02,Average,6,True
S04409,Syed Naidu,syed.naidu96@college.ac.in,AIML,2025,2,7.05,Good,0,False
S04410,Harikrishna Patil,harikrishna.patil49@college.ac.in,MECH,2024,4,4.25,At Risk,2,True
S04411,Pooja Murugan,pooja.murugan29@college.ac.in,ECE,2023,6,5.47,At Risk,2,True
S04412,Nithya Arumugam,nithya.arumugam93@college.ac.in,ECE,2023,6,6.22,Average,2,True
S04413,Swathi Murthy,swathi.murthy43@college.ac.in,ECE,2025,2,6.11,Average,3,True
S04414,Priya Babu,priya.babu79@college.ac.in,AIML,2025,2,7.78,Good,0,False
S04415,Suresh Mehta,suresh.mehta42@college.ac.in,ECE,2025,2,6.17,Average,5,False
S04416,Kritika Mehta,kritika.mehta45@college.ac.in,MECH,2024,4,4.85,At Risk,1,True
S04417,Rajesh Warrier,rajesh.warrier70@college.ac.in,MECH,2023,6,5.03,At Risk,4,False
S04418,Vijay Hussain,vijay.hussain36@college.ac.in,CSE,2022,8,8.14,Good,0,False
S04419,Bilal Malik,bilal.malik77@college.ac.in,CSE,2024,4,6.97,Average,3,False
S04420,Sanjay Sheikh,sanjay.sheikh10@college.ac.in,MECH,2022,8,6.13,Average,5,False
S04421,Asif Yadav,asif.yadav76@college.ac.in,CSE,2024,4,7.93,Good,0,False
S04422,Farhan Chetty,farhan.chetty60@college.ac.in,CSE,2023,6,5.8,Average,6,True
S04423,Pallavi Sheikh,pallavi.sheikh45@college.ac.in,MECH,2023,6,6.59,Average,0,False
S04424,Vignesh Krishnan,vignesh.krishnan34@college.ac.in,ECE,2024,4,6.89,Average,0,False
S04425,Nadia Murugan,nadia.murugan14@college.ac.in,MECH,2023,6,7.72,Good,5,False
S04426,Vijay Mishra,vijay.mishra59@college.ac.in,CSE,2025,2,6.37,Average,2,True
S04427,Dhanush Subramaniam,dhanush.subramaniam71@college.ac.in,ECE,2024,3,5.75,Average,2,False
S04428,Rahul Sheikh,rahul.sheikh11@college.ac.in,CSE,2023,6,5.4,At Risk,2,True
S04429,Sana Babu,sana.babu40@college.ac.in,ECE,2023,6,5.18,At Risk,3,True
S04430,Krishnan Das,krishnan.das67@college.ac.in,CSE,2024,4,6.36,Average,0,False
S04431,Aishwarya Kulkarni,aishwarya.kulkarni92@college.ac.in,CSE,2022,8,7.19,Good,0,False
S04432,Nisha Prasad,nisha.prasad29@college.ac.in,CSE,2024,4,6.9,Average,0,False
S04433,Piyush Namboothiri,piyush.namboothiri69@college.ac.in,MECH,2023,6,5.67,Average,2,False
S04434,Abhijith Murugan,abhijith.murugan15@college.ac.in,CSE,2025,2,7.43,Good,0,False
S04435,Zubair Ansari,zubair.ansari39@college.ac.in,AIML,2024,4,5.49,At Risk,2,True
S04436,Nisha Hegde,nisha.hegde65@college.ac.in,CSE,2024,4,6.66,Average,0,False
S04437,Arun Mirza,arun.mirza81@college.ac.in,AIML,2022,8,6.23,Average,1,False
S04438,Syed Babu,syed.babu56@college.ac.in,ECE,2023,6,7.19,Good,0,False
S04439,Zainab Selvam,zainab.selvam42@college.ac.in,MECH,2024,4,5.14,At Risk,6,False
S04440,Rizwan Karunakaran,rizwan.karunakaran34@college.ac.in,MECH,2022,8,6.31,Average,0,False
S04441,Junaid Hegde,junaid.hegde82@college.ac.in,MECH,2022,8,6.79,Average,4,False
S04442,Divya Chandrasekaran,divya.chandrasekaran87@college.ac.in,AIML,2024,4,7.75,Good,0,False
S04443,Siddharth Rao,siddharth.rao82@college.ac.in,CSE,2023,6,6.37,Average,5,True
S04444,Mansi Pandey,mansi.pandey22@college.ac.in,ECE,2025,2,8.58,Excellent,0,False
S04445,Faisal Chandrasekaran,faisal.chandrasekaran97@college.ac.in,MECH,2022,8,6.22,Average,0,False
S04446,Ramya Ansari,ramya.ansari26@college.ac.in,ECE,2024,4,6.07,Average,6,False
S04447,Kavya Verma,kavya.verma84@college.ac.in,MECH,2023,6,6.38,Average,0,False
S04448,Meena Verma,meena.verma94@college.ac.in,MECH,2025,2,6.29,Average,0,False
S04449,Rukhsar Selvam,rukhsar.selvam56@college.ac.in,AIML,2022,8,5.87,Average,1,True
S04450,Swathi Iyer,swathi.iyer78@college.ac.in,ECE,2024,4,7.91,Good,0,False
S04451,Simran Namboothiri,simran.namboothiri12@college.ac.in,CSE,2024,3,8.14,Good,0,False
S04452,Vikram Malik,vikram.malik20@college.ac.in,ECE,2023,6,7.28,Good,0,False
S04453,Nithya Mishra,nithya.mishra50@college.ac.in,CSE,2024,4,7.93,Good,0,False
S04454,Divya Pandey,divya.pandey60@college.ac.in,MECH,2023,6,7.24,Good,0,False
S04455,Arjun Murthy,arjun.murthy42@college.ac.in,ECE,2024,3,5.59,Average,5,False
S04456,Avinash Shetty,avinash.shetty96@college.ac.in,CSE,2025,2,6.78,Average,0,False
S04457,Shahid Joshi,shahid.joshi53@college.ac.in,ECE,2023,6,7.88,Good,0,False
S04458,Babu Malik,babu.malik65@college.ac.in,AIML,2025,2,5.7,Average,3,False
S04459,Jithin Namboothiri,jithin.namboothiri97@college.ac.in,ECE,2024,4,6.1,Average,0,False
S04460,Piyush Chetty,piyush.chetty21@college.ac.in,ECE,2025,2,7.5,Good,0,False
S04461,Anjali Natarajan,anjali.natarajan53@college.ac.in,ECE,2024,4,5.78,Average,4,False
S04462,Karthik Kulkarni,karthik.kulkarni22@college.ac.in,AIML,2024,4,7.13,Good,0,False
S04463,Asif Murthy,asif.murthy61@college.ac.in,MECH,2024,4,7.7,Good,0,False
S04464,Kritika Kumar,kritika.kumar50@college.ac.in,CSE,2025,2,6.08,Average,4,True
S04465,Vivek Kumar,vivek.kumar57@college.ac.in,AIML,2024,3,7.84,Good,0,False
S04466,Saranya Das,saranya.das73@college.ac.in,CSE,2024,4,7.55,Good,0,False
S04467,Rishita Pillai,rishita.pillai65@college.ac.in,AIML,2025,2,7.83,Good,0,False
S04468,Madhan Mishra,madhan.mishra11@college.ac.in,CSE,2023,6,5.46,At Risk,4,True
S04469,Nithya Krishnan,nithya.krishnan88@college.ac.in,MECH,2022,8,6.08,Average,3,False
S04470,Akash Patil,akash.patil11@college.ac.in,MECH,2022,8,8.16,Good,0,False
S04471,Nair Iyengar,nair.iyengar89@college.ac.in,ECE,2023,6,6.38,Average,0,False
S04472,Rizwan Arumugam,rizwan.arumugam64@college.ac.in,MECH,2024,4,4.9,At Risk,5,True
S04473,Prithviraj Malik,prithviraj.malik16@college.ac.in,ECE,2024,4,6.52,Average,0,False
S04474,Ankit Pandey,ankit.pandey70@college.ac.in,ECE,2025,2,6.44,Average,0,False
S04475,Sanjay Rajan,sanjay.rajan67@college.ac.in,MECH,2023,6,6.19,Average,0,False
S04476,Lakshmi Dubey,lakshmi.dubey25@college.ac.in,MECH,2025,2,5.36,At Risk,4,True
S04477,Deepak Naidu,deepak.naidu80@college.ac.in,AIML,2023,6,7.18,Good,0,False
S04478,Prithviraj Murugan,prithviraj.murugan70@college.ac.in,AIML,2023,6,5.59,Average,3,True
S04479,Ramya Rao,ramya.rao29@college.ac.in,ECE,2023,6,5.94,Average,3,True
S04480,Adil Varma,adil.varma82@college.ac.in,MECH,2025,2,7.02,Good,2,False
S04481,Abhijith Natarajan,abhijith.natarajan35@college.ac.in,MECH,2023,6,5.8,Average,1,True
S04482,Karthik Subramaniam,karthik.subramaniam51@college.ac.in,AIML,2025,2,4.94,At Risk,3,True
S04483,Varun Murthy,varun.murthy79@college.ac.in,AIML,2023,6,7.5,Good,0,False
S04484,Shahid Naidu,shahid.naidu29@college.ac.in,CSE,2023,6,6.37,Average,5,False
S04485,Syed Kulkarni,syed.kulkarni42@college.ac.in,CSE,2025,2,6.46,Average,6,True
S04486,Tarun Siddiqui,tarun.siddiqui55@college.ac.in,CSE,2024,4,6.92,Average,0,False
S04487,Usman Babu,usman.babu87@college.ac.in,MECH,2024,4,5.53,Average,1,True
S04488,Mansi Dubey,mansi.dubey49@college.ac.in,MECH,2024,4,5.97,Average,4,True
S04489,Fatima Joshi,fatima.joshi42@college.ac.in,MECH,2025,2,5.99,Average,1,False
S04490,Dhanush Velayudhan,dhanush.velayudhan51@college.ac.in,CSE,2023,6,6.81,Average,1,False
S04491,Vikram Arumugam,vikram.arumugam92@college.ac.in,MECH,2023,6,5.83,Average,3,True
S04492,Rajesh Sheikh,rajesh.sheikh37@college.ac.in,CSE,2022,8,7.29,Good,0,False
S04493,Nair Kamath,nair.kamath35@college.ac.in,ECE,2024,4,7.39,Good,0,False
S04494,Rahul Iyer,rahul.iyer76@college.ac.in,MECH,2023,6,6.94,Average,0,False
S04495,Aman Ansari,aman.ansari79@college.ac.in,ECE,2024,4,7.06,Good,0,False
S04496,Aamir Venkataraman,aamir.venkataraman89@college.ac.in,AIML,2022,8,7.31,Good,0,False
S04497,Keerthi Rao,keerthi.rao19@college.ac.in,AIML,2024,4,7.66,Good,1,False
S04498,Ramya Varma,ramya.varma99@college.ac.in,AIML,2024,4,5.97,Average,2,True
S04499,Divya Murugan,divya.murugan44@college.ac.in,ECE,2023,6,6.73,Average,0,False
S04500,Fatima Rao,fatima.rao77@college.ac.in,AIML,2023,6,5.6,Average,5,True
S04501,Zubair Murthy,zubair.murthy11@college.ac.in,ECE,2024,4,4.77,At Risk,2,True
S04502,Swati Patil,swati.patil92@college.ac.in,ECE,2024,4,7.02,Good,0,False
S04503,Neha Rajan,neha.rajan57@college.ac.in,CSE,2023,6,7.12,Good,5,False
S04504,Gaurav Menon,gaurav.menon25@college.ac.in,ECE,2023,6,6.11,Average,4,True
S04505,Nithish Chauhan,nithish.chauhan63@college.ac.in,CSE,2024,3,7.04,Good,2,False
S04506,Aditi Iyengar,aditi.iyengar60@college.ac.in,ECE,2023,5,6.59,Average,0,False
S04507,Mohammed Pillai,mohammed.pillai93@college.ac.in,CSE,2025,2,8.05,Good,0,False
S04508,Vikram Verma,vikram.verma70@college.ac.in,ECE,2022,8,6.8,Average,0,False
S04509,Ananya Mehta,ananya.mehta64@college.ac.in,CSE,2022,8,8.07,Good,0,False
S04510,Shreya Kulkarni,shreya.kulkarni65@college.ac.in,CSE,2025,2,6.39,Average,0,False
S04511,Harish Mishra,harish.mishra46@college.ac.in,MECH,2024,4,5.4,At Risk,6,True
S04512,Sana Shah,sana.shah51@college.ac.in,ECE,2024,4,7.61,Good,0,False
S04513,Pooja Kumar,pooja.kumar24@college.ac.in,CSE,2024,4,7.06,Good,0,False
S04514,Imran Shah,imran.shah43@college.ac.in,ECE,2023,6,5.31,At Risk,2,True
S04515,Akash Shah,akash.shah667@college.ac.in,ECE,2023,6,7.42,Good,0,False
S04516,Ravi Singh,ravi.singh29@college.ac.in,ECE,2023,6,6.18,Average,5,True
S04517,Siddharth Kulkarni,siddharth.kulkarni87@college.ac.in,AIML,2025,2,6.53,Average,0,False
S04518,Rishita Dubey,rishita.dubey61@college.ac.in,MECH,2024,3,7.69,Good,0,False
S04519,Sathish Tiwari,sathish.tiwari73@college.ac.in,ECE,2025,2,6.49,Average,4,False
S04520,Nair Shah,nair.shah64@college.ac.in,CSE,2022,8,6.82,Average,0,False
S04521,Faisal Rajan,faisal.rajan22@college.ac.in,MECH,2022,8,7.23,Good,0,False
S04522,Aamir Siddiqui,aamir.siddiqui24@college.ac.in,MECH,2025,2,5.06,At Risk,5,True
S04523,Imran Chetty,imran.chetty43@college.ac.in,CSE,2022,8,7.62,Good,0,False
S04524,Naveen Khan,naveen.khan98@college.ac.in,CSE,2025,2,7.86,Good,0,False
S04525,Nisha Iyengar,nisha.iyengar92@college.ac.in,MECH,2022,8,7.52,Good,3,False
S04526,Rajan Kamath,rajan.kamath75@college.ac.in,AIML,2024,4,7.95,Good,0,False
S04527,Sachin Malik,sachin.malik384@college.ac.in,MECH,2023,6,7.53,Good,0,False
S04528,Junaid Yadav,junaid.yadav39@college.ac.in,CSE,2025,2,8.63,Excellent,0,False
S04529,Nisha Gopalakrishnan,nisha.gopalakrishnan20@college.ac.in,MECH,2022,8,6.36,Average,3,False
S04530,Krishnan Shah,krishnan.shah40@college.ac.in,CSE,2024,4,7.49,Good,0,False
S04531,Vikram Arumugam,vikram.arumugam65@college.ac.in,MECH,2023,6,6.53,Average,0,False
S04532,Siddharth Dubey,siddharth.dubey68@college.ac.in,AIML,2023,5,5.58,Average,2,False
S04533,Rahul Venkataraman,rahul.venkataraman15@college.ac.in,CSE,2022,8,7.13,Good,0,False
S04534,Pooja Mehta,pooja.mehta84@college.ac.in,MECH,2024,4,6.9,Average,0,False
S04535,Ayesha Mehta,ayesha.mehta55@college.ac.in,MECH,2023,6,6.42,Average,0,False
S04536,Siddharth Nair,siddharth.nair40@college.ac.in,AIML,2022,8,6.86,Average,0,False
S04537,Tarun Arumugam,tarun.arumugam90@college.ac.in,AIML,2023,5,7.79,Good,0,False
S04538,Lakshmi Rao,lakshmi.rao86@college.ac.in,MECH,2024,4,6.13,Average,0,False
S04539,Sathish Hussain,sathish.hussain54@college.ac.in,AIML,2025,2,6.45,Average,3,False
S04540,Hiba Natarajan,hiba.natarajan95@college.ac.in,ECE,2023,6,7.65,Good,0,False
S04541,Priya Mishra,priya.mishra46@college.ac.in,ECE,2023,6,7.31,Good,0,False
S04542,Jithin Iyengar,jithin.iyengar54@college.ac.in,AIML,2023,5,5.26,At Risk,5,True
S04543,Swathi Khan,swathi.khan73@college.ac.in,ECE,2022,8,5.91,Average,4,False
S04544,Krishnan Babu,krishnan.babu15@college.ac.in,ECE,2023,6,5.76,Average,4,True
S04545,Shahid Joshi,shahid.joshi33@college.ac.in,MECH,2024,4,5.07,At Risk,3,False
S04546,Shreya Rao,shreya.rao99@college.ac.in,CSE,2023,6,7.46,Good,0,False
S04547,Asif Iyer,asif.iyer99@college.ac.in,CSE,2022,8,6.27,Average,3,True
S04548,Junaid Malik,junaid.malik36@college.ac.in,CSE,2024,3,6.85,Average,0,False
S04549,Sathish Mishra,sathish.mishra31@college.ac.in,ECE,2024,4,5.76,Average,3,False
S04550,Avinash Mirza,avinash.mirza84@college.ac.in,ECE,2025,2,6.61,Average,1,True
S04551,Arjun Nambiar,arjun.nambiar76@college.ac.in,CSE,2025,2,7.11,Good,0,False
S04552,Amina Kumar,amina.kumar48@college.ac.in,MECH,2025,2,5.62,Average,4,False
S04553,Farhan Warrier,farhan.warrier74@college.ac.in,ECE,2023,5,6.07,Average,1,True
S04554,Shubham Rajan,shubham.rajan98@college.ac.in,CSE,2025,2,7.62,Good,0,False
S04555,Ramya Iyengar,ramya.iyengar24@college.ac.in,AIML,2022,8,6.18,Average,0,False
S04556,Pooja Patil,pooja.patil12@college.ac.in,CSE,2022,8,7.02,Good,0,False
S04557,Vivek Mehta,vivek.mehta15@college.ac.in,AIML,2023,5,6.6,Average,0,False
S04558,Shubham Babu,shubham.babu68@college.ac.in,ECE,2023,6,6.63,Average,0,False
S04559,Ravi Patil,ravi.patil97@college.ac.in,MECH,2025,2,5.96,Average,1,False
S04560,Vivek Ansari,vivek.ansari12@college.ac.in,CSE,2024,4,6.25,Average,0,False
S04561,Pooja Naidu,pooja.naidu40@college.ac.in,MECH,2022,8,6.41,Average,5,False
S04562,Rohit Menon,rohit.menon46@college.ac.in,ECE,2024,3,6.41,Average,0,False
S04563,Lakshmi Krishnan,lakshmi.krishnan17@college.ac.in,AIML,2022,8,6.73,Average,0,False
S04564,Suresh Murugan,suresh.murugan56@college.ac.in,AIML,2024,4,6.06,Average,0,False
S04565,Rukhsar Patel,rukhsar.patel77@college.ac.in,CSE,2024,4,6.9,Average,0,False
S04566,Sonal Shah,sonal.shah15@college.ac.in,ECE,2022,8,6.06,Average,0,False
S04567,Deepak Chetty,deepak.chetty44@college.ac.in,CSE,2024,4,5.87,Average,1,False
S04568,Arun Arumugam,arun.arumugam76@college.ac.in,ECE,2023,6,5.07,At Risk,4,True
S04569,Gaurav Gopalakrishnan,gaurav.gopalakrishnan46@college.ac.in,ECE,2024,4,5.83,Average,5,False
S04570,Nithish Rao,nithish.rao89@college.ac.in,CSE,2023,6,6.38,Average,0,False
S04571,Syed Pandey,syed.pandey69@college.ac.in,CSE,2023,6,7.2,Good,0,False
S04572,Harikrishna Shetty,harikrishna.shetty39@college.ac.in,MECH,2023,6,6.41,Average,0,False
S04573,Rishita Joshi,rishita.joshi48@college.ac.in,MECH,2024,4,7.72,Good,2,False
S04574,Nair Prasad,nair.prasad92@college.ac.in,ECE,2023,6,5.55,Average,3,True
S04575,Prerna Yadav,prerna.yadav14@college.ac.in,AIML,2022,8,6.88,Average,0,False
S04576,Vishnu Natarajan,vishnu.natarajan42@college.ac.in,MECH,2023,6,5.22,At Risk,4,True
S04577,Abhijith Khan,abhijith.khan41@college.ac.in,CSE,2024,4,7.69,Good,3,False
S04578,Nikhil Singh,nikhil.singh12@college.ac.in,ECE,2024,3,6.42,Average,0,False
S04579,Suresh Prasad,suresh.prasad57@college.ac.in,ECE,2025,2,8.26,Good,0,False
S04580,Suresh Velayudhan,suresh.velayudhan95@college.ac.in,MECH,2022,8,6.97,Average,0,False
S04581,Ananya Joshi,ananya.joshi35@college.ac.in,ECE,2024,4,6.4,Average,1,True
S04582,Vignesh Joshi,vignesh.joshi88@college.ac.in,CSE,2023,6,7.19,Good,0,False
S04583,Salman Arumugam,salman.arumugam86@college.ac.in,ECE,2025,2,3.92,At Risk,6,False
S04584,Piyush Rao,piyush.rao49@college.ac.in,MECH,2024,4,5.47,At Risk,3,False
S04585,Riya Pandey,riya.pandey29@college.ac.in,MECH,2023,6,4.96,At Risk,5,True
S04586,Pooja Das,pooja.das18@college.ac.in,CSE,2023,6,6.74,Average,2,False
S04587,Lakshmi Warrier,lakshmi.warrier53@college.ac.in,CSE,2023,6,5.38,At Risk,4,True
S04588,Rishita Pandey,rishita.pandey72@college.ac.in,AIML,2023,6,6.39,Average,0,False
S04589,Babu Mishra,babu.mishra15@college.ac.in,AIML,2022,8,6.91,Average,2,False
S04590,Riya Shah,riya.shah22@college.ac.in,ECE,2022,8,5.93,Average,1,True
S04591,Sreejith Namboothiri,sreejith.namboothiri69@college.ac.in,ECE,2025,2,6.45,Average,2,True
S04592,Saranya Nair,saranya.nair16@college.ac.in,ECE,2025,2,6.2,Average,0,False
S04593,Junaid Mirza,junaid.mirza84@college.ac.in,CSE,2023,6,7.91,Good,0,False
S04594,Ayesha Pillai,ayesha.pillai65@college.ac.in,AIML,2024,3,5.34,At Risk,3,True
S04595,Bilal Dubey,bilal.dubey74@college.ac.in,ECE,2023,6,6.61,Average,0,False
S04596,Athul Patel,athul.patel98@college.ac.in,ECE,2024,4,7.96,Good,0,False
S04597,Adil Dubey,adil.dubey19@college.ac.in,ECE,2024,4,5.28,At Risk,2,False
S04598,Prerna Nair,prerna.nair15@college.ac.in,MECH,2025,2,8.27,Good,0,False
S04599,Arjun Qureshi,arjun.qureshi74@college.ac.in,ECE,2024,4,6.4,Average,0,False
S04600,Ganesh Das,ganesh.das85@college.ac.in,CSE,2024,3,7.63,Good,0,False
S04601,Amal Desai,amal.desai88@college.ac.in,CSE,2022,8,7.44,Good,0,False
S04602,Aditi Iyengar,aditi.iyengar26@college.ac.in,MECH,2025,2,6.58,Average,0,False
S04603,Ankit Kulkarni,ankit.kulkarni86@college.ac.in,CSE,2023,6,7.65,Good,0,False
S04604,Athul Dubey,athul.dubey52@college.ac.in,ECE,2023,6,6.93,Average,0,False
S04605,Ramesh Patil,ramesh.patil76@college.ac.in,MECH,2023,6,5.07,At Risk,5,True
S04606,Anjali Hegde,anjali.hegde29@college.ac.in,CSE,2023,6,5.23,At Risk,3,True
S04607,Kavya Rao,kavya.rao41@college.ac.in,AIML,2025,2,7.79,Good,0,False
S04608,Aman Qureshi,aman.qureshi40@college.ac.in,MECH,2022,8,5.97,Average,2,True
S04609,Dinesh Naidu,dinesh.naidu55@college.ac.in,AIML,2023,5,7.09,Good,0,False
S04610,Varun Hegde,varun.hegde46@college.ac.in,CSE,2024,3,7.25,Good,0,False
S04611,Aditi Prasad,aditi.prasad18@college.ac.in,CSE,2024,4,6.84,Average,0,False
S04612,Syed Sharma,syed.sharma84@college.ac.in,MECH,2025,2,4.57,At Risk,3,True
S04613,Tarun Shetty,tarun.shetty38@college.ac.in,CSE,2025,2,7.82,Good,5,False
S04614,Priya Siddiqui,priya.siddiqui94@college.ac.in,MECH,2025,2,7.49,Good,2,False
S04615,Swathi Gopalakrishnan,swathi.gopalakrishnan86@college.ac.in,ECE,2023,6,5.86,Average,6,False
S04616,Tanvi Yadav,tanvi.yadav18@college.ac.in,CSE,2024,4,7.8,Good,2,False
S04617,Aditi Rajan,aditi.rajan63@college.ac.in,MECH,2022,8,6.6,Average,1,False
S04618,Lakshmi Verma,lakshmi.verma34@college.ac.in,ECE,2024,4,7.86,Good,0,False
S04619,Aman Rajan,aman.rajan45@college.ac.in,MECH,2025,2,7.88,Good,0,False
S04620,Vikram Venkataraman,vikram.venkataraman51@college.ac.in,CSE,2022,8,7.24,Good,3,False
S04621,Zainab Gupta,zainab.gupta41@college.ac.in,ECE,2023,6,6.85,Average,0,False
S04622,Gaurav Verma,gaurav.verma55@college.ac.in,AIML,2023,6,6.29,Average,0,False
S04623,Athul Malik,athul.malik41@college.ac.in,ECE,2025,2,7.94,Good,0,False
S04624,Deepak Hegde,deepak.hegde25@college.ac.in,AIML,2023,6,7.04,Good,0,False
S04625,Deepak Arumugam,deepak.arumugam42@college.ac.in,AIML,2024,3,5.73,Average,3,True
S04626,Aditi Desai,aditi.desai22@college.ac.in,CSE,2025,2,7.71,Good,0,False
S04627,Arjun Gupta,arjun.gupta82@college.ac.in,ECE,2022,8,7.06,Good,0,False
S04628,Varun Patel,varun.patel31@college.ac.in,AIML,2025,2,4.85,At Risk,4,True
S04629,Bilal Gopalakrishnan,bilal.gopalakrishnan10@college.ac.in,ECE,2023,5,8.09,Good,0,False
S04630,Nisha Velayudhan,nisha.velayudhan69@college.ac.in,ECE,2022,8,5.09,At Risk,3,True
S04631,Deepak Chauhan,deepak.chauhan18@college.ac.in,ECE,2024,4,6.58,Average,0,False
S04632,Irfan Rao,irfan.rao30@college.ac.in,MECH,2023,6,7.07,Good,0,False
S04633,Ajith Das,ajith.das30@college.ac.in,AIML,2024,3,7.76,Good,0,False
S04634,Vijay Shetty,vijay.shetty24@college.ac.in,MECH,2025,2,5.0,At Risk,5,True
S04635,Vikram Pandey,vikram.pandey56@college.ac.in,CSE,2024,4,7.79,Good,0,False
S04636,Hiba Iyengar,hiba.iyengar24@college.ac.in,ECE,2022,8,5.83,Average,4,False
S04637,Shubham Singh,shubham.singh65@college.ac.in,ECE,2024,4,5.53,Average,3,False
S04638,Keerthi Natarajan,keerthi.natarajan20@college.ac.in,AIML,2023,6,4.57,At Risk,2,False
S04639,Keerthi Chandrasekaran,keerthi.chandrasekaran42@college.ac.in,MECH,2023,6,7.27,Good,0,False
S04640,Pooja Menon,pooja.menon71@college.ac.in,CSE,2024,4,7.9,Good,0,False
S04641,Pooja Das,pooja.das25@college.ac.in,AIML,2025,2,5.35,At Risk,4,False
S04642,Saranya Desai,saranya.desai17@college.ac.in,CSE,2022,8,8.31,Good,0,False
S04643,Riya Sheikh,riya.sheikh94@college.ac.in,ECE,2022,8,7.24,Good,0,False
S04644,Shahid Pandey,shahid.pandey86@college.ac.in,ECE,2024,4,5.83,Average,2,False
S04645,Imran Iyengar,imran.iyengar77@college.ac.in,ECE,2023,6,7.38,Good,0,False
S04646,Nisha Chandrasekaran,nisha.chandrasekaran16@college.ac.in,ECE,2023,6,6.43,Average,0,False
S04647,Anjali Velayudhan,anjali.velayudhan36@college.ac.in,CSE,2025,2,7.48,Good,0,False
S04648,Rizwan Verma,rizwan.verma62@college.ac.in,CSE,2022,8,7.97,Good,0,False
S04649,Deepak Chandrasekaran,deepak.chandrasekaran42@college.ac.in,AIML,2024,4,8.3,Good,0,False
S04650,Vishnu Reddy,vishnu.reddy95@college.ac.in,ECE,2024,4,6.65,Average,0,False
S04651,Nithish Patel,nithish.patel89@college.ac.in,AIML,2022,8,7.28,Good,0,False
S04652,Rajan Kulkarni,rajan.kulkarni86@college.ac.in,AIML,2025,2,7.36,Good,4,False
S04653,Rishita Namboothiri,rishita.namboothiri84@college.ac.in,AIML,2024,4,7.89,Good,0,False
S04654,Faisal Kulkarni,faisal.kulkarni77@college.ac.in,MECH,2024,3,7.31,Good,0,False
S04655,Praveen Malik,praveen.malik78@college.ac.in,CSE,2024,3,5.53,Average,3,True
S04656,Prerna Arumugam,prerna.arumugam57@college.ac.in,ECE,2023,6,5.76,Average,3,False
S04657,Pillai Rajan,pillai.rajan56@college.ac.in,AIML,2024,4,6.29,Average,3,True
S04658,Ankit Shetty,ankit.shetty95@college.ac.in,AIML,2022,8,7.28,Good,0,False
S04659,Madhan Sharma,madhan.sharma23@college.ac.in,MECH,2025,2,5.64,Average,1,True
S04660,Sana Rajan,sana.rajan18@college.ac.in,AIML,2023,6,5.65,Average,1,True
S04661,Sreejith Singh,sreejith.singh24@college.ac.in,AIML,2023,6,7.05,Good,0,False
S04662,Junaid Das,junaid.das19@college.ac.in,MECH,2022,8,4.17,At Risk,5,True
S04663,Fatima Malik,fatima.malik37@college.ac.in,ECE,2024,4,4.6,At Risk,2,True
S04664,Swati Rao,swati.rao10@college.ac.in,CSE,2023,6,7.92,Good,0,False
S04665,Kritika Warrier,kritika.warrier13@college.ac.in,CSE,2024,4,4.93,At Risk,5,False
S04666,Hiba Iyer,hiba.iyer11@college.ac.in,MECH,2025,2,7.28,Good,0,False
S04667,Tarun Varma,tarun.varma95@college.ac.in,ECE,2025,2,6.17,Average,2,True
S04668,Avinash Hegde,avinash.hegde99@college.ac.in,CSE,2024,4,5.3,At Risk,6,True
S04669,Ayesha Chandrasekaran,ayesha.chandrasekaran66@college.ac.in,CSE,2023,5,6.71,Average,2,False
S04670,Adil Shetty,adil.shetty42@college.ac.in,CSE,2023,6,6.86,Average,0,False
S04671,Naveen Pillai,naveen.pillai169@college.ac.in,AIML,2024,4,7.73,Good,0,False
S04672,Fatima Gopalakrishnan,fatima.gopalakrishnan59@college.ac.in,MECH,2025,2,5.12,At Risk,2,False
S04673,Rizwan Subramaniam,rizwan.subramaniam18@college.ac.in,AIML,2022,8,8.0,Good,0,False
S04674,Ramesh Mehta,ramesh.mehta23@college.ac.in,CSE,2022,8,7.21,Good,0,False
S04675,Amina Sheikh,amina.sheikh53@college.ac.in,MECH,2023,6,6.46,Average,0,False
S04676,Tanvi Yadav,tanvi.yadav58@college.ac.in,AIML,2022,8,7.25,Good,0,False
S04677,Ramesh Singh,ramesh.singh37@college.ac.in,AIML,2022,8,7.14,Good,0,False
S04678,Logesh Murthy,logesh.murthy19@college.ac.in,ECE,2022,8,7.12,Good,0,False
S04679,Sanjay Mirza,sanjay.mirza78@college.ac.in,CSE,2022,8,6.81,Average,0,False
S04680,Mohammed Qureshi,mohammed.qureshi41@college.ac.in,AIML,2025,2,6.01,Average,3,False
S04681,Aamir Desai,aamir.desai10@college.ac.in,CSE,2022,8,7.56,Good,0,False
S04682,Sachin Sheikh,sachin.sheikh35@college.ac.in,ECE,2024,4,6.45,Average,4,True
S04683,Neha Chauhan,neha.chauhan99@college.ac.in,MECH,2023,5,5.77,Average,5,False
S04684,Rajan Dubey,rajan.dubey16@college.ac.in,CSE,2024,4,7.42,Good,3,False
S04685,Dinesh Nambiar,dinesh.nambiar47@college.ac.in,MECH,2025,2,7.26,Good,0,False
S04686,Suresh Rajan,suresh.rajan76@college.ac.in,MECH,2023,6,6.71,Average,4,True
S04687,Sreejith Tiwari,sreejith.tiwari31@college.ac.in,MECH,2023,6,5.34,At Risk,2,True
S04688,Syed Singh,syed.singh41@college.ac.in,CSE,2024,4,7.41,Good,0,False
S04689,Vivek Chauhan,vivek.chauhan45@college.ac.in,CSE,2025,2,3.82,At Risk,3,True
S04690,Salman Shah,salman.shah43@college.ac.in,AIML,2023,6,6.16,Average,0,False
S04691,Meena Namboothiri,meena.namboothiri65@college.ac.in,MECH,2025,2,5.38,At Risk,1,True
S04692,Revathi Das,revathi.das64@college.ac.in,AIML,2025,2,7.12,Good,0,False
S04693,Logesh Gopalakrishnan,logesh.gopalakrishnan99@college.ac.in,ECE,2023,6,6.93,Average,0,False
S04694,Pillai Kamath,pillai.kamath44@college.ac.in,AIML,2022,8,5.53,Average,6,True
S04695,Swathi Reddy,swathi.reddy83@college.ac.in,AIML,2024,4,6.74,Average,4,False
S04696,Ankit Iyengar,ankit.iyengar66@college.ac.in,AIML,2022,8,6.35,Average,0,False
S04697,Saranya Singh,saranya.singh75@college.ac.in,MECH,2022,8,5.88,Average,3,True
S04698,Menon Gupta,menon.gupta54@college.ac.in,CSE,2023,6,7.22,Good,0,False
S04699,Keerthi Arumugam,keerthi.arumugam26@college.ac.in,MECH,2023,6,6.81,Average,0,False
S04700,Ajith Kulkarni,ajith.kulkarni42@college.ac.in,CSE,2024,3,7.02,Good,0,False
S04701,Vijay Karunakaran,vijay.karunakaran20@college.ac.in,ECE,2025,2,5.0,At Risk,6,True
S04702,Rahul Siddiqui,rahul.siddiqui63@college.ac.in,AIML,2022,8,6.29,Average,0,False
S04703,Praveen Subramaniam,praveen.subramaniam54@college.ac.in,AIML,2023,6,6.44,Average,4,True
S04704,Rishita Ansari,rishita.ansari20@college.ac.in,AIML,2022,8,7.98,Good,0,False
S04705,Ramesh Bhat,ramesh.bhat52@college.ac.in,MECH,2023,6,6.77,Average,0,False
S04706,Rizwan Chetty,rizwan.chetty24@college.ac.in,CSE,2024,3,6.79,Average,0,False
S04707,Prerna Iyer,prerna.iyer44@college.ac.in,MECH,2023,6,6.01,Average,4,False
S04708,Ayesha Hegde,ayesha.hegde13@college.ac.in,MECH,2023,6,6.66,Average,0,False
S04709,Naveen Hussain,naveen.hussain28@college.ac.in,ECE,2023,6,7.07,Good,0,False
S04710,Faisal Kamath,faisal.kamath58@college.ac.in,AIML,2025,2,6.71,Average,0,False
S04711,Menon Warrier,menon.warrier97@college.ac.in,ECE,2023,6,6.67,Average,4,False
S04712,Shubham Sharma,shubham.sharma49@college.ac.in,MECH,2023,6,6.0,Average,0,False
S04713,Ankit Subramaniam,ankit.subramaniam81@college.ac.in,MECH,2022,8,6.11,Average,5,True
S04714,Ankita Mishra,ankita.mishra99@college.ac.in,MECH,2024,3,4.91,At Risk,4,True
S04715,Aman Pillai,aman.pillai87@college.ac.in,AIML,2024,3,7.14,Good,0,False
S04716,Pallavi Singh,pallavi.singh54@college.ac.in,AIML,2023,5,7.21,Good,0,False
S04717,Surya Naidu,surya.naidu13@college.ac.in,AIML,2025,2,4.38,At Risk,2,True
S04718,Hiba Namboothiri,hiba.namboothiri31@college.ac.in,ECE,2023,6,5.58,Average,6,True
S04719,Sana Yadav,sana.yadav75@college.ac.in,ECE,2023,6,5.53,Average,1,True
S04720,Rahul Kumar,rahul.kumar60@college.ac.in,ECE,2023,6,5.54,Average,4,True
S04721,Nikhil Kulkarni,nikhil.kulkarni80@college.ac.in,ECE,2025,2,5.82,Average,1,True
S04722,Usman Qureshi,usman.qureshi20@college.ac.in,AIML,2025,2,7.06,Good,1,False
S04723,Saranya Mehta,saranya.mehta45@college.ac.in,MECH,2023,6,6.03,Average,0,False
S04724,Amal Warrier,amal.warrier97@college.ac.in,ECE,2024,4,7.38,Good,0,False
S04725,Amit Sharma,amit.sharma73@college.ac.in,MECH,2024,4,5.05,At Risk,1,True
S04726,Vishnu Hegde,vishnu.hegde81@college.ac.in,MECH,2023,6,4.86,At Risk,6,True
S04727,Ramesh Murthy,ramesh.murthy55@college.ac.in,MECH,2024,4,6.21,Average,0,False
S04728,Sathish Rao,sathish.rao11@college.ac.in,CSE,2023,6,6.81,Average,0,False
S04729,Nadia Prasad,nadia.prasad29@college.ac.in,ECE,2024,3,5.47,At Risk,3,True
S04730,Athul Gupta,athul.gupta16@college.ac.in,CSE,2024,4,4.68,At Risk,6,False
S04731,Varun Chandrasekaran,varun.chandrasekaran38@college.ac.in,MECH,2024,4,6.5,Average,0,False
S04732,Swathi Ansari,swathi.ansari79@college.ac.in,AIML,2023,6,7.34,Good,0,False
S04733,Piyush Chetty,piyush.chetty11@college.ac.in,ECE,2024,4,6.48,Average,5,False
S04734,Syed Shah,syed.shah73@college.ac.in,ECE,2023,6,6.74,Average,0,False
S04735,Avinash Sheikh,avinash.sheikh18@college.ac.in,MECH,2023,6,6.73,Average,0,False
S04736,Arun Velayudhan,arun.velayudhan97@college.ac.in,ECE,2024,4,6.34,Average,0,False
S04737,Sathish Pillai,sathish.pillai99@college.ac.in,CSE,2022,8,7.35,Good,0,False
S04738,Amina Tiwari,amina.tiwari59@college.ac.in,MECH,2022,8,6.43,Average,5,False
S04739,Athul Pillai,athul.pillai10@college.ac.in,ECE,2024,4,6.2,Average,0,False
S04740,Aamir Kulkarni,aamir.kulkarni20@college.ac.in,ECE,2025,2,4.84,At Risk,4,False
S04741,Kavya Yadav,kavya.yadav69@college.ac.in,AIML,2024,3,5.84,Average,0,False
S04742,Naveen Mehta,naveen.mehta13@college.ac.in,MECH,2022,8,6.87,Average,0,False
S04743,Sathish Patil,sathish.patil33@college.ac.in,ECE,2024,4,4.95,At Risk,1,True
S04744,Vignesh Chandrasekaran,vignesh.chandrasekaran60@college.ac.in,MECH,2024,4,5.53,Average,4,True
S04745,Kritika Mishra,kritika.mishra87@college.ac.in,CSE,2022,8,5.65,Average,3,True
S04746,Usman Patil,usman.patil87@college.ac.in,ECE,2024,3,4.74,At Risk,6,True
S04747,Dhanush Desai,dhanush.desai85@college.ac.in,MECH,2023,6,6.15,Average,4,True
S04748,Aditi Singh,aditi.singh21@college.ac.in,AIML,2022,8,6.09,Average,4,True
S04749,Divya Selvam,divya.selvam40@college.ac.in,ECE,2025,2,6.94,Average,0,False
S04750,Rohit Warrier,rohit.warrier67@college.ac.in,CSE,2024,4,6.52,Average,3,True
S04751,Amal Rao,amal.rao25@college.ac.in,AIML,2022,8,7.42,Good,0,False
S04752,Farhan Naidu,farhan.naidu11@college.ac.in,AIML,2022,8,6.15,Average,2,False
S04753,Kavya Kamath,kavya.kamath474@college.ac.in,AIML,2023,6,5.79,Average,5,True
S04754,Shreya Hussain,shreya.hussain19@college.ac.in,MECH,2024,4,5.15,At Risk,1,True
S04755,Aditi Arumugam,aditi.arumugam18@college.ac.in,MECH,2023,6,7.13,Good,0,False
S04756,Ravi Pandey,ravi.pandey17@college.ac.in,AIML,2022,8,6.96,Average,0,False
S04757,Suresh Tiwari,suresh.tiwari41@college.ac.in,MECH,2022,8,5.63,Average,1,False
S04758,Aman Bhat,aman.bhat73@college.ac.in,MECH,2024,4,6.09,Average,0,False
S04759,Tarun Varma,tarun.varma69@college.ac.in,ECE,2024,4,6.25,Average,0,False
S04760,Prerna Joshi,prerna.joshi61@college.ac.in,ECE,2023,6,6.4,Average,5,True
S04761,Naveen Reddy,naveen.reddy11@college.ac.in,ECE,2023,6,5.45,At Risk,3,True
S04762,Vignesh Nair,vignesh.nair52@college.ac.in,ECE,2022,8,6.93,Average,0,False
S04763,Sneha Singh,sneha.singh41@college.ac.in,MECH,2023,6,6.87,Average,0,False
S04764,Saranya Rajan,saranya.rajan64@college.ac.in,AIML,2025,2,5.4,At Risk,3,True
S04765,Neha Pandey,neha.pandey95@college.ac.in,AIML,2023,6,7.1,Good,0,False
S04766,Saranya Warrier,saranya.warrier86@college.ac.in,CSE,2025,2,6.11,Average,6,False
S04767,Amal Rao,amal.rao74@college.ac.in,CSE,2023,6,6.21,Average,0,False
S04768,Aamir Iyer,aamir.iyer80@college.ac.in,ECE,2024,4,5.85,Average,2,True
S04769,Swathi Menon,swathi.menon42@college.ac.in,ECE,2023,5,6.09,Average,6,True
S04770,Sana Iyer,sana.iyer13@college.ac.in,MECH,2023,5,7.02,Good,0,False
S04771,Shubham Arumugam,shubham.arumugam52@college.ac.in,CSE,2024,4,6.75,Average,5,True
S04772,Tanvi Prasad,tanvi.prasad65@college.ac.in,ECE,2025,2,6.31,Average,5,False
S04773,Vishnu Natarajan,vishnu.natarajan35@college.ac.in,CSE,2025,2,6.77,Average,4,True
S04774,Simran Rajan,simran.rajan10@college.ac.in,MECH,2023,6,6.92,Average,0,False
S04775,Amit Krishnan,amit.krishnan86@college.ac.in,ECE,2024,4,5.04,At Risk,4,False
S04776,Suresh Venkataraman,suresh.venkataraman20@college.ac.in,CSE,2024,4,6.8,Average,0,False
S04777,Sathish Hegde,sathish.hegde97@college.ac.in,CSE,2022,8,7.67,Good,0,False
S04778,Akash Natarajan,akash.natarajan58@college.ac.in,MECH,2022,8,5.85,Average,5,True
S04779,Arjun Venkataraman,arjun.venkataraman48@college.ac.in,MECH,2025,2,7.66,Good,0,False
S04780,Aishwarya Qureshi,aishwarya.qureshi19@college.ac.in,MECH,2024,3,6.82,Average,3,False
S04781,Saranya Murthy,saranya.murthy77@college.ac.in,CSE,2024,4,5.1,At Risk,4,True
S04782,Simran Venkataraman,simran.venkataraman46@college.ac.in,CSE,2022,8,7.22,Good,0,False
S04783,Siddharth Shetty,siddharth.shetty10@college.ac.in,MECH,2023,6,6.57,Average,0,False
S04784,Nadia Naidu,nadia.naidu45@college.ac.in,ECE,2024,3,6.72,Average,3,False
S04785,Neha Patil,neha.patil78@college.ac.in,ECE,2022,8,6.59,Average,2,False
S04786,Usman Shetty,usman.shetty99@college.ac.in,CSE,2024,3,7.51,Good,0,False
S04787,Tanvi Naidu,tanvi.naidu82@college.ac.in,ECE,2024,4,7.45,Good,0,False
S04788,Arjun Kumar,arjun.kumar52@college.ac.in,AIML,2025,2,7.75,Good,0,False
S04789,Irfan Selvam,irfan.selvam65@college.ac.in,ECE,2025,2,6.33,Average,5,True
S04790,Vishnu Rajan,vishnu.rajan44@college.ac.in,ECE,2025,2,8.31,Good,0,False
S04791,Deepak Dubey,deepak.dubey24@college.ac.in,CSE,2023,6,5.88,Average,2,False
S04792,Sonal Verma,sonal.verma35@college.ac.in,MECH,2024,4,5.56,Average,1,True
S04793,Madhan Yadav,madhan.yadav66@college.ac.in,AIML,2022,8,7.02,Good,0,False
S04794,Tanvi Chetty,tanvi.chetty58@college.ac.in,ECE,2022,8,6.67,Average,0,False
S04795,Aishwarya Prasad,aishwarya.prasad16@college.ac.in,CSE,2025,2,8.13,Good,0,False
S04796,Pallavi Hegde,pallavi.hegde67@college.ac.in,MECH,2023,6,6.07,Average,0,False
S04797,Rahul Nair,rahul.nair68@college.ac.in,ECE,2025,2,5.67,Average,4,False
S04798,Shubham Karunakaran,shubham.karunakaran51@college.ac.in,MECH,2024,4,6.38,Average,3,False
S04799,Suresh Chetty,suresh.chetty58@college.ac.in,AIML,2023,6,6.59,Average,0,False
S04800,Swati Krishnan,swati.krishnan95@college.ac.in,AIML,2023,6,7.04,Good,1,False
S04801,Rizwan Subramaniam,rizwan.subramaniam80@college.ac.in,MECH,2023,6,5.8,Average,3,True
S04802,Abhijith Mehta,abhijith.mehta40@college.ac.in,AIML,2024,4,7.59,Good,0,False
S04803,Piyush Chandrasekaran,piyush.chandrasekaran60@college.ac.in,ECE,2024,4,5.44,At Risk,4,False
S04804,Amina Murthy,amina.murthy63@college.ac.in,ECE,2023,6,5.3,At Risk,5,True
S04805,Logesh Venkataraman,logesh.venkataraman52@college.ac.in,MECH,2024,3,5.85,Average,4,True
S04806,Farhan Patil,farhan.patil28@college.ac.in,AIML,2023,6,5.56,Average,5,False
S04807,Ramya Iyer,ramya.iyer53@college.ac.in,MECH,2022,8,6.99,Average,0,False
S04808,Adil Shetty,adil.shetty99@college.ac.in,CSE,2023,6,6.29,Average,2,False
S04809,Aamir Tiwari,aamir.tiwari43@college.ac.in,MECH,2024,4,6.29,Average,5,False
S04810,Nithish Gopalakrishnan,nithish.gopalakrishnan95@college.ac.in,CSE,2022,8,7.43,Good,0,False
S04811,Aishwarya Kulkarni,aishwarya.kulkarni23@college.ac.in,AIML,2025,2,5.76,Average,5,False
S04812,Hiba Venkataraman,hiba.venkataraman64@college.ac.in,AIML,2023,6,7.19,Good,0,False
S04813,Revathi Karunakaran,revathi.karunakaran34@college.ac.in,MECH,2025,2,5.53,Average,1,True
S04814,Asif Rajan,asif.rajan45@college.ac.in,ECE,2023,6,7.35,Good,0,False
S04815,Nithya Desai,nithya.desai44@college.ac.in,MECH,2024,3,5.35,At Risk,6,True
S04816,Rishita Natarajan,rishita.natarajan62@college.ac.in,AIML,2024,4,6.64,Average,0,False
S04817,Athul Chetty,athul.chetty38@college.ac.in,CSE,2025,2,6.06,Average,3,False
S04818,Simran Rao,simran.rao40@college.ac.in,CSE,2024,4,6.58,Average,5,False
S04819,Ganesh Hegde,ganesh.hegde77@college.ac.in,MECH,2025,2,6.04,Average,3,True
S04820,Prerna Siddiqui,prerna.siddiqui25@college.ac.in,CSE,2023,6,5.72,Average,2,False
S04821,Hiba Venkataraman,hiba.venkataraman49@college.ac.in,AIML,2023,6,5.15,At Risk,2,True
S04822,Vishnu Babu,vishnu.babu22@college.ac.in,MECH,2023,6,5.28,At Risk,4,True
S04823,Nair Sheikh,nair.sheikh64@college.ac.in,CSE,2025,2,8.62,Excellent,0,False
S04824,Rukhsar Gupta,rukhsar.gupta28@college.ac.in,AIML,2024,4,6.73,Average,0,False
S04825,Rajan Naidu,rajan.naidu51@college.ac.in,CSE,2022,8,5.76,Average,6,True
S04826,Priya Desai,priya.desai70@college.ac.in,ECE,2024,4,7.9,Good,0,False
S04827,Muralidhar Hegde,muralidhar.hegde82@college.ac.in,ECE,2022,8,5.66,Average,5,False
S04828,Kavya Kamath,kavya.kamath44@college.ac.in,AIML,2023,5,6.46,Average,0,False
S04829,Nikhil Rao,nikhil.rao29@college.ac.in,ECE,2022,8,6.47,Average,3,False
S04830,Faisal Namboothiri,faisal.namboothiri14@college.ac.in,CSE,2024,3,6.09,Average,4,False
S04831,Shahid Rao,shahid.rao11@college.ac.in,CSE,2024,4,5.46,At Risk,4,True
S04832,Nadia Selvam,nadia.selvam32@college.ac.in,AIML,2024,4,6.93,Average,0,False
S04833,Harish Varma,harish.varma17@college.ac.in,CSE,2024,4,5.95,Average,6,True
S04834,Aishwarya Sheikh,aishwarya.sheikh30@college.ac.in,MECH,2022,8,6.22,Average,0,False
S04835,Sana Siddiqui,sana.siddiqui27@college.ac.in,MECH,2025,2,5.9,Average,4,False
S04836,Nadia Chauhan,nadia.chauhan33@college.ac.in,AIML,2025,2,7.25,Good,0,False
S04837,Akash Ansari,akash.ansari14@college.ac.in,CSE,2025,2,7.43,Good,0,False
S04838,Shubham Patil,shubham.patil24@college.ac.in,CSE,2023,6,6.73,Average,0,False
S04839,Madhan Velayudhan,madhan.velayudhan77@college.ac.in,AIML,2025,2,4.9,At Risk,1,True
S04840,Vishnu Shetty,vishnu.shetty35@college.ac.in,MECH,2024,4,6.94,Average,0,False
S04841,Aditi Rao,aditi.rao33@college.ac.in,AIML,2023,6,7.77,Good,0,False
S04842,Swati Hussain,swati.hussain66@college.ac.in,AIML,2025,2,6.42,Average,4,True
S04843,Ramesh Bhat,ramesh.bhat59@college.ac.in,CSE,2022,8,7.04,Good,0,False
S04844,Menon Venkataraman,menon.venkataraman89@college.ac.in,CSE,2024,4,6.03,Average,4,True
S04845,Vishnu Rao,vishnu.rao37@college.ac.in,AIML,2022,8,5.4,At Risk,2,True
S04846,Akash Dubey,akash.dubey63@college.ac.in,ECE,2022,8,5.49,At Risk,2,True
S04847,Shubham Murugan,shubham.murugan41@college.ac.in,CSE,2024,3,7.18,Good,0,False
S04848,Harish Sharma,harish.sharma35@college.ac.in,CSE,2025,2,6.36,Average,0,False
S04849,Athul Natarajan,athul.natarajan21@college.ac.in,MECH,2022,8,7.29,Good,0,False
S04850,Arjun Kumar,arjun.kumar81@college.ac.in,CSE,2025,2,7.17,Good,3,False
S04851,Rizwan Chetty,rizwan.chetty28@college.ac.in,CSE,2024,4,7.93,Good,0,False
S04852,Menon Verma,menon.verma87@college.ac.in,AIML,2024,4,5.61,Average,3,True
S04853,Salman Pandey,salman.pandey63@college.ac.in,AIML,2023,5,7.51,Good,0,False
S04854,Rajesh Bhat,rajesh.bhat59@college.ac.in,MECH,2023,5,6.45,Average,0,False
S04855,Riya Namboothiri,riya.namboothiri55@college.ac.in,MECH,2025,2,5.54,Average,3,True
S04856,Karthik Prasad,karthik.prasad42@college.ac.in,CSE,2025,2,7.52,Good,0,False
S04857,Swathi Warrier,swathi.warrier88@college.ac.in,MECH,2022,8,6.96,Average,0,False
S04858,Usman Karunakaran,usman.karunakaran80@college.ac.in,AIML,2023,5,6.47,Average,0,False
S04859,Junaid Desai,junaid.desai41@college.ac.in,ECE,2022,8,5.86,Average,1,True
S04860,Salman Murthy,salman.murthy87@college.ac.in,MECH,2023,6,6.81,Average,0,False
S04861,Anjali Varma,anjali.varma14@college.ac.in,MECH,2023,6,6.43,Average,0,False
S04862,Pallavi Warrier,pallavi.warrier72@college.ac.in,CSE,2024,3,5.42,At Risk,5,True
S04863,Irfan Namboothiri,irfan.namboothiri97@college.ac.in,CSE,2024,4,7.44,Good,1,False
S04864,Pooja Kumar,pooja.kumar12@college.ac.in,CSE,2022,8,7.05,Good,0,False
S04865,Amina Gopalakrishnan,amina.gopalakrishnan52@college.ac.in,CSE,2022,8,8.52,Excellent,0,False
S04866,Ramesh Joshi,ramesh.joshi94@college.ac.in,MECH,2024,4,6.77,Average,3,False
S04867,Swathi Shetty,swathi.shetty11@college.ac.in,MECH,2024,4,6.38,Average,0,False
S04868,Faisal Chauhan,faisal.chauhan77@college.ac.in,CSE,2024,4,8.3,Good,0,False
S04869,Siddharth Singh,siddharth.singh16@college.ac.in,CSE,2024,4,5.18,At Risk,3,True
S04870,Asif Prasad,asif.prasad39@college.ac.in,CSE,2022,8,7.02,Good,0,False
S04871,Hiba Nair,hiba.nair31@college.ac.in,ECE,2024,4,7.57,Good,0,False
S04872,Tanvi Pillai,tanvi.pillai89@college.ac.in,ECE,2023,5,5.34,At Risk,1,True
S04873,Vijay Hussain,vijay.hussain99@college.ac.in,MECH,2025,2,5.69,Average,3,True
S04874,Ramya Nair,ramya.nair23@college.ac.in,ECE,2025,2,6.84,Average,0,False
S04875,Ankit Hegde,ankit.hegde59@college.ac.in,MECH,2023,6,5.94,Average,4,True
S04876,Zainab Arumugam,zainab.arumugam94@college.ac.in,ECE,2023,6,6.97,Average,0,False
S04877,Swathi Gupta,swathi.gupta55@college.ac.in,AIML,2024,4,5.65,Average,3,True
S04878,Aishwarya Arumugam,aishwarya.arumugam35@college.ac.in,CSE,2024,4,8.01,Good,5,False
S04879,Prerna Yadav,prerna.yadav25@college.ac.in,MECH,2023,6,7.85,Good,4,False
S04880,Asif Rajan,asif.rajan91@college.ac.in,AIML,2022,8,7.02,Good,0,False
S04881,Rukhsar Yadav,rukhsar.yadav85@college.ac.in,MECH,2023,6,6.5,Average,0,False
S04882,Akash Iyengar,akash.iyengar79@college.ac.in,MECH,2024,4,4.45,At Risk,5,True
S04883,Logesh Verma,logesh.verma82@college.ac.in,ECE,2023,6,6.23,Average,5,False
S04884,Rishita Velayudhan,rishita.velayudhan95@college.ac.in,CSE,2024,4,5.43,At Risk,3,True
S04885,Ajith Prasad,ajith.prasad27@college.ac.in,CSE,2024,3,6.91,Average,0,False
S04886,Akash Verma,akash.verma53@college.ac.in,ECE,2023,5,7.65,Good,0,False
S04887,Nair Warrier,nair.warrier54@college.ac.in,ECE,2022,8,5.73,Average,1,True
S04888,Aamir Reddy,aamir.reddy85@college.ac.in,CSE,2023,6,8.0,Good,0,False
S04889,Sanjay Rao,sanjay.rao70@college.ac.in,CSE,2023,6,7.94,Good,0,False
S04890,Bilal Menon,bilal.menon25@college.ac.in,ECE,2022,8,6.85,Average,0,False
S04891,Arjun Murthy,arjun.murthy61@college.ac.in,MECH,2024,3,7.24,Good,0,False
S04892,Menon Varma,menon.varma98@college.ac.in,ECE,2023,6,6.76,Average,2,False
S04893,Zainab Iyengar,zainab.iyengar80@college.ac.in,ECE,2025,2,7.79,Good,0,False
S04894,Tarun Bhat,tarun.bhat18@college.ac.in,CSE,2022,8,7.1,Good,0,False
S04895,Sanjay Dubey,sanjay.dubey11@college.ac.in,CSE,2024,4,6.57,Average,4,False
S04896,Ajith Venkataraman,ajith.venkataraman64@college.ac.in,CSE,2024,4,7.47,Good,0,False
S04897,Shreya Hegde,shreya.hegde80@college.ac.in,CSE,2022,8,5.54,Average,6,True
S04898,Surya Karunakaran,surya.karunakaran18@college.ac.in,AIML,2024,3,5.55,Average,3,True
S04899,Gaurav Karunakaran,gaurav.karunakaran61@college.ac.in,ECE,2022,8,7.57,Good,0,False
S04900,Ayesha Natarajan,ayesha.natarajan92@college.ac.in,ECE,2023,6,5.82,Average,1,True
S04901,Ananya Das,ananya.das28@college.ac.in,CSE,2022,8,8.0,Good,0,False
S04902,Deepak Menon,deepak.menon69@college.ac.in,AIML,2024,4,7.53,Good,0,False
S04903,Salman Nambiar,salman.nambiar20@college.ac.in,AIML,2023,6,6.67,Average,0,False
S04904,Harikrishna Mishra,harikrishna.mishra96@college.ac.in,ECE,2023,6,6.08,Average,0,False
S04905,Aman Shetty,aman.shetty53@college.ac.in,AIML,2023,6,6.58,Average,0,False
S04906,Nikhil Murthy,nikhil.murthy73@college.ac.in,CSE,2023,5,7.98,Good,0,False
S04907,Prithviraj Varma,prithviraj.varma15@college.ac.in,ECE,2023,6,6.47,Average,0,False
S04908,Keerthi Selvam,keerthi.selvam73@college.ac.in,MECH,2024,4,7.09,Good,0,False
S04909,Ananya Reddy,ananya.reddy17@college.ac.in,ECE,2025,2,6.43,Average,2,False
S04910,Akash Shetty,akash.shetty52@college.ac.in,CSE,2024,4,7.11,Good,0,False
S04911,Revathi Gopalakrishnan,revathi.gopalakrishnan86@college.ac.in,CSE,2022,8,7.52,Good,0,False
S04912,Rizwan Prasad,rizwan.prasad46@college.ac.in,MECH,2024,4,5.99,Average,3,True
S04913,Fatima Das,fatima.das54@college.ac.in,MECH,2025,2,7.24,Good,0,False
S04914,Logesh Murthy,logesh.murthy30@college.ac.in,AIML,2022,8,7.62,Good,0,False
S04915,Vignesh Naidu,vignesh.naidu53@college.ac.in,AIML,2025,2,5.68,Average,3,True
S04916,Usman Murthy,usman.murthy57@college.ac.in,ECE,2022,8,6.81,Average,1,False
S04917,Hiba Hegde,hiba.hegde35@college.ac.in,ECE,2022,8,6.77,Average,0,False
S04918,Arjun Velayudhan,arjun.velayudhan89@college.ac.in,AIML,2024,4,7.23,Good,0,False
S04919,Pallavi Shetty,pallavi.shetty34@college.ac.in,AIML,2024,4,6.74,Average,0,False
S04920,Keerthi Desai,keerthi.desai92@college.ac.in,AIML,2023,6,7.2,Good,0,False
S04921,Sneha Rao,sneha.rao77@college.ac.in,CSE,2022,8,6.42,Average,2,True
S04922,Irfan Siddiqui,irfan.siddiqui75@college.ac.in,CSE,2024,4,7.11,Good,0,False
S04923,Shahid Reddy,shahid.reddy73@college.ac.in,CSE,2024,3,5.62,Average,5,True
S04924,Vikram Gupta,vikram.gupta25@college.ac.in,AIML,2023,6,6.46,Average,2,True
S04925,Farhan Nair,farhan.nair23@college.ac.in,MECH,2023,6,5.53,Average,5,True
S04926,Ajith Desai,ajith.desai40@college.ac.in,MECH,2025,2,7.79,Good,0,False
S04927,Faisal Hussain,faisal.hussain65@college.ac.in,AIML,2024,4,5.77,Average,6,False
S04928,Varun Velayudhan,varun.velayudhan74@college.ac.in,ECE,2023,5,5.49,At Risk,5,True
S04929,Divya Khan,divya.khan90@college.ac.in,ECE,2024,3,4.85,At Risk,2,True
S04930,Sneha Shetty,sneha.shetty80@college.ac.in,MECH,2022,8,5.72,Average,5,True
S04931,Nair Velayudhan,nair.velayudhan44@college.ac.in,CSE,2023,5,6.34,Average,3,True
S04932,Sonal Naidu,sonal.naidu19@college.ac.in,ECE,2024,4,7.75,Good,0,False
S04933,Menon Bhat,menon.bhat52@college.ac.in,MECH,2023,6,5.91,Average,5,True
S04934,Asif Shah,asif.shah28@college.ac.in,MECH,2023,6,6.92,Average,0,False
S04935,Aman Iyengar,aman.iyengar38@college.ac.in,AIML,2022,8,5.44,At Risk,4,False
S04936,Logesh Kulkarni,logesh.kulkarni67@college.ac.in,ECE,2022,8,6.44,Average,3,True
S04937,Vikram Mirza,vikram.mirza85@college.ac.in,AIML,2025,2,7.05,Good,0,False
S04938,Rohit Hussain,rohit.hussain94@college.ac.in,CSE,2024,4,6.38,Average,3,True
S04939,Adil Subramaniam,adil.subramaniam72@college.ac.in,CSE,2023,6,6.38,Average,3,True
S04940,Vignesh Hegde,vignesh.hegde96@college.ac.in,MECH,2022,8,6.58,Average,0,False
S04941,Adil Verma,adil.verma65@college.ac.in,CSE,2023,6,6.9,Average,0,False
S04942,Krishnan Murugan,krishnan.murugan22@college.ac.in,MECH,2024,3,7.14,Good,0,False
S04943,Pooja Shah,pooja.shah90@college.ac.in,MECH,2023,6,6.71,Average,0,False
S04944,Salman Mishra,salman.mishra34@college.ac.in,CSE,2024,4,6.57,Average,2,True
S04945,Shreya Dubey,shreya.dubey36@college.ac.in,MECH,2023,6,5.94,Average,3,False
S04946,Arun Yadav,arun.yadav66@college.ac.in,MECH,2023,6,6.33,Average,0,False
S04947,Athul Kamath,athul.kamath70@college.ac.in,ECE,2023,6,7.07,Good,0,False
S04948,Fatima Kamath,fatima.kamath66@college.ac.in,MECH,2023,6,5.82,Average,1,True
S04949,Varun Nair,varun.nair95@college.ac.in,CSE,2022,8,7.44,Good,0,False
S04950,Naveen Subramaniam,naveen.subramaniam78@college.ac.in,CSE,2023,6,6.28,Average,5,True
S04951,Ajith Mirza,ajith.mirza84@college.ac.in,AIML,2023,5,5.8,Average,5,True
S04952,Prerna Naidu,prerna.naidu13@college.ac.in,CSE,2023,6,7.8,Good,0,False
S04953,Imran Joshi,imran.joshi79@college.ac.in,AIML,2024,4,6.64,Average,0,False
S04954,Madhan Rajan,madhan.rajan17@college.ac.in,ECE,2022,8,5.53,Average,2,True
S04955,Gaurav Namboothiri,gaurav.namboothiri52@college.ac.in,ECE,2024,4,6.39,Average,0,False
S04956,Neha Ansari,neha.ansari92@college.ac.in,CSE,2023,6,6.38,Average,5,True
S04957,Asif Mishra,asif.mishra93@college.ac.in,MECH,2024,4,4.68,At Risk,2,True
S04958,Shreya Warrier,shreya.warrier42@college.ac.in,MECH,2022,8,4.9,At Risk,4,False
S04959,Neha Patel,neha.patel16@college.ac.in,ECE,2024,4,5.51,Average,1,False
S04960,Manoj Iyer,manoj.iyer49@college.ac.in,AIML,2023,6,8.1,Good,0,False
S04961,Mohammed Velayudhan,mohammed.velayudhan55@college.ac.in,ECE,2023,6,4.98,At Risk,2,False
S04962,Surya Krishnan,surya.krishnan11@college.ac.in,AIML,2025,2,7.12,Good,0,False
S04963,Harikrishna Nambiar,harikrishna.nambiar77@college.ac.in,ECE,2023,5,6.32,Average,0,False
S04964,Arjun Singh,arjun.singh77@college.ac.in,CSE,2024,4,6.71,Average,0,False
S04965,Amal Sharma,amal.sharma61@college.ac.in,ECE,2025,2,5.9,Average,4,True
S04966,Amal Prasad,amal.prasad99@college.ac.in,MECH,2024,4,6.59,Average,0,False
S04967,Fatima Dubey,fatima.dubey85@college.ac.in,AIML,2025,2,6.22,Average,5,True
S04968,Usman Tiwari,usman.tiwari16@college.ac.in,CSE,2023,6,5.85,Average,3,False
S04969,Sreejith Yadav,sreejith.yadav28@college.ac.in,ECE,2024,4,7.04,Good,0,False
S04970,Swathi Siddiqui,swathi.siddiqui43@college.ac.in,CSE,2025,2,7.28,Good,1,False
S04971,Dinesh Babu,dinesh.babu84@college.ac.in,ECE,2023,5,7.44,Good,0,False
S04972,Lakshmi Arumugam,lakshmi.arumugam41@college.ac.in,MECH,2025,2,6.54,Average,1,True
S04973,Logesh Selvam,logesh.selvam33@college.ac.in,AIML,2023,5,6.47,Average,2,False
S04974,Jithin Venkataraman,jithin.venkataraman52@college.ac.in,ECE,2023,6,6.8,Average,0,False
S04975,Rishita Nair,rishita.nair31@college.ac.in,AIML,2024,4,6.43,Average,1,False
S04976,Harish Shah,harish.shah21@college.ac.in,CSE,2024,4,6.65,Average,0,False
S04977,Muralidhar Rao,muralidhar.rao35@college.ac.in,MECH,2023,6,5.78,Average,3,False
S04978,Logesh Reddy,logesh.reddy21@college.ac.in,CSE,2025,2,8.25,Good,0,False
S04979,Ramya Rajan,ramya.rajan72@college.ac.in,AIML,2023,5,6.4,Average,0,False
S04980,Lakshmi Shah,lakshmi.shah79@college.ac.in,CSE,2023,5,6.8,Average,0,False
S04981,Deepak Das,deepak.das204@college.ac.in,MECH,2023,6,6.66,Average,0,False
S04982,Nithish Babu,nithish.babu90@college.ac.in,CSE,2022,8,8.6,Excellent,0,False
S04983,Mohammed Tiwari,mohammed.tiwari51@college.ac.in,AIML,2025,2,7.53,Good,0,False
S04984,Rizwan Malik,rizwan.malik67@college.ac.in,CSE,2025,2,5.51,Average,2,True
S04985,Ayesha Qureshi,ayesha.qureshi81@college.ac.in,MECH,2025,2,5.62,Average,2,False
S04986,Sonal Nambiar,sonal.nambiar74@college.ac.in,ECE,2025,2,6.7,Average,2,False
S04987,Sachin Gopalakrishnan,sachin.gopalakrishnan84@college.ac.in,CSE,2023,6,6.7,Average,0,False
S04988,Nithya Warrier,nithya.warrier99@college.ac.in,CSE,2025,2,6.98,Average,0,False
S04989,Swathi Khan,swathi.khan44@college.ac.in,ECE,2023,6,5.74,Average,2,False
S04990,Naveen Patil,naveen.patil94@college.ac.in,AIML,2024,4,4.82,At Risk,3,True
S04991,Babu Hussain,babu.hussain52@college.ac.in,ECE,2024,4,6.84,Average,0,False
S04992,Fatima Selvam,fatima.selvam23@college.ac.in,CSE,2025,2,8.53,Excellent,0,False
S04993,Prithviraj Ansari,prithviraj.ansari86@college.ac.in,CSE,2023,6,6.44,Average,0,False
S04994,Rahul Prasad,rahul.prasad47@college.ac.in,CSE,2022,8,6.57,Average,5,False
S04995,Rizwan Mirza,rizwan.mirza38@college.ac.in,MECH,2024,4,5.5,Average,4,False
S04996,Logesh Pillai,logesh.pillai34@college.ac.in,AIML,2024,4,6.73,Average,0,False
S04997,Nisha Chetty,nisha.chetty32@college.ac.in,AIML,2025,2,6.02,Average,5,False
S04998,Prerna Menon,prerna.menon42@college.ac.in,CSE,2022,8,7.45,Good,0,False
S04999,Shreya Siddiqui,shreya.siddiqui27@college.ac.in,AIML,2022,8,6.3,Average,4,False
S05000,Mansi Chetty,mansi.chetty55@college.ac.in,AIML,2023,6,6.62,Average,1,False
S05001,Ajith Varma,ajith.varma99@college.ac.in,CSE,2023,6,7.99,Good,0,False
S05002,Riya Subramaniam,riya.subramaniam15@college.ac.in,AIML,2024,3,6.83,Average,0,False
S05003,Keerthi Subramaniam,keerthi.subramaniam57@college.ac.in,AIML,2024,4,6.98,Average,1,False
S05004,Sneha Subramaniam,sneha.subramaniam38@college.ac.in,AIML,2024,4,7.44,Good,0,False
S05005,Nisha Khan,nisha.khan50@college.ac.in,CSE,2024,4,6.07,Average,3,False
S05006,Arun Chandrasekaran,arun.chandrasekaran41@college.ac.in,ECE,2022,8,7.54,Good,0,False
S05007,Nisha Varma,nisha.varma64@college.ac.in,CSE,2023,6,7.21,Good,0,False
S05008,Aamir Kulkarni,aamir.kulkarni61@college.ac.in,CSE,2024,4,8.04,Good,0,False
S05009,Riya Das,riya.das91@college.ac.in,MECH,2024,3,6.94,Average,0,False
S05010,Nisha Patel,nisha.patel73@college.ac.in,AIML,2024,3,7.34,Good,0,False
S05011,Shreya Chauhan,shreya.chauhan51@college.ac.in,CSE,2022,8,8.0,Good,0,False
S05012,Pallavi Pandey,pallavi.pandey24@college.ac.in,CSE,2023,5,7.3,Good,0,False
S05013,Arjun Malik,arjun.malik21@college.ac.in,ECE,2023,5,7.09,Good,0,False
S05014,Mansi Verma,mansi.verma98@college.ac.in,MECH,2023,6,5.84,Average,5,True
S05015,Arun Venkataraman,arun.venkataraman38@college.ac.in,AIML,2023,5,6.29,Average,0,False
S05016,Saranya Mirza,saranya.mirza57@college.ac.in,MECH,2024,4,6.84,Average,3,False
S05017,Harikrishna Hegde,harikrishna.hegde92@college.ac.in,ECE,2022,8,5.95,Average,2,False
S05018,Ramya Gupta,ramya.gupta34@college.ac.in,AIML,2024,4,6.06,Average,1,False
S05019,Sneha Nair,sneha.nair34@college.ac.in,CSE,2025,2,6.57,Average,0,False
S05020,Zainab Natarajan,zainab.natarajan32@college.ac.in,CSE,2024,4,5.4,At Risk,3,False
S05021,Saranya Menon,saranya.menon23@college.ac.in,MECH,2022,8,7.16,Good,0,False
S05022,Aamir Babu,aamir.babu86@college.ac.in,MECH,2022,8,5.6,Average,6,True
S05023,Salman Reddy,salman.reddy27@college.ac.in,AIML,2024,4,7.64,Good,0,False
S05024,Krishnan Shetty,krishnan.shetty990@college.ac.in,AIML,2024,4,4.69,At Risk,2,True
S05025,Ajith Gupta,ajith.gupta61@college.ac.in,AIML,2023,5,6.62,Average,0,False
S05026,Sonal Hegde,sonal.hegde93@college.ac.in,MECH,2025,2,5.45,At Risk,2,True
S05027,Vikram Babu,vikram.babu90@college.ac.in,ECE,2024,4,6.13,Average,2,False
S05028,Vivek Gopalakrishnan,vivek.gopalakrishnan22@college.ac.in,ECE,2024,4,6.81,Average,0,False
S05029,Vivek Bhat,vivek.bhat15@college.ac.in,MECH,2022,8,6.79,Average,0,False
S05030,Sana Mirza,sana.mirza45@college.ac.in,CSE,2023,6,7.14,Good,4,True
S05031,Simran Kulkarni,simran.kulkarni92@college.ac.in,MECH,2024,3,6.6,Average,0,False
S05032,Hiba Patil,hiba.patil16@college.ac.in,CSE,2022,8,5.67,Average,4,True
S05033,Anjali Menon,anjali.menon67@college.ac.in,CSE,2024,4,7.69,Good,0,False
S05034,Piyush Mirza,piyush.mirza54@college.ac.in,ECE,2024,4,7.5,Good,0,False
S05035,Siddharth Venkataraman,siddharth.venkataraman92@college.ac.in,CSE,2025,2,7.0,Good,2,False
S05036,Divya Krishnan,divya.krishnan49@college.ac.in,ECE,2024,4,6.54,Average,0,False
S05037,Nadia Joshi,nadia.joshi40@college.ac.in,ECE,2023,6,6.69,Average,0,False
S05038,Surya Nambiar,surya.nambiar47@college.ac.in,MECH,2023,5,5.63,Average,3,True
S05039,Aishwarya Dubey,aishwarya.dubey49@college.ac.in,ECE,2025,2,6.84,Average,6,True
S05040,Varun Kamath,varun.kamath27@college.ac.in,MECH,2023,6,6.76,Average,0,False
S05041,Vijay Murthy,vijay.murthy97@college.ac.in,ECE,2024,4,5.13,At Risk,2,True
S05042,Pooja Siddiqui,pooja.siddiqui97@college.ac.in,MECH,2024,4,5.34,At Risk,3,True
S05043,Sathish Naidu,sathish.naidu89@college.ac.in,CSE,2024,4,6.03,Average,6,True
S05044,Abhijith Rao,abhijith.rao88@college.ac.in,ECE,2024,4,7.13,Good,0,False
S05045,Menon Karunakaran,menon.karunakaran62@college.ac.in,AIML,2025,2,6.01,Average,0,False
S05046,Aman Yadav,aman.yadav32@college.ac.in,MECH,2024,4,8.06,Good,0,False
S05047,Nair Verma,nair.verma47@college.ac.in,CSE,2024,4,5.86,Average,2,False
S05048,Mansi Kamath,mansi.kamath97@college.ac.in,CSE,2024,3,7.23,Good,0,False
S05049,Athul Karunakaran,athul.karunakaran14@college.ac.in,MECH,2024,4,5.0,At Risk,2,True
S05050,Priya Mishra,priya.mishra93@college.ac.in,ECE,2025,2,5.92,Average,4,True
S05051,Sachin Rao,sachin.rao85@college.ac.in,MECH,2022,8,6.28,Average,0,False
S05052,Amina Karunakaran,amina.karunakaran36@college.ac.in,MECH,2025,2,5.46,At Risk,3,True
S05053,Simran Desai,simran.desai63@college.ac.in,ECE,2025,2,7.35,Good,0,False
S05054,Sneha Rao,sneha.rao87@college.ac.in,CSE,2023,5,7.27,Good,0,False
S05055,Aman Dubey,aman.dubey92@college.ac.in,CSE,2023,6,6.62,Average,0,False
S05056,Riya Arumugam,riya.arumugam57@college.ac.in,MECH,2025,2,6.2,Average,0,False
S05057,Rahul Bhat,rahul.bhat43@college.ac.in,ECE,2024,4,4.89,At Risk,4,True
S05058,Sachin Hegde,sachin.hegde37@college.ac.in,ECE,2025,2,6.68,Average,0,False
S05059,Sreejith Pillai,sreejith.pillai88@college.ac.in,MECH,2022,8,6.82,Average,0,False
S05060,Aditi Naidu,aditi.naidu10@college.ac.in,CSE,2022,8,7.68,Good,0,False
S05061,Harikrishna Natarajan,harikrishna.natarajan17@college.ac.in,MECH,2024,3,4.29,At Risk,2,True
S05062,Rishita Patel,rishita.patel98@college.ac.in,AIML,2022,8,6.34,Average,0,False
S05063,Zubair Patil,zubair.patil78@college.ac.in,ECE,2023,6,6.26,Average,2,False
S05064,Ankit Shetty,ankit.shetty11@college.ac.in,AIML,2023,5,6.4,Average,2,False
S05065,Nadia Patel,nadia.patel43@college.ac.in,CSE,2025,2,6.44,Average,0,False
S05066,Fatima Menon,fatima.menon11@college.ac.in,MECH,2023,6,7.16,Good,0,False
S05067,Saranya Murugan,saranya.murugan72@college.ac.in,ECE,2024,4,7.0,Good,2,False
S05068,Pooja Babu,pooja.babu47@college.ac.in,MECH,2025,2,6.68,Average,0,False
S05069,Arun Chetty,arun.chetty947@college.ac.in,CSE,2023,6,7.41,Good,3,False
S05070,Anjali Krishnan,anjali.krishnan50@college.ac.in,MECH,2023,6,6.67,Average,0,False
S05071,Nikhil Nambiar,nikhil.nambiar78@college.ac.in,AIML,2023,6,7.44,Good,0,False
S05072,Madhan Prasad,madhan.prasad90@college.ac.in,CSE,2024,4,6.34,Average,2,True
S05073,Divya Arumugam,divya.arumugam50@college.ac.in,CSE,2024,4,5.19,At Risk,6,False
S05074,Priya Sharma,priya.sharma80@college.ac.in,ECE,2025,2,5.61,Average,0,False
S05075,Priya Karunakaran,priya.karunakaran70@college.ac.in,CSE,2024,4,6.99,Average,0,False
S05076,Prithviraj Chandrasekaran,prithviraj.chandrasekaran25@college.ac.in,CSE,2025,2,6.67,Average,1,False
S05077,Rajan Desai,rajan.desai85@college.ac.in,ECE,2022,8,7.34,Good,0,False
S05078,Sonal Chandrasekaran,sonal.chandrasekaran69@college.ac.in,CSE,2023,6,6.55,Average,0,False
S05079,Harikrishna Joshi,harikrishna.joshi12@college.ac.in,MECH,2023,6,6.68,Average,0,False
S05080,Hiba Qureshi,hiba.qureshi74@college.ac.in,ECE,2025,2,6.8,Average,0,False
S05081,Prithviraj Joshi,prithviraj.joshi34@college.ac.in,AIML,2022,8,7.73,Good,0,False
S05082,Arun Malik,arun.malik36@college.ac.in,ECE,2022,8,6.82,Average,0,False
S05083,Surya Dubey,surya.dubey35@college.ac.in,AIML,2025,2,5.96,Average,3,False
S05084,Faisal Prasad,faisal.prasad14@college.ac.in,AIML,2025,2,6.67,Average,0,False
S05085,Sanjay Iyengar,sanjay.iyengar80@college.ac.in,AIML,2024,4,7.14,Good,0,False
S05086,Junaid Chandrasekaran,junaid.chandrasekaran62@college.ac.in,CSE,2025,2,8.83,Excellent,0,False
S05087,Anjali Malik,anjali.malik64@college.ac.in,MECH,2022,8,7.84,Good,0,False
S05088,Lakshmi Kulkarni,lakshmi.kulkarni99@college.ac.in,CSE,2024,4,6.06,Average,0,False
S05089,Harikrishna Mehta,harikrishna.mehta39@college.ac.in,CSE,2023,6,4.73,At Risk,4,True
S05090,Nithya Pillai,nithya.pillai51@college.ac.in,MECH,2023,6,4.5,At Risk,5,True
S05091,Pallavi Nambiar,pallavi.nambiar88@college.ac.in,MECH,2025,2,6.53,Average,0,False
S05092,Akash Mehta,akash.mehta96@college.ac.in,MECH,2023,6,6.37,Average,5,False
S05093,Shreya Venkataraman,shreya.venkataraman74@college.ac.in,ECE,2025,2,4.38,At Risk,3,False
S05094,Sanjay Shah,sanjay.shah75@college.ac.in,AIML,2023,6,6.83,Average,1,False
S05095,Sanjay Velayudhan,sanjay.velayudhan26@college.ac.in,MECH,2025,2,6.87,Average,3,False
S05096,Amit Babu,amit.babu78@college.ac.in,ECE,2022,8,6.23,Average,4,False
S05097,Arjun Menon,arjun.menon48@college.ac.in,AIML,2023,6,5.9,Average,3,True
S05098,Lakshmi Warrier,lakshmi.warrier47@college.ac.in,CSE,2023,6,8.67,Excellent,0,False
S05099,Adil Sharma,adil.sharma61@college.ac.in,ECE,2023,6,6.96,Average,0,False
S05100,Swati Nambiar,swati.nambiar40@college.ac.in,ECE,2023,6,7.41,Good,0,False
S05101,Mohammed Bhat,mohammed.bhat74@college.ac.in,CSE,2023,6,6.29,Average,6,False
S05102,Pooja Gopalakrishnan,pooja.gopalakrishnan65@college.ac.in,AIML,2024,4,7.22,Good,0,False
S05103,Aamir Arumugam,aamir.arumugam36@college.ac.in,MECH,2024,4,6.53,Average,2,False
S05104,Madhan Mishra,madhan.mishra23@college.ac.in,AIML,2025,2,7.82,Good,0,False
S05105,Aishwarya Selvam,aishwarya.selvam55@college.ac.in,ECE,2023,6,7.53,Good,0,False
S05106,Ananya Warrier,ananya.warrier70@college.ac.in,MECH,2023,6,5.89,Average,3,False
S05107,Ajith Verma,ajith.verma10@college.ac.in,MECH,2024,4,6.87,Average,0,False
S05108,Amina Namboothiri,amina.namboothiri80@college.ac.in,CSE,2024,4,7.26,Good,0,False
S05109,Logesh Namboothiri,logesh.namboothiri67@college.ac.in,CSE,2024,4,5.42,At Risk,4,False
S05110,Sathish Yadav,sathish.yadav14@college.ac.in,ECE,2023,6,5.97,Average,3,True
S05111,Sanjay Sheikh,sanjay.sheikh55@college.ac.in,ECE,2022,8,6.33,Average,1,True
S05112,Dinesh Yadav,dinesh.yadav63@college.ac.in,ECE,2022,8,5.6,Average,2,False
S05113,Divya Iyengar,divya.iyengar10@college.ac.in,AIML,2022,8,6.72,Average,0,False
S05114,Rizwan Bhat,rizwan.bhat93@college.ac.in,CSE,2024,4,6.15,Average,1,True
S05115,Pillai Prasad,pillai.prasad14@college.ac.in,AIML,2022,8,8.14,Good,0,False
S05116,Zainab Mishra,zainab.mishra87@college.ac.in,CSE,2024,4,6.89,Average,4,False
S05117,Jithin Shetty,jithin.shetty27@college.ac.in,MECH,2024,4,6.06,Average,0,False
S05118,Sreejith Shah,sreejith.shah49@college.ac.in,CSE,2024,4,6.76,Average,0,False
S05119,Arjun Ansari,arjun.ansari71@college.ac.in,MECH,2024,4,6.9,Average,0,False
S05120,Sreejith Sharma,sreejith.sharma60@college.ac.in,CSE,2025,2,8.4,Good,0,False
S05121,Amal Khan,amal.khan92@college.ac.in,CSE,2025,2,6.14,Average,0,False
S05122,Abhijith Sheikh,abhijith.sheikh87@college.ac.in,MECH,2023,6,5.7,Average,4,False
S05123,Imran Warrier,imran.warrier58@college.ac.in,ECE,2024,3,6.01,Average,4,False
S05124,Lakshmi Mishra,lakshmi.mishra23@college.ac.in,AIML,2024,4,5.95,Average,1,True
S05125,Ramesh Kulkarni,ramesh.kulkarni99@college.ac.in,AIML,2022,8,6.99,Average,0,False
S05126,Dinesh Rao,dinesh.rao32@college.ac.in,ECE,2025,2,6.27,Average,5,True
S05127,Divya Warrier,divya.warrier57@college.ac.in,CSE,2024,4,7.93,Good,0,False
S05128,Junaid Singh,junaid.singh74@college.ac.in,MECH,2024,4,7.49,Good,0,False
S05129,Harish Nambiar,harish.nambiar65@college.ac.in,CSE,2023,5,6.65,Average,0,False
S05130,Shreya Menon,shreya.menon91@college.ac.in,ECE,2022,8,7.09,Good,4,False
S05131,Jithin Bhat,jithin.bhat37@college.ac.in,CSE,2024,4,7.48,Good,0,False
S05132,Saranya Dubey,saranya.dubey76@college.ac.in,CSE,2022,8,7.27,Good,0,False
S05133,Shubham Joshi,shubham.joshi30@college.ac.in,MECH,2024,4,5.94,Average,4,False
S05134,Usman Krishnan,usman.krishnan44@college.ac.in,ECE,2022,8,6.87,Average,3,False
S05135,Usman Hegde,usman.hegde90@college.ac.in,ECE,2024,4,5.2,At Risk,5,True
S05136,Ananya Yadav,ananya.yadav29@college.ac.in,ECE,2024,4,5.08,At Risk,4,True
S05137,Hiba Rao,hiba.rao44@college.ac.in,AIML,2023,6,7.48,Good,5,False
S05138,Nithya Rajan,nithya.rajan97@college.ac.in,MECH,2022,8,7.99,Good,0,False
S05139,Kritika Rao,kritika.rao16@college.ac.in,ECE,2024,4,5.37,At Risk,5,False
S05140,Syed Pillai,syed.pillai54@college.ac.in,MECH,2025,2,6.21,Average,2,True
S05141,Rishita Naidu,rishita.naidu63@college.ac.in,MECH,2022,8,8.2,Good,0,False
S05142,Usman Gopalakrishnan,usman.gopalakrishnan83@college.ac.in,ECE,2024,3,5.72,Average,3,True
S05143,Madhan Reddy,madhan.reddy63@college.ac.in,ECE,2025,2,7.37,Good,0,False
S05144,Dhanush Nambiar,dhanush.nambiar80@college.ac.in,CSE,2023,6,6.2,Average,4,False
S05145,Sonal Chandrasekaran,sonal.chandrasekaran63@college.ac.in,CSE,2025,2,6.24,Average,4,False
S05146,Vishnu Kulkarni,vishnu.kulkarni88@college.ac.in,MECH,2025,2,7.27,Good,2,True
S05147,Sneha Sheikh,sneha.sheikh35@college.ac.in,AIML,2022,8,5.74,Average,2,True
S05148,Ananya Krishnan,ananya.krishnan15@college.ac.in,ECE,2024,3,6.68,Average,1,True
S05149,Syed Malik,syed.malik65@college.ac.in,MECH,2024,4,6.78,Average,2,False
S05150,Akash Joshi,akash.joshi53@college.ac.in,MECH,2024,4,6.57,Average,0,False
S05151,Harish Mirza,harish.mirza61@college.ac.in,ECE,2025,2,5.93,Average,5,False
S05152,Nithya Velayudhan,nithya.velayudhan70@college.ac.in,ECE,2023,6,7.18,Good,0,False
S05153,Faisal Shah,faisal.shah85@college.ac.in,MECH,2023,6,6.53,Average,0,False
S05154,Ananya Murthy,ananya.murthy78@college.ac.in,ECE,2025,2,4.93,At Risk,5,True
S05155,Farhan Babu,farhan.babu35@college.ac.in,CSE,2023,6,6.66,Average,0,False
S05156,Ananya Namboothiri,ananya.namboothiri27@college.ac.in,ECE,2023,6,6.24,Average,0,False
S05157,Sachin Sheikh,sachin.sheikh84@college.ac.in,ECE,2023,6,6.8,Average,0,False
S05158,Salman Menon,salman.menon59@college.ac.in,CSE,2022,8,6.51,Average,2,False
S05159,Divya Mirza,divya.mirza48@college.ac.in,AIML,2025,2,7.29,Good,0,False
S05160,Vishnu Hussain,vishnu.hussain15@college.ac.in,ECE,2022,8,6.37,Average,1,False
S05161,Amal Chauhan,amal.chauhan69@college.ac.in,ECE,2022,8,7.01,Good,0,False
S05162,Muralidhar Rajan,muralidhar.rajan84@college.ac.in,AIML,2023,6,7.77,Good,0,False
S05163,Junaid Murugan,junaid.murugan15@college.ac.in,CSE,2024,4,7.85,Good,0,False
S05164,Arjun Murugan,arjun.murugan83@college.ac.in,ECE,2024,4,4.47,At Risk,2,True
S05165,Fatima Reddy,fatima.reddy62@college.ac.in,AIML,2025,2,7.29,Good,0,False
S05166,Piyush Rajan,piyush.rajan36@college.ac.in,CSE,2025,2,5.82,Average,2,True
S05167,Menon Warrier,menon.warrier70@college.ac.in,CSE,2024,4,7.78,Good,0,False
S05168,Ankit Murugan,ankit.murugan20@college.ac.in,CSE,2023,6,7.12,Good,0,False
S05169,Pillai Krishnan,pillai.krishnan90@college.ac.in,ECE,2025,2,7.54,Good,0,False
S05170,Muralidhar Verma,muralidhar.verma44@college.ac.in,MECH,2022,8,6.24,Average,5,False
S05171,Lakshmi Nambiar,lakshmi.nambiar20@college.ac.in,MECH,2023,5,4.44,At Risk,5,True
S05172,Rizwan Chandrasekaran,rizwan.chandrasekaran71@college.ac.in,ECE,2023,6,7.21,Good,0,False
S05173,Menon Babu,menon.babu30@college.ac.in,ECE,2023,6,8.12,Good,0,False
S05174,Faisal Krishnan,faisal.krishnan77@college.ac.in,AIML,2023,6,6.65,Average,0,False
S05175,Avinash Varma,avinash.varma29@college.ac.in,MECH,2025,2,7.48,Good,0,False
S05176,Revathi Singh,revathi.singh46@college.ac.in,CSE,2024,4,6.49,Average,2,False
S05177,Zubair Patel,zubair.patel44@college.ac.in,MECH,2023,6,7.13,Good,0,False
S05178,Kavya Tiwari,kavya.tiwari97@college.ac.in,CSE,2025,2,7.93,Good,0,False
S05179,Ankit Desai,ankit.desai79@college.ac.in,CSE,2024,4,6.65,Average,0,False
S05180,Ravi Das,ravi.das53@college.ac.in,AIML,2025,2,6.29,Average,2,False
S05181,Vignesh Siddiqui,vignesh.siddiqui87@college.ac.in,ECE,2025,2,6.38,Average,4,True
S05182,Rajan Qureshi,rajan.qureshi61@college.ac.in,CSE,2022,8,7.05,Good,3,True
S05183,Amit Murugan,amit.murugan42@college.ac.in,MECH,2025,2,6.97,Average,0,False
S05184,Farhan Singh,farhan.singh81@college.ac.in,MECH,2025,2,6.45,Average,2,False
S05185,Pooja Rajan,pooja.rajan68@college.ac.in,CSE,2022,8,6.75,Average,0,False
S05186,Lakshmi Desai,lakshmi.desai92@college.ac.in,AIML,2023,6,6.71,Average,0,False
S05187,Adil Rao,adil.rao82@college.ac.in,ECE,2024,4,4.47,At Risk,5,True
S05188,Kavya Siddiqui,kavya.siddiqui78@college.ac.in,ECE,2022,8,7.45,Good,0,False
S05189,Hiba Iyer,hiba.iyer49@college.ac.in,CSE,2022,8,6.87,Average,0,False
S05190,Vikram Patil,vikram.patil97@college.ac.in,CSE,2025,2,6.49,Average,2,False
S05191,Arun Hussain,arun.hussain99@college.ac.in,ECE,2022,8,7.31,Good,0,False
S05192,Surya Pandey,surya.pandey73@college.ac.in,AIML,2025,2,5.29,At Risk,5,True
S05193,Neha Das,neha.das66@college.ac.in,AIML,2023,6,6.71,Average,0,False
S05194,Nadia Iyengar,nadia.iyengar98@college.ac.in,MECH,2023,6,6.4,Average,0,False
S05195,Manoj Nair,manoj.nair50@college.ac.in,ECE,2024,4,7.03,Good,0,False
S05196,Sana Arumugam,sana.arumugam71@college.ac.in,AIML,2023,6,7.56,Good,0,False
S05197,Divya Reddy,divya.reddy86@college.ac.in,CSE,2024,4,6.47,Average,0,False
S05198,Ajith Chetty,ajith.chetty24@college.ac.in,AIML,2023,6,7.79,Good,0,False
S05199,Nisha Das,nisha.das40@college.ac.in,MECH,2024,4,6.71,Average,0,False
S05200,Rajesh Pillai,rajesh.pillai18@college.ac.in,MECH,2025,2,6.25,Average,0,False
S05201,Rahul Karunakaran,rahul.karunakaran43@college.ac.in,MECH,2022,8,6.16,Average,4,True
S05202,Dhanush Tiwari,dhanush.tiwari11@college.ac.in,AIML,2025,2,5.59,Average,1,False
S05203,Revathi Hussain,revathi.hussain56@college.ac.in,ECE,2023,6,6.43,Average,0,False
S05204,Nithish Patil,nithish.patil98@college.ac.in,CSE,2024,4,7.25,Good,0,False
S05205,Vivek Sheikh,vivek.sheikh19@college.ac.in,MECH,2024,3,6.09,Average,0,False
S05206,Rohit Bhat,rohit.bhat19@college.ac.in,MECH,2023,6,5.01,At Risk,2,True
S05207,Dhanush Desai,dhanush.desai21@college.ac.in,CSE,2022,8,5.8,Average,5,True
S05208,Saranya Gopalakrishnan,saranya.gopalakrishnan52@college.ac.in,CSE,2023,6,7.41,Good,0,False
S05209,Surya Mehta,surya.mehta68@college.ac.in,CSE,2023,6,5.62,Average,3,True
S05210,Ankita Venkataraman,ankita.venkataraman98@college.ac.in,MECH,2022,8,6.32,Average,2,True
S05211,Arjun Varma,arjun.varma23@college.ac.in,MECH,2024,3,6.29,Average,0,False
S05212,Vivek Namboothiri,vivek.namboothiri63@college.ac.in,CSE,2024,3,7.39,Good,0,False
S05213,Amit Babu,amit.babu43@college.ac.in,MECH,2024,4,6.26,Average,4,False
S05214,Rajan Kulkarni,rajan.kulkarni65@college.ac.in,AIML,2022,8,7.17,Good,1,False
S05215,Athul Kamath,athul.kamath78@college.ac.in,CSE,2025,2,7.28,Good,0,False
S05216,Ganesh Qureshi,ganesh.qureshi12@college.ac.in,AIML,2023,6,7.84,Good,0,False
S05217,Dhanush Gupta,dhanush.gupta66@college.ac.in,MECH,2023,6,5.69,Average,2,False
S05218,Surya Warrier,surya.warrier83@college.ac.in,AIML,2022,8,7.16,Good,0,False
S05219,Imran Babu,imran.babu57@college.ac.in,CSE,2022,8,7.28,Good,3,False
S05220,Vivek Malik,vivek.malik15@college.ac.in,MECH,2024,4,7.33,Good,0,False
S05221,Ganesh Karunakaran,ganesh.karunakaran66@college.ac.in,CSE,2024,4,7.12,Good,1,False
S05222,Sanjay Shah,sanjay.shah12@college.ac.in,AIML,2025,2,7.52,Good,0,False
S05223,Zubair Rao,zubair.rao53@college.ac.in,ECE,2025,2,6.33,Average,0,False
S05224,Mohammed Khan,mohammed.khan83@college.ac.in,ECE,2023,6,6.71,Average,5,False
S05225,Harikrishna Khan,harikrishna.khan37@college.ac.in,ECE,2023,6,7.6,Good,0,False
S05226,Muralidhar Kumar,muralidhar.kumar75@college.ac.in,MECH,2023,6,5.47,At Risk,6,False
S05227,Imran Desai,imran.desai95@college.ac.in,CSE,2023,6,8.35,Good,0,False
S05228,Meena Hussain,meena.hussain13@college.ac.in,ECE,2023,5,5.87,Average,2,True
S05229,Rohit Babu,rohit.babu63@college.ac.in,MECH,2024,4,7.57,Good,0,False
S05230,Deepak Kamath,deepak.kamath55@college.ac.in,AIML,2024,4,7.15,Good,0,False
S05231,Ayesha Iyer,ayesha.iyer40@college.ac.in,ECE,2024,4,6.5,Average,0,False
S05232,Gaurav Sharma,gaurav.sharma21@college.ac.in,MECH,2023,6,5.69,Average,1,True
S05233,Amit Joshi,amit.joshi47@college.ac.in,ECE,2023,6,6.96,Average,0,False
S05234,Keerthi Nambiar,keerthi.nambiar89@college.ac.in,MECH,2022,8,7.73,Good,0,False
S05235,Amit Shah,amit.shah35@college.ac.in,CSE,2025,2,6.39,Average,0,False
S05236,Sanjay Chetty,sanjay.chetty72@college.ac.in,AIML,2024,4,4.81,At Risk,4,True
S05237,Vijay Shah,vijay.shah88@college.ac.in,MECH,2023,6,5.55,Average,2,False
S05238,Deepak Kumar,deepak.kumar80@college.ac.in,ECE,2024,4,6.87,Average,0,False
S05239,Vignesh Kumar,vignesh.kumar81@college.ac.in,CSE,2023,6,6.59,Average,0,False
S05240,Tarun Murthy,tarun.murthy63@college.ac.in,CSE,2024,3,4.88,At Risk,2,True
S05241,Naveen Patil,naveen.patil838@college.ac.in,MECH,2024,4,6.86,Average,0,False
S05242,Priya Joshi,priya.joshi20@college.ac.in,AIML,2024,4,7.13,Good,0,False
S05243,Jithin Kulkarni,jithin.kulkarni39@college.ac.in,AIML,2023,6,7.18,Good,0,False
S05244,Simran Venkataraman,simran.venkataraman54@college.ac.in,CSE,2025,2,5.9,Average,3,True
S05245,Adil Mirza,adil.mirza91@college.ac.in,ECE,2022,8,7.75,Good,0,False
S05246,Prerna Pillai,prerna.pillai70@college.ac.in,CSE,2025,2,5.46,At Risk,1,True
S05247,Aditi Chauhan,aditi.chauhan20@college.ac.in,MECH,2023,6,6.61,Average,0,False
S05248,Usman Prasad,usman.prasad81@college.ac.in,AIML,2024,4,5.9,Average,3,True
S05249,Pillai Das,pillai.das78@college.ac.in,CSE,2022,8,6.61,Average,3,False
S05250,Revathi Singh,revathi.singh27@college.ac.in,CSE,2025,2,7.46,Good,0,False
S05251,Vignesh Iyer,vignesh.iyer51@college.ac.in,ECE,2023,6,5.81,Average,2,False
S05252,Rishita Iyengar,rishita.iyengar90@college.ac.in,ECE,2025,2,6.52,Average,0,False
S05253,Siddharth Mishra,siddharth.mishra82@college.ac.in,MECH,2024,4,4.51,At Risk,4,True
S05254,Ankit Bhat,ankit.bhat57@college.ac.in,AIML,2022,8,5.1,At Risk,4,True
S05255,Amina Iyengar,amina.iyengar51@college.ac.in,AIML,2024,4,7.48,Good,0,False
S05256,Usman Murthy,usman.murthy47@college.ac.in,CSE,2024,4,8.07,Good,0,False
S05257,Madhan Mirza,madhan.mirza56@college.ac.in,AIML,2024,4,6.0,Average,0,False
S05258,Nisha Karunakaran,nisha.karunakaran84@college.ac.in,CSE,2024,4,7.87,Good,0,False
S05259,Mansi Singh,mansi.singh88@college.ac.in,AIML,2023,6,6.69,Average,0,False
S05260,Ayesha Malik,ayesha.malik36@college.ac.in,ECE,2022,8,4.99,At Risk,2,True
S05261,Kritika Gopalakrishnan,kritika.gopalakrishnan50@college.ac.in,AIML,2025,2,5.74,Average,3,True
S05262,Meena Iyengar,meena.iyengar83@college.ac.in,CSE,2022,8,7.95,Good,0,False
S05263,Abhijith Mirza,abhijith.mirza51@college.ac.in,CSE,2025,2,6.65,Average,0,False
S05264,Akash Khan,akash.khan11@college.ac.in,ECE,2022,8,7.59,Good,0,False
S05265,Keerthi Sharma,keerthi.sharma97@college.ac.in,CSE,2024,3,8.2,Good,0,False
S05266,Sneha Yadav,sneha.yadav74@college.ac.in,AIML,2023,6,7.18,Good,0,False
S05267,Aishwarya Chauhan,aishwarya.chauhan74@college.ac.in,ECE,2025,2,6.91,Average,0,False
S05268,Meena Nambiar,meena.nambiar94@college.ac.in,ECE,2023,6,5.61,Average,3,True
S05269,Kavya Murugan,kavya.murugan52@college.ac.in,CSE,2023,6,7.42,Good,0,False
S05270,Babu Subramaniam,babu.subramaniam36@college.ac.in,MECH,2025,2,6.06,Average,0,False
S05271,Ravi Malik,ravi.malik46@college.ac.in,ECE,2023,6,5.65,Average,2,True
S05272,Nikhil Hussain,nikhil.hussain39@college.ac.in,MECH,2024,4,7.4,Good,0,False
S05273,Menon Das,menon.das42@college.ac.in,MECH,2024,4,4.76,At Risk,1,True
S05274,Kritika Hussain,kritika.hussain33@college.ac.in,AIML,2022,8,6.25,Average,0,False
S05275,Sana Bhat,sana.bhat94@college.ac.in,AIML,2024,3,7.47,Good,0,False
S05276,Sana Shetty,sana.shetty36@college.ac.in,ECE,2023,6,7.8,Good,0,False
S05277,Harish Selvam,harish.selvam67@college.ac.in,ECE,2022,8,6.05,Average,1,True
S05278,Shreya Subramaniam,shreya.subramaniam78@college.ac.in,CSE,2023,6,7.28,Good,2,False
S05279,Swathi Dubey,swathi.dubey63@college.ac.in,CSE,2024,4,6.95,Average,4,False
S05280,Muralidhar Varma,muralidhar.varma94@college.ac.in,MECH,2023,5,6.64,Average,3,False
S05281,Varun Chauhan,varun.chauhan39@college.ac.in,CSE,2023,5,6.57,Average,0,False
S05282,Krishnan Pandey,krishnan.pandey84@college.ac.in,CSE,2023,6,7.6,Good,0,False
S05283,Amina Shetty,amina.shetty10@college.ac.in,ECE,2025,2,6.64,Average,0,False
S05284,Rohit Bhat,rohit.bhat35@college.ac.in,AIML,2024,3,6.51,Average,0,False
S05285,Harish Rajan,harish.rajan90@college.ac.in,CSE,2022,8,7.24,Good,0,False
S05286,Nadia Iyer,nadia.iyer85@college.ac.in,CSE,2022,8,6.39,Average,5,True
S05287,Sachin Iyer,sachin.iyer16@college.ac.in,ECE,2022,8,7.3,Good,0,False
S05288,Faisal Warrier,faisal.warrier72@college.ac.in,AIML,2024,3,7.45,Good,2,False
S05289,Tarun Gopalakrishnan,tarun.gopalakrishnan92@college.ac.in,AIML,2023,6,6.46,Average,0,False
S05290,Sachin Kumar,sachin.kumar60@college.ac.in,AIML,2025,2,7.64,Good,3,False
S05291,Suresh Babu,suresh.babu37@college.ac.in,AIML,2024,4,6.14,Average,0,False
S05292,Prerna Qureshi,prerna.qureshi44@college.ac.in,CSE,2023,6,6.79,Average,5,False
S05293,Nair Selvam,nair.selvam98@college.ac.in,CSE,2025,2,7.28,Good,0,False
S05294,Amal Siddiqui,amal.siddiqui68@college.ac.in,AIML,2022,8,7.21,Good,0,False
S05295,Ganesh Dubey,ganesh.dubey54@college.ac.in,ECE,2022,8,7.68,Good,0,False
S05296,Ramesh Murugan,ramesh.murugan92@college.ac.in,MECH,2025,2,5.51,Average,4,True
S05297,Karthik Iyengar,karthik.iyengar86@college.ac.in,AIML,2023,6,5.85,Average,1,False
S05298,Priya Dubey,priya.dubey42@college.ac.in,CSE,2025,2,8.06,Good,0,False
S05299,Karthik Shetty,karthik.shetty63@college.ac.in,CSE,2023,6,4.65,At Risk,6,True
S05300,Rishita Krishnan,rishita.krishnan91@college.ac.in,AIML,2024,4,6.89,Average,0,False
S05301,Anjali Hegde,anjali.hegde90@college.ac.in,MECH,2022,8,7.09,Good,0,False
S05302,Sonal Yadav,sonal.yadav71@college.ac.in,ECE,2024,4,4.85,At Risk,3,True
S05303,Swathi Menon,swathi.menon31@college.ac.in,CSE,2023,6,5.3,At Risk,3,True
S05304,Arun Mirza,arun.mirza78@college.ac.in,ECE,2024,4,5.87,Average,5,False
S05305,Irfan Arumugam,irfan.arumugam43@college.ac.in,ECE,2024,4,5.84,Average,6,True
S05306,Shubham Desai,shubham.desai21@college.ac.in,MECH,2023,6,5.38,At Risk,3,False
S05307,Ananya Murthy,ananya.murthy46@college.ac.in,MECH,2025,2,4.7,At Risk,3,True
S05308,Divya Yadav,divya.yadav45@college.ac.in,AIML,2022,8,7.5,Good,0,False
S05309,Vijay Chetty,vijay.chetty45@college.ac.in,MECH,2023,6,5.24,At Risk,4,True
S05310,Sachin Murthy,sachin.murthy23@college.ac.in,ECE,2025,2,6.54,Average,1,False
S05311,Sachin Rao,sachin.rao35@college.ac.in,ECE,2022,8,5.0,At Risk,4,True
S05312,Zainab Rao,zainab.rao83@college.ac.in,ECE,2022,8,8.0,Good,0,False
S05313,Praveen Mehta,praveen.mehta49@college.ac.in,CSE,2022,8,6.5,Average,3,False
S05314,Manoj Shah,manoj.shah66@college.ac.in,CSE,2022,8,7.78,Good,0,False
S05315,Mansi Mehta,mansi.mehta36@college.ac.in,MECH,2022,8,6.31,Average,0,False
S05316,Adil Qureshi,adil.qureshi56@college.ac.in,ECE,2025,2,6.05,Average,0,False
S05317,Kritika Mehta,kritika.mehta96@college.ac.in,AIML,2023,5,8.04,Good,0,False
S05318,Usman Gupta,usman.gupta98@college.ac.in,MECH,2022,8,7.14,Good,0,False
S05319,Mohammed Qureshi,mohammed.qureshi89@college.ac.in,AIML,2024,4,7.82,Good,0,False
S05320,Tanvi Khan,tanvi.khan30@college.ac.in,MECH,2023,6,5.62,Average,3,True
S05321,Imran Qureshi,imran.qureshi28@college.ac.in,CSE,2022,8,6.12,Average,1,False
S05322,Irfan Patel,irfan.patel66@college.ac.in,AIML,2022,8,6.68,Average,0,False
S05323,Nadia Rao,nadia.rao12@college.ac.in,AIML,2025,2,6.12,Average,0,False
S05324,Krishnan Krishnan,krishnan.krishnan97@college.ac.in,ECE,2023,6,6.11,Average,3,False
S05325,Pooja Gopalakrishnan,pooja.gopalakrishnan59@college.ac.in,ECE,2023,6,6.37,Average,5,True
S05326,Vignesh Singh,vignesh.singh86@college.ac.in,MECH,2022,8,7.36,Good,0,False
S05327,Logesh Shah,logesh.shah65@college.ac.in,MECH,2023,6,5.66,Average,5,False
S05328,Simran Krishnan,simran.krishnan61@college.ac.in,AIML,2024,4,7.77,Good,0,False
S05329,Anjali Kamath,anjali.kamath58@college.ac.in,MECH,2024,4,7.36,Good,0,False
S05330,Junaid Singh,junaid.singh22@college.ac.in,AIML,2023,5,5.33,At Risk,2,True
S05331,Mansi Rao,mansi.rao265@college.ac.in,MECH,2025,2,6.85,Average,0,False
S05332,Vignesh Chandrasekaran,vignesh.chandrasekaran55@college.ac.in,MECH,2023,6,4.44,At Risk,4,True
S05333,Sreejith Iyengar,sreejith.iyengar32@college.ac.in,ECE,2022,8,6.52,Average,0,False
S05334,Ravi Ansari,ravi.ansari85@college.ac.in,MECH,2024,4,6.84,Average,0,False
S05335,Rizwan Nair,rizwan.nair37@college.ac.in,ECE,2024,4,6.7,Average,0,False
S05336,Meena Kamath,meena.kamath54@college.ac.in,ECE,2024,4,5.94,Average,3,False
S05337,Vikram Pillai,vikram.pillai82@college.ac.in,MECH,2025,2,5.21,At Risk,6,False
S05338,Swathi Mirza,swathi.mirza90@college.ac.in,AIML,2025,2,7.29,Good,0,False
S05339,Bilal Rajan,bilal.rajan14@college.ac.in,ECE,2022,8,7.99,Good,0,False
S05340,Swati Siddiqui,swati.siddiqui45@college.ac.in,AIML,2023,6,6.8,Average,5,False
S05341,Zubair Warrier,zubair.warrier82@college.ac.in,AIML,2025,2,6.93,Average,0,False
S05342,Sonal Subramaniam,sonal.subramaniam75@college.ac.in,CSE,2023,5,6.81,Average,0,False
S05343,Shubham Rao,shubham.rao91@college.ac.in,AIML,2025,2,6.22,Average,2,False
S05344,Amit Iyer,amit.iyer34@college.ac.in,CSE,2023,6,7.18,Good,0,False
S05345,Swathi Mishra,swathi.mishra57@college.ac.in,ECE,2024,4,7.11,Good,0,False
S05346,Pooja Chetty,pooja.chetty29@college.ac.in,CSE,2025,2,7.27,Good,5,True
S05347,Ankit Naidu,ankit.naidu62@college.ac.in,ECE,2025,2,6.73,Average,5,False
S05348,Rukhsar Karunakaran,rukhsar.karunakaran87@college.ac.in,AIML,2024,3,7.44,Good,3,False
S05349,Nair Hegde,nair.hegde91@college.ac.in,MECH,2024,4,7.62,Good,0,False
S05350,Harish Verma,harish.verma88@college.ac.in,MECH,2025,2,7.64,Good,0,False
S05351,Sreejith Reddy,sreejith.reddy89@college.ac.in,MECH,2024,4,6.17,Average,1,False
S05352,Harish Ansari,harish.ansari72@college.ac.in,CSE,2023,5,7.28,Good,2,False
S05353,Nisha Mehta,nisha.mehta65@college.ac.in,MECH,2025,2,6.76,Average,0,False
S05354,Salman Menon,salman.menon28@college.ac.in,CSE,2023,6,6.42,Average,0,False
S05355,Menon Nair,menon.nair68@college.ac.in,MECH,2024,4,6.38,Average,0,False
S05356,Ankita Mehta,ankita.mehta48@college.ac.in,ECE,2022,8,5.57,Average,1,False
S05357,Athul Rao,athul.rao98@college.ac.in,MECH,2025,2,6.07,Average,0,False
S05358,Sreejith Hegde,sreejith.hegde35@college.ac.in,AIML,2023,6,5.84,Average,5,True
S05359,Pooja Arumugam,pooja.arumugam16@college.ac.in,ECE,2025,2,7.39,Good,0,False
S05360,Siddharth Gopalakrishnan,siddharth.gopalakrishnan69@college.ac.in,ECE,2022,8,6.24,Average,5,False
S05361,Rishita Chetty,rishita.chetty61@college.ac.in,CSE,2022,8,6.78,Average,0,False
S05362,Keerthi Murthy,keerthi.murthy285@college.ac.in,CSE,2022,8,6.26,Average,0,False
S05363,Amal Joshi,amal.joshi46@college.ac.in,ECE,2025,2,5.63,Average,5,True
S05364,Swati Karunakaran,swati.karunakaran59@college.ac.in,ECE,2024,4,6.56,Average,0,False
S05365,Anjali Tiwari,anjali.tiwari94@college.ac.in,CSE,2022,8,6.38,Average,5,True
S05366,Avinash Ansari,avinash.ansari53@college.ac.in,MECH,2024,4,6.05,Average,0,False
S05367,Rajesh Bhat,rajesh.bhat27@college.ac.in,CSE,2025,2,7.11,Good,0,False
S05368,Revathi Rao,revathi.rao14@college.ac.in,MECH,2024,4,6.47,Average,0,False
S05369,Aditi Rajan,aditi.rajan45@college.ac.in,MECH,2023,6,5.14,At Risk,3,True
S05370,Ankita Rao,ankita.rao54@college.ac.in,CSE,2023,6,6.87,Average,5,True
S05371,Jithin Ansari,jithin.ansari26@college.ac.in,CSE,2024,4,7.17,Good,0,False
S05372,Dinesh Hussain,dinesh.hussain46@college.ac.in,MECH,2024,4,5.57,Average,5,False
S05373,Jithin Ansari,jithin.ansari19@college.ac.in,ECE,2024,4,7.62,Good,0,False
S05374,Krishnan Sharma,krishnan.sharma27@college.ac.in,MECH,2025,2,5.43,At Risk,3,False
S05375,Piyush Nair,piyush.nair35@college.ac.in,ECE,2023,6,6.11,Average,2,False
S05376,Vignesh Joshi,vignesh.joshi30@college.ac.in,MECH,2024,4,6.69,Average,0,False
S05377,Piyush Selvam,piyush.selvam58@college.ac.in,AIML,2022,8,7.06,Good,0,False
S05378,Aishwarya Hussain,aishwarya.hussain88@college.ac.in,MECH,2023,5,5.82,Average,4,False
S05379,Gaurav Rajan,gaurav.rajan57@college.ac.in,CSE,2024,4,7.77,Good,0,False
S05380,Dinesh Karunakaran,dinesh.karunakaran81@college.ac.in,AIML,2024,4,7.4,Good,0,False
S05381,Rajan Menon,rajan.menon37@college.ac.in,MECH,2022,8,6.66,Average,0,False
S05382,Shubham Rao,shubham.rao90@college.ac.in,ECE,2022,8,6.8,Average,0,False
S05383,Syed Menon,syed.menon11@college.ac.in,MECH,2022,8,6.05,Average,0,False
S05384,Avinash Sharma,avinash.sharma61@college.ac.in,AIML,2024,4,6.91,Average,0,False
S05385,Vivek Karunakaran,vivek.karunakaran76@college.ac.in,CSE,2022,8,6.33,Average,5,True
S05386,Sachin Namboothiri,sachin.namboothiri73@college.ac.in,ECE,2024,4,7.55,Good,0,False
S05387,Imran Yadav,imran.yadav63@college.ac.in,AIML,2022,8,6.83,Average,0,False
S05388,Amal Babu,amal.babu98@college.ac.in,ECE,2024,4,7.09,Good,0,False
S05389,Rajan Menon,rajan.menon26@college.ac.in,ECE,2023,6,7.04,Good,0,False
S05390,Amal Ansari,amal.ansari23@college.ac.in,MECH,2023,6,6.72,Average,0,False
S05391,Zubair Velayudhan,zubair.velayudhan41@college.ac.in,ECE,2024,4,7.28,Good,0,False
S05392,Naveen Pillai,naveen.pillai61@college.ac.in,ECE,2022,8,5.74,Average,1,False
S05393,Rohit Prasad,rohit.prasad67@college.ac.in,ECE,2024,4,7.18,Good,0,False
S05394,Nisha Desai,nisha.desai40@college.ac.in,ECE,2024,4,6.92,Average,0,False
S05395,Salman Singh,salman.singh93@college.ac.in,MECH,2023,6,7.56,Good,0,False
S05396,Abhijith Mishra,abhijith.mishra61@college.ac.in,MECH,2024,4,5.9,Average,4,False
S05397,Anjali Hussain,anjali.hussain77@college.ac.in,CSE,2023,5,6.47,Average,3,False
S05398,Gaurav Venkataraman,gaurav.venkataraman54@college.ac.in,AIML,2023,6,6.34,Average,4,True
S05399,Muralidhar Hussain,muralidhar.hussain19@college.ac.in,CSE,2023,6,7.75,Good,0,False
S05400,Athul Mehta,athul.mehta15@college.ac.in,CSE,2024,3,5.67,Average,2,False
S05401,Vivek Krishnan,vivek.krishnan44@college.ac.in,CSE,2025,2,6.39,Average,4,True
S05402,Madhan Kulkarni,madhan.kulkarni49@college.ac.in,CSE,2024,3,6.69,Average,0,False
S05403,Ramesh Sharma,ramesh.sharma64@college.ac.in,AIML,2022,8,7.27,Good,0,False
S05404,Ajith Dubey,ajith.dubey75@college.ac.in,AIML,2025,2,7.18,Good,0,False
S05405,Anjali Verma,anjali.verma39@college.ac.in,CSE,2024,4,5.76,Average,5,True
S05406,Nithish Yadav,nithish.yadav35@college.ac.in,MECH,2023,6,4.19,At Risk,3,True
S05407,Kritika Joshi,kritika.joshi94@college.ac.in,AIML,2025,2,6.44,Average,3,False
S05408,Adil Gopalakrishnan,adil.gopalakrishnan16@college.ac.in,ECE,2023,5,6.92,Average,0,False
S05409,Ayesha Venkataraman,ayesha.venkataraman46@college.ac.in,ECE,2022,8,7.11,Good,0,False
S05410,Rajan Yadav,rajan.yadav49@college.ac.in,CSE,2023,6,7.41,Good,0,False
S05411,Keerthi Mirza,keerthi.mirza94@college.ac.in,CSE,2025,2,6.59,Average,0,False
S05412,Ganesh Das,ganesh.das74@college.ac.in,ECE,2024,4,5.75,Average,5,True
S05413,Bilal Mirza,bilal.mirza29@college.ac.in,CSE,2023,6,6.77,Average,0,False
S05414,Aman Mirza,aman.mirza82@college.ac.in,CSE,2024,4,6.57,Average,0,False
S05415,Priya Namboothiri,priya.namboothiri31@college.ac.in,CSE,2022,8,7.08,Good,0,False
S05416,Arun Khan,arun.khan55@college.ac.in,CSE,2022,8,6.91,Average,0,False
S05417,Siddharth Arumugam,siddharth.arumugam66@college.ac.in,MECH,2022,8,5.82,Average,4,True
S05418,Harish Kumar,harish.kumar20@college.ac.in,ECE,2025,2,4.86,At Risk,3,True
S05419,Prerna Shetty,prerna.shetty83@college.ac.in,CSE,2023,6,7.91,Good,0,False
S05420,Madhan Warrier,madhan.warrier94@college.ac.in,ECE,2025,2,5.21,At Risk,4,False
S05421,Sonal Mishra,sonal.mishra63@college.ac.in,CSE,2025,2,5.34,At Risk,4,True
S05422,Ganesh Ansari,ganesh.ansari33@college.ac.in,ECE,2025,2,6.87,Average,5,False
S05423,Sreejith Rao,sreejith.rao51@college.ac.in,MECH,2023,6,6.87,Average,0,False
S05424,Simran Venkataraman,simran.venkataraman86@college.ac.in,CSE,2022,8,7.37,Good,0,False
S05425,Simran Venkataraman,simran.venkataraman74@college.ac.in,CSE,2024,3,7.5,Good,0,False
S05426,Rajesh Karunakaran,rajesh.karunakaran351@college.ac.in,ECE,2023,6,5.99,Average,2,True
S05427,Riya Selvam,riya.selvam82@college.ac.in,ECE,2024,3,4.79,At Risk,2,True
S05428,Anjali Velayudhan,anjali.velayudhan812@college.ac.in,AIML,2023,6,7.3,Good,0,False
S05429,Nithish Singh,nithish.singh27@college.ac.in,ECE,2024,4,6.89,Average,0,False
S05430,Kavya Hussain,kavya.hussain70@college.ac.in,AIML,2024,4,6.85,Average,0,False
S05431,Dhanush Bhat,dhanush.bhat50@college.ac.in,CSE,2024,4,6.93,Average,0,False
S05432,Rishita Malik,rishita.malik57@college.ac.in,AIML,2023,6,6.39,Average,0,False
S05433,Saranya Nambiar,saranya.nambiar82@college.ac.in,ECE,2025,2,8.01,Good,0,False
S05434,Akash Gopalakrishnan,akash.gopalakrishnan55@college.ac.in,ECE,2022,8,7.82,Good,0,False
S05435,Sanjay Venkataraman,sanjay.venkataraman27@college.ac.in,ECE,2022,8,4.72,At Risk,5,False
S05436,Arjun Selvam,arjun.selvam81@college.ac.in,MECH,2024,3,5.17,At Risk,2,True
S05437,Suresh Malik,suresh.malik86@college.ac.in,AIML,2022,8,6.86,Average,0,False
S05438,Vivek Subramaniam,vivek.subramaniam57@college.ac.in,AIML,2025,2,5.8,Average,3,True
S05439,Aman Hussain,aman.hussain91@college.ac.in,MECH,2025,2,3.21,At Risk,6,True
S05440,Sanjay Das,sanjay.das62@college.ac.in,MECH,2022,8,6.91,Average,0,False
S05441,Menon Kumar,menon.kumar31@college.ac.in,AIML,2025,2,7.38,Good,0,False
S05442,Syed Velayudhan,syed.velayudhan10@college.ac.in,AIML,2023,6,5.05,At Risk,4,True
S05443,Aishwarya Natarajan,aishwarya.natarajan12@college.ac.in,CSE,2022,8,6.7,Average,0,False
S05444,Vignesh Reddy,vignesh.reddy62@college.ac.in,MECH,2023,5,6.38,Average,0,False
S05445,Shubham Patel,shubham.patel73@college.ac.in,CSE,2024,4,7.72,Good,0,False
S05446,Amal Velayudhan,amal.velayudhan55@college.ac.in,MECH,2024,4,6.1,Average,0,False
S05447,Varun Chauhan,varun.chauhan48@college.ac.in,AIML,2022,8,6.09,Average,1,True
S05448,Swati Bhat,swati.bhat48@college.ac.in,ECE,2023,5,6.59,Average,0,False
S05449,Asif Patel,asif.patel71@college.ac.in,ECE,2024,3,6.47,Average,0,False
S05450,Ramesh Bhat,ramesh.bhat13@college.ac.in,MECH,2023,6,6.42,Average,4,True
S05451,Muralidhar Reddy,muralidhar.reddy36@college.ac.in,ECE,2022,8,5.54,Average,5,True
S05452,Simran Krishnan,simran.krishnan65@college.ac.in,AIML,2022,8,7.07,Good,2,False
S05453,Tarun Selvam,tarun.selvam96@college.ac.in,AIML,2024,3,7.47,Good,0,False
S05454,Nisha Siddiqui,nisha.siddiqui25@college.ac.in,CSE,2025,2,8.28,Good,2,False
S05455,Tarun Yadav,tarun.yadav57@college.ac.in,MECH,2024,4,6.11,Average,0,False
S05456,Divya Rao,divya.rao66@college.ac.in,CSE,2024,4,6.92,Average,0,False
S05457,Riya Das,riya.das16@college.ac.in,ECE,2025,2,6.59,Average,0,False
S05458,Priya Kumar,priya.kumar40@college.ac.in,ECE,2023,6,6.62,Average,0,False
S05459,Akash Desai,akash.desai10@college.ac.in,MECH,2022,8,6.98,Average,0,False
S05460,Rishita Bhat,rishita.bhat93@college.ac.in,AIML,2022,8,5.63,Average,5,True
S05461,Ramesh Rao,ramesh.rao86@college.ac.in,ECE,2024,3,6.88,Average,0,False
S05462,Ravi Mishra,ravi.mishra20@college.ac.in,CSE,2022,8,6.75,Average,0,False
S05463,Rohit Mehta,rohit.mehta14@college.ac.in,AIML,2023,6,7.96,Good,0,False
S05464,Junaid Dubey,junaid.dubey53@college.ac.in,CSE,2025,2,7.58,Good,0,False
S05465,Saranya Desai,saranya.desai25@college.ac.in,AIML,2024,4,7.33,Good,0,False
S05466,Prerna Prasad,prerna.prasad27@college.ac.in,ECE,2023,6,5.93,Average,3,True
S05467,Nithya Krishnan,nithya.krishnan23@college.ac.in,AIML,2025,2,7.98,Good,0,False
S05468,Abhijith Chandrasekaran,abhijith.chandrasekaran59@college.ac.in,MECH,2025,2,5.79,Average,3,False
S05469,Rahul Shetty,rahul.shetty16@college.ac.in,MECH,2022,8,6.23,Average,0,False
S05470,Jithin Menon,jithin.menon90@college.ac.in,MECH,2025,2,7.12,Good,0,False
S05471,Sonal Shetty,sonal.shetty50@college.ac.in,CSE,2022,8,6.88,Average,0,False
S05472,Aamir Naidu,aamir.naidu475@college.ac.in,CSE,2024,4,8.04,Good,0,False
S05473,Nisha Arumugam,nisha.arumugam48@college.ac.in,CSE,2024,4,7.17,Good,0,False
S05474,Prerna Das,prerna.das18@college.ac.in,ECE,2025,2,4.83,At Risk,5,True
S05475,Shahid Chandrasekaran,shahid.chandrasekaran76@college.ac.in,AIML,2024,4,5.41,At Risk,3,False
S05476,Bilal Prasad,bilal.prasad55@college.ac.in,MECH,2024,4,5.16,At Risk,4,True
S05477,Madhan Selvam,madhan.selvam44@college.ac.in,AIML,2023,6,6.13,Average,2,False
S05478,Sanjay Nambiar,sanjay.nambiar66@college.ac.in,AIML,2024,3,6.76,Average,0,False
S05479,Ramesh Khan,ramesh.khan16@college.ac.in,AIML,2023,6,7.23,Good,0,False
S05480,Sathish Mishra,sathish.mishra84@college.ac.in,CSE,2023,6,7.03,Good,1,False
S05481,Surya Babu,surya.babu11@college.ac.in,CSE,2024,4,7.57,Good,0,False
S05482,Nair Chetty,nair.chetty85@college.ac.in,CSE,2023,6,7.98,Good,0,False
S05483,Pooja Selvam,pooja.selvam26@college.ac.in,ECE,2024,3,7.53,Good,0,False
S05484,Arjun Das,arjun.das99@college.ac.in,CSE,2023,6,6.59,Average,4,False
S05485,Suresh Qureshi,suresh.qureshi71@college.ac.in,AIML,2023,6,5.15,At Risk,2,True
S05486,Arun Malik,arun.malik48@college.ac.in,CSE,2023,6,5.51,Average,6,True
S05487,Pooja Pillai,pooja.pillai65@college.ac.in,MECH,2022,8,5.84,Average,1,True
S05488,Aman Kamath,aman.kamath60@college.ac.in,ECE,2023,6,6.29,Average,0,False
S05489,Zubair Qureshi,zubair.qureshi13@college.ac.in,AIML,2024,4,7.1,Good,0,False
S05490,Rajesh Subramaniam,rajesh.subramaniam50@college.ac.in,ECE,2024,4,6.86,Average,0,False
S05491,Fatima Menon,fatima.menon40@college.ac.in,ECE,2024,4,6.04,Average,0,False
S05492,Arun Chetty,arun.chetty13@college.ac.in,AIML,2023,5,6.88,Average,0,False
S05493,Athul Nambiar,athul.nambiar41@college.ac.in,MECH,2024,4,4.65,At Risk,5,False
S05494,Athul Patil,athul.patil67@college.ac.in,CSE,2024,4,4.67,At Risk,3,True
S05495,Naveen Selvam,naveen.selvam73@college.ac.in,ECE,2024,4,7.26,Good,0,False
S05496,Shreya Murugan,shreya.murugan38@college.ac.in,ECE,2022,8,5.5,Average,1,False
S05497,Ankit Mehta,ankit.mehta90@college.ac.in,AIML,2023,6,6.32,Average,0,False
S05498,Usman Karunakaran,usman.karunakaran10@college.ac.in,MECH,2024,4,6.97,Average,0,False
S05499,Kritika Arumugam,kritika.arumugam46@college.ac.in,CSE,2023,6,7.07,Good,0,False
S05500,Swathi Iyer,swathi.iyer22@college.ac.in,AIML,2022,8,8.39,Good,0,False
S05501,Priya Shetty,priya.shetty54@college.ac.in,CSE,2024,3,5.5,Average,4,True
S05502,Shubham Patel,shubham.patel43@college.ac.in,AIML,2025,2,4.45,At Risk,2,True
S05503,Lakshmi Patil,lakshmi.patil97@college.ac.in,AIML,2022,8,7.4,Good,0,False
S05504,Krishnan Kulkarni,krishnan.kulkarni32@college.ac.in,MECH,2024,4,5.65,Average,4,True
S05505,Suresh Menon,suresh.menon39@college.ac.in,ECE,2025,2,7.65,Good,0,False
S05506,Swathi Shetty,swathi.shetty59@college.ac.in,ECE,2023,6,7.1,Good,0,False
S05507,Swati Joshi,swati.joshi33@college.ac.in,ECE,2024,4,6.42,Average,0,False
S05508,Dinesh Patil,dinesh.patil62@college.ac.in,MECH,2023,6,6.92,Average,0,False
S05509,Nikhil Mirza,nikhil.mirza74@college.ac.in,CSE,2024,4,7.15,Good,0,False
S05510,Ankita Nair,ankita.nair11@college.ac.in,MECH,2023,6,6.44,Average,0,False
S05511,Sathish Chetty,sathish.chetty21@college.ac.in,AIML,2025,2,6.27,Average,3,True
S05512,Pooja Nambiar,pooja.nambiar57@college.ac.in,ECE,2023,6,5.61,Average,3,False
S05513,Nisha Varma,nisha.varma63@college.ac.in,AIML,2025,2,7.92,Good,0,False
S05514,Manoj Mishra,manoj.mishra29@college.ac.in,ECE,2024,4,7.08,Good,0,False
S05515,Bilal Iyengar,bilal.iyengar52@college.ac.in,CSE,2024,4,6.92,Average,0,False
S05516,Anjali Sheikh,anjali.sheikh82@college.ac.in,AIML,2024,4,6.29,Average,0,False
S05517,Rajan Kamath,rajan.kamath84@college.ac.in,ECE,2023,5,6.63,Average,0,False
S05518,Neha Bhat,neha.bhat17@college.ac.in,ECE,2023,6,5.41,At Risk,4,True
S05519,Vishnu Menon,vishnu.menon33@college.ac.in,AIML,2023,6,7.17,Good,0,False
S05520,Lakshmi Nambiar,lakshmi.nambiar30@college.ac.in,CSE,2023,6,5.06,At Risk,5,True
S05521,Jithin Kumar,jithin.kumar20@college.ac.in,MECH,2024,4,7.23,Good,0,False
S05522,Vijay Mehta,vijay.mehta60@college.ac.in,MECH,2025,2,6.62,Average,0,False
S05523,Aman Gopalakrishnan,aman.gopalakrishnan25@college.ac.in,CSE,2024,3,7.18,Good,0,False
S05524,Muralidhar Iyer,muralidhar.iyer44@college.ac.in,CSE,2022,8,7.69,Good,0,False
S05525,Ayesha Chetty,ayesha.chetty19@college.ac.in,MECH,2024,4,5.49,At Risk,2,True
S05526,Sneha Siddiqui,sneha.siddiqui97@college.ac.in,CSE,2023,6,6.81,Average,5,False
S05527,Siddharth Desai,siddharth.desai47@college.ac.in,CSE,2025,2,7.09,Good,4,False
S05528,Rizwan Malik,rizwan.malik38@college.ac.in,ECE,2023,6,7.05,Good,0,False
S05529,Rahul Kulkarni,rahul.kulkarni56@college.ac.in,MECH,2024,4,8.2,Good,0,False
S05530,Usman Mirza,usman.mirza31@college.ac.in,CSE,2022,8,7.25,Good,0,False
S05531,Ganesh Nambiar,ganesh.nambiar52@college.ac.in,MECH,2022,8,6.01,Average,1,True
S05532,Babu Joshi,babu.joshi20@college.ac.in,ECE,2025,2,5.72,Average,2,True
S05533,Rajan Joshi,rajan.joshi10@college.ac.in,AIML,2022,8,7.68,Good,0,False
S05534,Vikram Rao,vikram.rao74@college.ac.in,MECH,2022,8,6.48,Average,2,False
S05535,Zubair Patel,zubair.patel47@college.ac.in,CSE,2023,6,6.54,Average,0,False
S05536,Vijay Varma,vijay.varma80@college.ac.in,ECE,2024,4,7.49,Good,0,False
S05537,Deepak Pillai,deepak.pillai91@college.ac.in,MECH,2025,2,7.83,Good,0,False
S05538,Neha Verma,neha.verma20@college.ac.in,CSE,2024,3,6.28,Average,0,False
S05539,Keerthi Joshi,keerthi.joshi58@college.ac.in,MECH,2023,5,4.85,At Risk,1,True
S05540,Prithviraj Mirza,prithviraj.mirza37@college.ac.in,CSE,2023,6,8.08,Good,0,False
S05541,Harish Verma,harish.verma39@college.ac.in,MECH,2024,4,6.3,Average,0,False
S05542,Shreya Dubey,shreya.dubey80@college.ac.in,CSE,2023,6,6.36,Average,4,True
S05543,Pooja Malik,pooja.malik20@college.ac.in,MECH,2025,2,5.75,Average,2,False
S05544,Mohammed Ansari,mohammed.ansari31@college.ac.in,ECE,2025,2,6.71,Average,0,False
S05545,Aamir Chetty,aamir.chetty81@college.ac.in,AIML,2024,3,7.43,Good,0,False
S05546,Rahul Selvam,rahul.selvam47@college.ac.in,AIML,2024,4,5.4,At Risk,6,True
S05547,Muralidhar Venkataraman,muralidhar.venkataraman31@college.ac.in,ECE,2025,2,6.39,Average,6,False
S05548,Ravi Shah,ravi.shah87@college.ac.in,CSE,2023,6,6.39,Average,5,False
S05549,Sana Kumar,sana.kumar13@college.ac.in,CSE,2024,4,6.17,Average,6,False
S05550,Sathish Patil,sathish.patil66@college.ac.in,AIML,2025,2,7.7,Good,0,False
S05551,Amina Tiwari,amina.tiwari19@college.ac.in,AIML,2024,4,6.39,Average,0,False
S05552,Revathi Kamath,revathi.kamath65@college.ac.in,CSE,2024,4,7.22,Good,0,False
S05553,Shreya Mehta,shreya.mehta11@college.ac.in,ECE,2023,6,5.87,Average,4,True
S05554,Rukhsar Prasad,rukhsar.prasad53@college.ac.in,AIML,2024,4,6.94,Average,0,False
S05555,Divya Gopalakrishnan,divya.gopalakrishnan54@college.ac.in,MECH,2023,6,6.11,Average,2,False
S05556,Zubair Patel,zubair.patel13@college.ac.in,CSE,2022,8,8.13,Good,0,False
S05557,Ankit Yadav,ankit.yadav15@college.ac.in,MECH,2025,2,6.08,Average,0,False
S05558,Riya Joshi,riya.joshi68@college.ac.in,CSE,2024,4,8.12,Good,0,False
S05559,Prithviraj Joshi,prithviraj.joshi98@college.ac.in,ECE,2023,6,7.48,Good,0,False
S05560,Rajesh Hussain,rajesh.hussain80@college.ac.in,CSE,2024,4,5.86,Average,3,True
S05561,Prithviraj Hegde,prithviraj.hegde18@college.ac.in,MECH,2023,6,7.38,Good,0,False
S05562,Ajith Rajan,ajith.rajan38@college.ac.in,AIML,2024,4,7.76,Good,0,False
S05563,Suresh Kamath,suresh.kamath13@college.ac.in,CSE,2023,6,5.66,Average,5,True
S05564,Suresh Malik,suresh.malik17@college.ac.in,AIML,2023,6,6.38,Average,0,False
S05565,Logesh Naidu,logesh.naidu26@college.ac.in,MECH,2022,8,6.61,Average,4,False
S05566,Harikrishna Das,harikrishna.das40@college.ac.in,CSE,2023,6,7.47,Good,0,False
S05567,Riya Bhat,riya.bhat14@college.ac.in,CSE,2025,2,7.58,Good,0,False
S05568,Saranya Karunakaran,saranya.karunakaran21@college.ac.in,ECE,2023,6,6.63,Average,0,False
S05569,Vignesh Shah,vignesh.shah33@college.ac.in,MECH,2025,2,3.9,At Risk,5,False
S05570,Usman Kumar,usman.kumar207@college.ac.in,AIML,2023,6,6.48,Average,1,False
S05571,Amit Hegde,amit.hegde70@college.ac.in,CSE,2024,3,6.25,Average,0,False
S05572,Revathi Kumar,revathi.kumar90@college.ac.in,ECE,2024,4,5.69,Average,2,True
S05573,Meena Yadav,meena.yadav72@college.ac.in,MECH,2024,4,6.66,Average,0,False
S05574,Babu Murugan,babu.murugan39@college.ac.in,CSE,2024,4,6.13,Average,0,False
S05575,Sanjay Tiwari,sanjay.tiwari86@college.ac.in,CSE,2025,2,7.93,Good,0,False
S05576,Pooja Venkataraman,pooja.venkataraman33@college.ac.in,MECH,2022,8,7.46,Good,0,False
S05577,Salman Rao,salman.rao79@college.ac.in,MECH,2025,2,6.08,Average,0,False
S05578,Neha Malik,neha.malik33@college.ac.in,CSE,2024,4,4.99,At Risk,5,True
S05579,Aamir Mishra,aamir.mishra72@college.ac.in,ECE,2025,2,6.35,Average,0,False
S05580,Varun Iyengar,varun.iyengar42@college.ac.in,MECH,2024,4,6.08,Average,4,True
S05581,Praveen Rao,praveen.rao79@college.ac.in,ECE,2022,8,6.42,Average,0,False
S05582,Rahul Siddiqui,rahul.siddiqui84@college.ac.in,MECH,2023,6,5.39,At Risk,6,True
S05583,Rishita Sheikh,rishita.sheikh19@college.ac.in,CSE,2022,8,7.5,Good,0,False
S05584,Syed Das,syed.das26@college.ac.in,ECE,2024,4,7.45,Good,0,False
S05585,Rajan Patel,rajan.patel13@college.ac.in,ECE,2025,2,5.33,At Risk,2,True
S05586,Pooja Tiwari,pooja.tiwari92@college.ac.in,ECE,2023,6,7.55,Good,0,False
S05587,Madhan Desai,madhan.desai58@college.ac.in,ECE,2024,4,6.43,Average,0,False
S05588,Tarun Verma,tarun.verma94@college.ac.in,CSE,2023,6,6.41,Average,0,False
S05589,Nithya Arumugam,nithya.arumugam87@college.ac.in,MECH,2022,8,6.8,Average,0,False
S05590,Usman Qureshi,usman.qureshi92@college.ac.in,ECE,2024,4,5.11,At Risk,5,True
S05591,Dhanush Yadav,dhanush.yadav94@college.ac.in,MECH,2022,8,6.2,Average,0,False
S05592,Harikrishna Dubey,harikrishna.dubey23@college.ac.in,ECE,2024,4,6.55,Average,2,False
S05593,Swati Chauhan,swati.chauhan31@college.ac.in,MECH,2022,8,6.37,Average,2,False
S05594,Hiba Rao,hiba.rao96@college.ac.in,MECH,2022,8,6.02,Average,4,True
S05595,Surya Warrier,surya.warrier19@college.ac.in,AIML,2025,2,7.76,Good,0,False
S05596,Tanvi Mehta,tanvi.mehta77@college.ac.in,AIML,2022,8,7.73,Good,0,False
S05597,Athul Chandrasekaran,athul.chandrasekaran77@college.ac.in,AIML,2024,4,6.6,Average,0,False
S05598,Zainab Gupta,zainab.gupta94@college.ac.in,ECE,2023,6,6.38,Average,4,False
S05599,Surya Hegde,surya.hegde24@college.ac.in,CSE,2023,5,5.96,Average,2,True
S05600,Tanvi Joshi,tanvi.joshi34@college.ac.in,CSE,2023,6,6.78,Average,2,True
S05601,Krishnan Pandey,krishnan.pandey68@college.ac.in,AIML,2024,4,6.52,Average,0,False
S05602,Vivek Varma,vivek.varma40@college.ac.in,CSE,2023,6,6.02,Average,0,False
S05603,Bilal Patil,bilal.patil71@college.ac.in,AIML,2022,8,5.52,Average,4,True
S05604,Athul Babu,athul.babu99@college.ac.in,ECE,2023,6,7.35,Good,0,False
S05605,Nithish Iyer,nithish.iyer11@college.ac.in,ECE,2023,6,6.96,Average,0,False
S05606,Vignesh Gopalakrishnan,vignesh.gopalakrishnan93@college.ac.in,CSE,2024,4,5.65,Average,3,False
S05607,Riya Yadav,riya.yadav73@college.ac.in,ECE,2025,2,7.23,Good,0,False
S05608,Junaid Mishra,junaid.mishra72@college.ac.in,ECE,2025,2,7.62,Good,0,False
S05609,Pallavi Rao,pallavi.rao15@college.ac.in,AIML,2022,8,6.4,Average,0,False
S05610,Hiba Gupta,hiba.gupta94@college.ac.in,AIML,2023,6,6.96,Average,0,False
S05611,Riya Shah,riya.shah88@college.ac.in,ECE,2024,4,6.38,Average,1,True
S05612,Faisal Venkataraman,faisal.venkataraman50@college.ac.in,ECE,2025,2,5.21,At Risk,3,True
S05613,Tanvi Murugan,tanvi.murugan61@college.ac.in,AIML,2025,2,6.56,Average,0,False
S05614,Sachin Shetty,sachin.shetty62@college.ac.in,MECH,2022,8,5.86,Average,3,True
S05615,Siddharth Reddy,siddharth.reddy87@college.ac.in,CSE,2022,8,5.52,Average,3,False
S05616,Prerna Joshi,prerna.joshi27@college.ac.in,ECE,2025,2,7.15,Good,0,False
S05617,Muralidhar Bhat,muralidhar.bhat33@college.ac.in,ECE,2022,8,4.4,At Risk,4,True
S05618,Arun Mishra,arun.mishra97@college.ac.in,CSE,2024,4,6.95,Average,0,False
S05619,Shahid Verma,shahid.verma94@college.ac.in,MECH,2023,5,5.11,At Risk,3,False
S05620,Rajan Ansari,rajan.ansari98@college.ac.in,MECH,2023,6,7.09,Good,0,False
S05621,Sonal Patil,sonal.patil10@college.ac.in,AIML,2023,6,5.6,Average,2,True
S05622,Keerthi Siddiqui,keerthi.siddiqui79@college.ac.in,ECE,2025,2,6.62,Average,0,False
S05623,Amal Hussain,amal.hussain56@college.ac.in,MECH,2023,5,6.68,Average,0,False
S05624,Anjali Selvam,anjali.selvam27@college.ac.in,MECH,2022,8,6.38,Average,0,False
S05625,Rizwan Subramaniam,rizwan.subramaniam39@college.ac.in,MECH,2024,4,6.84,Average,2,False
S05626,Nithish Patel,nithish.patel14@college.ac.in,AIML,2024,4,6.66,Average,0,False
S05627,Sonal Shetty,sonal.shetty54@college.ac.in,MECH,2024,4,7.29,Good,0,False
S05628,Gaurav Verma,gaurav.verma98@college.ac.in,CSE,2022,8,7.94,Good,0,False
S05629,Zainab Chetty,zainab.chetty82@college.ac.in,CSE,2023,6,7.51,Good,0,False
S05630,Mohammed Malik,mohammed.malik43@college.ac.in,MECH,2025,2,7.07,Good,0,False
S05631,Lakshmi Chauhan,lakshmi.chauhan38@college.ac.in,CSE,2023,5,8.24,Good,0,False
S05632,Kavya Verma,kavya.verma36@college.ac.in,ECE,2025,2,6.57,Average,0,False
S05633,Karthik Hussain,karthik.hussain64@college.ac.in,AIML,2024,4,8.16,Good,0,False
S05634,Akash Siddiqui,akash.siddiqui39@college.ac.in,CSE,2022,8,7.82,Good,3,False
S05635,Aishwarya Natarajan,aishwarya.natarajan73@college.ac.in,ECE,2023,5,7.29,Good,0,False
S05636,Neha Pandey,neha.pandey89@college.ac.in,ECE,2025,2,5.83,Average,4,False
S05637,Menon Sharma,menon.sharma72@college.ac.in,AIML,2022,8,7.15,Good,3,True
S05638,Aditi Varma,aditi.varma34@college.ac.in,ECE,2023,6,6.49,Average,0,False
S05639,Amal Ansari,amal.ansari56@college.ac.in,MECH,2023,6,6.52,Average,3,False
S05640,Rohit Gopalakrishnan,rohit.gopalakrishnan90@college.ac.in,CSE,2023,6,6.64,Average,0,False
S05641,Athul Yadav,athul.yadav79@college.ac.in,CSE,2022,8,8.1,Good,0,False
S05642,Nisha Iyengar,nisha.iyengar28@college.ac.in,CSE,2024,3,7.61,Good,0,False
S05643,Praveen Nambiar,praveen.nambiar96@college.ac.in,ECE,2025,2,6.95,Average,0,False
S05644,Nikhil Murugan,nikhil.murugan27@college.ac.in,AIML,2024,4,8.23,Good,0,False
S05645,Ankita Kulkarni,ankita.kulkarni11@college.ac.in,ECE,2023,6,5.96,Average,3,False
S05646,Mansi Krishnan,mansi.krishnan18@college.ac.in,MECH,2023,6,5.97,Average,3,False
S05647,Rohit Chauhan,rohit.chauhan40@college.ac.in,MECH,2023,6,6.05,Average,3,True
S05648,Manoj Chetty,manoj.chetty34@college.ac.in,ECE,2024,3,7.76,Good,0,False
S05649,Nair Chandrasekaran,nair.chandrasekaran53@college.ac.in,CSE,2025,2,6.51,Average,2,False
S05650,Adil Warrier,adil.warrier82@college.ac.in,AIML,2023,6,5.09,At Risk,5,True
S05651,Harikrishna Selvam,harikrishna.selvam40@college.ac.in,MECH,2022,8,8.01,Good,0,False
S05652,Amal Chandrasekaran,amal.chandrasekaran12@college.ac.in,MECH,2024,4,6.53,Average,0,False
S05653,Dinesh Pandey,dinesh.pandey53@college.ac.in,ECE,2024,4,6.29,Average,2,False
S05654,Shubham Qureshi,shubham.qureshi80@college.ac.in,CSE,2025,2,6.26,Average,0,False
S05655,Nithish Menon,nithish.menon56@college.ac.in,AIML,2023,6,6.92,Average,1,True
S05656,Zainab Patil,zainab.patil48@college.ac.in,CSE,2023,6,7.72,Good,0,False
S05657,Neha Selvam,neha.selvam65@college.ac.in,CSE,2023,6,6.97,Average,1,False
S05658,Shahid Naidu,shahid.naidu75@college.ac.in,MECH,2025,2,5.52,Average,5,False
S05659,Prithviraj Iyengar,prithviraj.iyengar23@college.ac.in,CSE,2025,2,8.06,Good,0,False
S05660,Varun Kulkarni,varun.kulkarni47@college.ac.in,AIML,2022,8,6.9,Average,0,False
S05661,Siddharth Nair,siddharth.nair51@college.ac.in,MECH,2022,8,8.23,Good,0,False
S05662,Sana Pandey,sana.pandey47@college.ac.in,ECE,2022,8,7.55,Good,0,False
S05663,Fatima Karunakaran,fatima.karunakaran48@college.ac.in,CSE,2025,2,8.02,Good,0,False
S05664,Sneha Krishnan,sneha.krishnan39@college.ac.in,MECH,2023,6,5.58,Average,3,True
S05665,Krishnan Singh,krishnan.singh41@college.ac.in,CSE,2025,2,7.47,Good,0,False
S05666,Ankit Pillai,ankit.pillai51@college.ac.in,ECE,2025,2,7.29,Good,0,False
S05667,Amit Mirza,amit.mirza27@college.ac.in,CSE,2023,6,7.81,Good,0,False
S05668,Nithya Singh,nithya.singh61@college.ac.in,ECE,2023,6,5.84,Average,4,True
S05669,Nair Prasad,nair.prasad71@college.ac.in,CSE,2022,8,8.42,Good,0,False
S05670,Arun Siddiqui,arun.siddiqui94@college.ac.in,AIML,2024,4,4.98,At Risk,3,True
S05671,Vignesh Patil,vignesh.patil67@college.ac.in,ECE,2024,4,6.68,Average,0,False
S05672,Ankit Subramaniam,ankit.subramaniam60@college.ac.in,MECH,2023,6,6.45,Average,4,False
S05673,Dhanush Nambiar,dhanush.nambiar41@college.ac.in,CSE,2022,8,6.48,Average,3,True
S05674,Pooja Mehta,pooja.mehta57@college.ac.in,MECH,2022,8,6.5,Average,1,False
S05675,Shubham Pillai,shubham.pillai88@college.ac.in,MECH,2024,4,6.66,Average,0,False
S05676,Ankit Sheikh,ankit.sheikh81@college.ac.in,CSE,2023,6,6.56,Average,4,True
S05677,Dinesh Selvam,dinesh.selvam10@college.ac.in,ECE,2023,6,7.11,Good,4,False
S05678,Jithin Gupta,jithin.gupta60@college.ac.in,MECH,2023,5,4.84,At Risk,5,False
S05679,Sana Kamath,sana.kamath16@college.ac.in,ECE,2023,6,7.9,Good,0,False
S05680,Syed Kulkarni,syed.kulkarni75@college.ac.in,ECE,2024,4,7.67,Good,0,False
S05681,Sathish Chetty,sathish.chetty72@college.ac.in,MECH,2025,2,7.64,Good,0,False
S05682,Mansi Chetty,mansi.chetty42@college.ac.in,CSE,2024,4,6.64,Average,1,True
S05683,Rukhsar Kumar,rukhsar.kumar45@college.ac.in,AIML,2022,8,7.54,Good,0,False
S05684,Naveen Patel,naveen.patel33@college.ac.in,ECE,2023,6,5.52,Average,3,True
S05685,Rizwan Sharma,rizwan.sharma51@college.ac.in,CSE,2023,6,7.98,Good,0,False
S05686,Kavya Chandrasekaran,kavya.chandrasekaran54@college.ac.in,AIML,2022,8,5.12,At Risk,5,True
S05687,Siddharth Kumar,siddharth.kumar44@college.ac.in,ECE,2025,2,5.65,Average,3,True
S05688,Muralidhar Venkataraman,muralidhar.venkataraman83@college.ac.in,MECH,2023,6,6.37,Average,0,False
S05689,Tanvi Joshi,tanvi.joshi27@college.ac.in,CSE,2024,4,6.5,Average,0,False
S05690,Nadia Rao,nadia.rao20@college.ac.in,CSE,2024,4,6.38,Average,2,False
S05691,Syed Patil,syed.patil53@college.ac.in,MECH,2023,6,5.41,At Risk,4,True
S05692,Suresh Mehta,suresh.mehta90@college.ac.in,ECE,2024,4,6.85,Average,0,False
S05693,Mohammed Namboothiri,mohammed.namboothiri72@college.ac.in,ECE,2024,3,7.72,Good,0,False
S05694,Adil Selvam,adil.selvam52@college.ac.in,CSE,2023,6,7.14,Good,0,False
S05695,Ankita Mehta,ankita.mehta17@college.ac.in,ECE,2023,6,6.77,Average,0,False
S05696,Neha Siddiqui,neha.siddiqui22@college.ac.in,ECE,2024,4,7.46,Good,0,False
S05697,Syed Hegde,syed.hegde30@college.ac.in,MECH,2025,2,3.32,At Risk,5,True
S05698,Divya Murugan,divya.murugan63@college.ac.in,CSE,2023,6,5.75,Average,3,True
S05699,Farhan Chauhan,farhan.chauhan49@college.ac.in,CSE,2023,5,7.06,Good,0,False
S05700,Pallavi Chandrasekaran,pallavi.chandrasekaran46@college.ac.in,CSE,2024,4,7.59,Good,0,False
S05701,Piyush Ansari,piyush.ansari81@college.ac.in,AIML,2024,4,6.94,Average,0,False
S05702,Zainab Gupta,zainab.gupta14@college.ac.in,AIML,2025,2,7.75,Good,0,False
S05703,Zubair Warrier,zubair.warrier758@college.ac.in,CSE,2024,4,7.64,Good,0,False
S05704,Irfan Tiwari,irfan.tiwari29@college.ac.in,MECH,2024,4,5.93,Average,3,False
S05705,Anjali Shetty,anjali.shetty80@college.ac.in,CSE,2024,4,5.31,At Risk,2,True
S05706,Aamir Pandey,aamir.pandey59@college.ac.in,AIML,2022,8,6.58,Average,1,False
S05707,Gaurav Varma,gaurav.varma35@college.ac.in,CSE,2023,5,6.44,Average,2,False
S05708,Nikhil Hussain,nikhil.hussain36@college.ac.in,AIML,2023,6,6.34,Average,5,False
S05709,Manoj Tiwari,manoj.tiwari58@college.ac.in,ECE,2022,8,6.93,Average,3,False
S05710,Shubham Shah,shubham.shah12@college.ac.in,AIML,2024,4,5.21,At Risk,4,True
S05711,Sreejith Patel,sreejith.patel73@college.ac.in,ECE,2024,4,5.45,At Risk,3,False
S05712,Sneha Ansari,sneha.ansari89@college.ac.in,CSE,2025,2,8.04,Good,0,False
S05713,Adil Menon,adil.menon60@college.ac.in,CSE,2024,4,5.82,Average,4,True
S05714,Athul Mirza,athul.mirza68@college.ac.in,AIML,2025,2,7.43,Good,0,False
S05715,Fatima Das,fatima.das66@college.ac.in,AIML,2023,6,5.23,At Risk,3,True
S05716,Shubham Das,shubham.das57@college.ac.in,MECH,2025,2,6.58,Average,0,False
S05717,Hiba Kumar,hiba.kumar56@college.ac.in,CSE,2023,6,6.78,Average,4,False
S05718,Pillai Menon,pillai.menon83@college.ac.in,CSE,2023,6,7.39,Good,0,False
S05719,Prithviraj Murugan,prithviraj.murugan94@college.ac.in,CSE,2025,2,6.97,Average,0,False
S05720,Junaid Siddiqui,junaid.siddiqui14@college.ac.in,ECE,2023,6,7.39,Good,0,False
S05721,Nair Mehta,nair.mehta27@college.ac.in,ECE,2023,5,6.29,Average,5,True
S05722,Aditi Nambiar,aditi.nambiar34@college.ac.in,ECE,2023,6,6.0,Average,2,False
S05723,Amal Velayudhan,amal.velayudhan51@college.ac.in,MECH,2024,4,7.63,Good,0,False
S05724,Arjun Dubey,arjun.dubey69@college.ac.in,CSE,2022,8,6.17,Average,5,True
S05725,Varun Sheikh,varun.sheikh96@college.ac.in,CSE,2023,6,7.24,Good,0,False
S05726,Mansi Velayudhan,mansi.velayudhan35@college.ac.in,MECH,2025,2,5.8,Average,2,False
S05727,Riya Patil,riya.patil31@college.ac.in,CSE,2024,4,7.14,Good,0,False
S05728,Arun Velayudhan,arun.velayudhan19@college.ac.in,AIML,2022,8,5.78,Average,3,True
S05729,Rajan Shetty,rajan.shetty16@college.ac.in,ECE,2024,3,6.03,Average,0,False
S05730,Siddharth Pillai,siddharth.pillai13@college.ac.in,MECH,2024,3,5.07,At Risk,2,False
S05731,Sana Kamath,sana.kamath51@college.ac.in,ECE,2024,3,5.58,Average,5,True
S05732,Ramya Hussain,ramya.hussain70@college.ac.in,MECH,2025,2,6.5,Average,0,False
S05733,Aamir Naidu,aamir.naidu74@college.ac.in,ECE,2024,3,5.61,Average,1,False
S05734,Praveen Karunakaran,praveen.karunakaran18@college.ac.in,AIML,2023,6,5.95,Average,5,True
S05735,Harish Rajan,harish.rajan99@college.ac.in,AIML,2024,4,6.75,Average,0,False
S05736,Ramya Rajan,ramya.rajan50@college.ac.in,AIML,2025,2,7.39,Good,0,False
S05737,Rishita Murugan,rishita.murugan98@college.ac.in,MECH,2022,8,6.62,Average,0,False
S05738,Praveen Joshi,praveen.joshi19@college.ac.in,MECH,2024,4,5.75,Average,1,False
S05739,Lakshmi Shah,lakshmi.shah44@college.ac.in,CSE,2025,2,5.7,Average,6,True
S05740,Sathish Ansari,sathish.ansari20@college.ac.in,AIML,2022,8,6.48,Average,2,False
S05741,Pallavi Rajan,pallavi.rajan58@college.ac.in,MECH,2024,4,5.15,At Risk,3,True
S05742,Sneha Singh,sneha.singh87@college.ac.in,ECE,2022,8,5.86,Average,2,False
S05743,Sana Arumugam,sana.arumugam27@college.ac.in,AIML,2022,8,7.88,Good,0,False
S05744,Ayesha Joshi,ayesha.joshi91@college.ac.in,CSE,2024,4,5.21,At Risk,2,True
S05745,Arjun Kamath,arjun.kamath73@college.ac.in,ECE,2024,4,6.09,Average,3,True
S05746,Keerthi Patil,keerthi.patil18@college.ac.in,MECH,2023,5,7.36,Good,0,False
S05747,Logesh Velayudhan,logesh.velayudhan53@college.ac.in,MECH,2023,6,6.26,Average,0,False
S05748,Zubair Gopalakrishnan,zubair.gopalakrishnan99@college.ac.in,CSE,2024,4,6.48,Average,0,False
S05749,Babu Iyengar,babu.iyengar38@college.ac.in,MECH,2023,6,6.29,Average,2,False
S05750,Sathish Joshi,sathish.joshi61@college.ac.in,CSE,2022,8,6.91,Average,0,False
S05751,Harikrishna Malik,harikrishna.malik99@college.ac.in,ECE,2023,6,7.82,Good,0,False
S05752,Amit Sharma,amit.sharma69@college.ac.in,ECE,2022,8,7.07,Good,0,False
S05753,Farhan Bhat,farhan.bhat92@college.ac.in,AIML,2024,4,4.68,At Risk,3,True
S05754,Rajesh Yadav,rajesh.yadav58@college.ac.in,MECH,2023,6,6.83,Average,0,False
S05755,Surya Bhat,surya.bhat52@college.ac.in,MECH,2022,8,4.95,At Risk,4,True
S05756,Irfan Gopalakrishnan,irfan.gopalakrishnan85@college.ac.in,MECH,2024,4,5.24,At Risk,4,True
S05757,Shahid Khan,shahid.khan50@college.ac.in,MECH,2023,6,5.58,Average,2,False
S05758,Vishnu Sharma,vishnu.sharma20@college.ac.in,ECE,2024,4,6.36,Average,0,False
S05759,Prithviraj Prasad,prithviraj.prasad46@college.ac.in,MECH,2024,3,4.97,At Risk,3,True
S05760,Kavya Velayudhan,kavya.velayudhan61@college.ac.in,AIML,2023,6,7.82,Good,0,False
S05761,Deepak Chetty,deepak.chetty12@college.ac.in,MECH,2023,6,6.71,Average,0,False
S05762,Rahul Nambiar,rahul.nambiar88@college.ac.in,ECE,2023,6,7.38,Good,3,False
S05763,Neha Pillai,neha.pillai63@college.ac.in,AIML,2024,4,5.9,Average,5,True
S05764,Avinash Kumar,avinash.kumar73@college.ac.in,CSE,2024,4,5.97,Average,4,True
S05765,Arun Kamath,arun.kamath78@college.ac.in,MECH,2022,8,6.0,Average,0,False
S05766,Rahul Chandrasekaran,rahul.chandrasekaran27@college.ac.in,MECH,2025,2,5.61,Average,2,True
S05767,Ravi Rao,ravi.rao38@college.ac.in,MECH,2025,2,7.45,Good,0,False
S05768,Sathish Shetty,sathish.shetty28@college.ac.in,MECH,2023,6,6.58,Average,0,False
S05769,Ramya Menon,ramya.menon47@college.ac.in,ECE,2023,6,6.94,Average,0,False
S05770,Adil Chauhan,adil.chauhan69@college.ac.in,ECE,2024,4,5.43,At Risk,2,True
S05771,Zainab Dubey,zainab.dubey43@college.ac.in,CSE,2025,2,6.42,Average,0,False
S05772,Junaid Naidu,junaid.naidu24@college.ac.in,AIML,2025,2,6.22,Average,0,False
S05773,Lakshmi Natarajan,lakshmi.natarajan38@college.ac.in,ECE,2024,4,5.6,Average,2,True
S05774,Salman Desai,salman.desai62@college.ac.in,ECE,2024,4,4.67,At Risk,2,False
S05775,Logesh Venkataraman,logesh.venkataraman21@college.ac.in,AIML,2022,8,6.4,Average,5,False
S05776,Rahul Chandrasekaran,rahul.chandrasekaran84@college.ac.in,CSE,2022,8,8.01,Good,0,False
S05777,Tanvi Bhat,tanvi.bhat41@college.ac.in,CSE,2024,4,6.23,Average,4,True
S05778,Muralidhar Singh,muralidhar.singh35@college.ac.in,ECE,2024,3,6.97,Average,0,False
S05779,Riya Sheikh,riya.sheikh63@college.ac.in,MECH,2022,8,7.42,Good,0,False
S05780,Swati Das,swati.das53@college.ac.in,CSE,2023,6,8.03,Good,0,False
S05781,Sanjay Rao,sanjay.rao30@college.ac.in,AIML,2023,6,8.51,Excellent,0,False
S05782,Muralidhar Arumugam,muralidhar.arumugam87@college.ac.in,AIML,2023,6,8.08,Good,0,False
S05783,Rahul Chetty,rahul.chetty22@college.ac.in,CSE,2023,6,7.36,Good,0,False
S05784,Praveen Das,praveen.das23@college.ac.in,CSE,2022,8,7.85,Good,0,False
S05785,Rukhsar Warrier,rukhsar.warrier48@college.ac.in,MECH,2024,4,5.44,At Risk,1,True
S05786,Sreejith Dubey,sreejith.dubey36@college.ac.in,ECE,2024,3,7.01,Good,0,False
S05787,Amit Velayudhan,amit.velayudhan49@college.ac.in,ECE,2023,6,6.87,Average,5,False
S05788,Prithviraj Qureshi,prithviraj.qureshi51@college.ac.in,ECE,2023,6,6.4,Average,0,False
S05789,Piyush Sharma,piyush.sharma32@college.ac.in,CSE,2025,2,4.1,At Risk,3,True
S05790,Menon Nair,menon.nair98@college.ac.in,MECH,2022,8,5.99,Average,2,True
S05791,Farhan Sharma,farhan.sharma48@college.ac.in,ECE,2023,6,5.97,Average,5,False
S05792,Ankita Arumugam,ankita.arumugam37@college.ac.in,MECH,2023,6,6.6,Average,0,False
S05793,Nisha Yadav,nisha.yadav97@college.ac.in,ECE,2024,4,5.32,At Risk,3,True
S05794,Sachin Patil,sachin.patil20@college.ac.in,ECE,2022,8,6.87,Average,0,False
S05795,Lakshmi Naidu,lakshmi.naidu79@college.ac.in,AIML,2024,4,7.98,Good,0,False
S05796,Junaid Chauhan,junaid.chauhan20@college.ac.in,ECE,2024,4,7.55,Good,0,False
S05797,Ajith Natarajan,ajith.natarajan29@college.ac.in,MECH,2023,6,6.4,Average,0,False
S05798,Shahid Pillai,shahid.pillai22@college.ac.in,ECE,2025,2,6.65,Average,0,False
S05799,Kritika Siddiqui,kritika.siddiqui93@college.ac.in,ECE,2023,6,6.91,Average,3,False
S05800,Rohit Rao,rohit.rao25@college.ac.in,CSE,2025,2,7.93,Good,0,False
S05801,Ajith Selvam,ajith.selvam15@college.ac.in,ECE,2022,8,6.75,Average,2,False
S05802,Shubham Gopalakrishnan,shubham.gopalakrishnan11@college.ac.in,MECH,2023,5,5.55,Average,3,True
S05803,Siddharth Iyengar,siddharth.iyengar42@college.ac.in,ECE,2022,8,6.88,Average,3,False
S05804,Ayesha Selvam,ayesha.selvam76@college.ac.in,ECE,2025,2,6.91,Average,1,False
S05805,Pillai Kumar,pillai.kumar79@college.ac.in,CSE,2024,4,8.2,Good,0,False
S05806,Surya Murthy,surya.murthy21@college.ac.in,AIML,2022,8,7.08,Good,0,False
S05807,Amit Siddiqui,amit.siddiqui54@college.ac.in,AIML,2023,5,5.81,Average,4,False
S05808,Asif Krishnan,asif.krishnan81@college.ac.in,CSE,2022,8,5.23,At Risk,6,True
S05809,Bilal Naidu,bilal.naidu87@college.ac.in,ECE,2022,8,6.2,Average,3,True
S05810,Irfan Velayudhan,irfan.velayudhan95@college.ac.in,MECH,2022,8,7.57,Good,0,False
S05811,Rishita Khan,rishita.khan68@college.ac.in,MECH,2023,6,7.86,Good,0,False
S05812,Mohammed Joshi,mohammed.joshi76@college.ac.in,CSE,2024,4,8.05,Good,0,False
S05813,Priya Yadav,priya.yadav88@college.ac.in,CSE,2025,2,7.3,Good,3,False
S05814,Riya Chauhan,riya.chauhan37@college.ac.in,ECE,2024,4,5.89,Average,1,False
S05815,Prithviraj Velayudhan,prithviraj.velayudhan92@college.ac.in,MECH,2025,2,5.66,Average,3,True
S05816,Dhanush Selvam,dhanush.selvam49@college.ac.in,CSE,2024,3,7.28,Good,0,False
S05817,Aishwarya Desai,aishwarya.desai53@college.ac.in,ECE,2024,3,6.9,Average,0,False
S05818,Nikhil Venkataraman,nikhil.venkataraman83@college.ac.in,CSE,2022,8,6.3,Average,5,False
S05819,Imran Pillai,imran.pillai54@college.ac.in,MECH,2025,2,5.58,Average,5,True
S05820,Sathish Gopalakrishnan,sathish.gopalakrishnan31@college.ac.in,CSE,2022,8,6.73,Average,0,False
S05821,Pooja Menon,pooja.menon63@college.ac.in,AIML,2022,8,7.88,Good,0,False
S05822,Mohammed Shah,mohammed.shah19@college.ac.in,MECH,2023,6,6.58,Average,0,False
S05823,Sathish Mehta,sathish.mehta61@college.ac.in,CSE,2024,4,8.17,Good,0,False
S05824,Shahid Chetty,shahid.chetty74@college.ac.in,CSE,2024,4,6.85,Average,0,False
S05825,Babu Kulkarni,babu.kulkarni38@college.ac.in,MECH,2024,4,5.83,Average,2,True
S05826,Amit Hegde,amit.hegde31@college.ac.in,CSE,2024,3,6.16,Average,0,False
S05827,Adil Venkataraman,adil.venkataraman82@college.ac.in,ECE,2022,8,6.81,Average,0,False
S05828,Sachin Iyengar,sachin.iyengar60@college.ac.in,MECH,2022,8,5.7,Average,2,False
S05829,Gaurav Nambiar,gaurav.nambiar84@college.ac.in,MECH,2024,4,5.74,Average,1,True
S05830,Naveen Selvam,naveen.selvam22@college.ac.in,MECH,2025,2,7.02,Good,0,False
S05831,Naveen Babu,naveen.babu39@college.ac.in,ECE,2024,4,5.03,At Risk,4,False
S05832,Fatima Chauhan,fatima.chauhan48@college.ac.in,CSE,2023,6,6.66,Average,0,False
S05833,Usman Nair,usman.nair95@college.ac.in,MECH,2023,6,6.43,Average,0,False
S05834,Swathi Kamath,swathi.kamath55@college.ac.in,CSE,2024,4,7.08,Good,3,False
S05835,Karthik Selvam,karthik.selvam19@college.ac.in,CSE,2024,3,5.94,Average,1,True
S05836,Nithya Varma,nithya.varma57@college.ac.in,ECE,2023,6,6.72,Average,0,False
S05837,Rajan Prasad,rajan.prasad48@college.ac.in,MECH,2025,2,6.54,Average,2,False
S05838,Karthik Venkataraman,karthik.venkataraman65@college.ac.in,MECH,2024,4,6.26,Average,2,True
S05839,Rohit Arumugam,rohit.arumugam26@college.ac.in,ECE,2025,2,7.87,Good,0,False
S05840,Dinesh Selvam,dinesh.selvam83@college.ac.in,ECE,2022,8,6.96,Average,0,False
S05841,Vignesh Varma,vignesh.varma15@college.ac.in,CSE,2022,8,5.35,At Risk,4,False
S05842,Sonal Arumugam,sonal.arumugam29@college.ac.in,AIML,2022,8,6.02,Average,2,True
S05843,Pooja Verma,pooja.verma58@college.ac.in,AIML,2023,6,6.64,Average,0,False
S05844,Dhanush Reddy,dhanush.reddy80@college.ac.in,CSE,2024,4,7.92,Good,0,False
S05845,Ravi Dubey,ravi.dubey58@college.ac.in,AIML,2022,8,5.31,At Risk,5,True
S05846,Bilal Rao,bilal.rao60@college.ac.in,MECH,2024,4,5.23,At Risk,3,False
S05847,Pillai Kamath,pillai.kamath78@college.ac.in,AIML,2025,2,3.29,At Risk,4,True
S05848,Vijay Shah,vijay.shah36@college.ac.in,CSE,2022,8,7.22,Good,0,False
S05849,Babu Dubey,babu.dubey99@college.ac.in,AIML,2024,4,7.37,Good,0,False
S05850,Prithviraj Natarajan,prithviraj.natarajan83@college.ac.in,MECH,2024,4,6.64,Average,0,False
S05851,Sana Malik,sana.malik56@college.ac.in,CSE,2024,4,6.87,Average,4,False
S05852,Shahid Malik,shahid.malik11@college.ac.in,CSE,2024,4,6.85,Average,2,True
S05853,Irfan Chandrasekaran,irfan.chandrasekaran47@college.ac.in,ECE,2023,6,7.64,Good,5,False
S05854,Dinesh Joshi,dinesh.joshi70@college.ac.in,AIML,2024,4,5.04,At Risk,1,False
S05855,Rishita Hegde,rishita.hegde59@college.ac.in,MECH,2023,6,5.85,Average,3,True
S05856,Nithya Arumugam,nithya.arumugam966@college.ac.in,AIML,2024,4,6.8,Average,5,False
S05857,Nisha Qureshi,nisha.qureshi42@college.ac.in,AIML,2022,8,7.9,Good,0,False
S05858,Pooja Varma,pooja.varma14@college.ac.in,AIML,2023,5,6.06,Average,6,True
S05859,Muralidhar Mirza,muralidhar.mirza66@college.ac.in,AIML,2022,8,6.77,Average,0,False
S05860,Menon Murthy,menon.murthy26@college.ac.in,ECE,2023,6,7.13,Good,0,False
S05861,Nadia Chetty,nadia.chetty89@college.ac.in,ECE,2022,8,7.1,Good,0,False
S05862,Vijay Mehta,vijay.mehta43@college.ac.in,MECH,2025,2,5.92,Average,5,False
S05863,Riya Siddiqui,riya.siddiqui62@college.ac.in,CSE,2023,6,8.01,Good,0,False
S05864,Vishnu Murugan,vishnu.murugan52@college.ac.in,CSE,2023,6,7.19,Good,0,False
S05865,Madhan Namboothiri,madhan.namboothiri39@college.ac.in,CSE,2022,8,6.73,Average,0,False
S05866,Sana Rao,sana.rao12@college.ac.in,CSE,2023,6,7.07,Good,0,False
S05867,Sreejith Murthy,sreejith.murthy43@college.ac.in,CSE,2022,8,7.62,Good,0,False
S05868,Karthik Rajan,karthik.rajan39@college.ac.in,ECE,2022,8,6.34,Average,5,False
S05869,Ayesha Siddiqui,ayesha.siddiqui43@college.ac.in,MECH,2025,2,6.27,Average,3,False
S05870,Swathi Naidu,swathi.naidu24@college.ac.in,AIML,2022,8,6.42,Average,0,False
S05871,Pallavi Kumar,pallavi.kumar50@college.ac.in,MECH,2022,8,5.85,Average,1,True
S05872,Rajan Mehta,rajan.mehta72@college.ac.in,ECE,2024,4,5.92,Average,3,True
S05873,Junaid Natarajan,junaid.natarajan40@college.ac.in,ECE,2024,4,7.44,Good,0,False
S05874,Mansi Murugan,mansi.murugan89@college.ac.in,CSE,2024,4,6.06,Average,3,True
S05875,Pallavi Kumar,pallavi.kumar30@college.ac.in,CSE,2025,2,8.31,Good,0,False
S05876,Dhanush Nambiar,dhanush.nambiar77@college.ac.in,ECE,2022,8,7.63,Good,4,False
S05877,Deepak Karunakaran,deepak.karunakaran27@college.ac.in,ECE,2023,6,6.48,Average,5,False
S05878,Dhanush Varma,dhanush.varma62@college.ac.in,MECH,2023,6,5.91,Average,0,False
S05879,Kavya Rao,kavya.rao35@college.ac.in,MECH,2025,2,7.78,Good,0,False
S05880,Revathi Chandrasekaran,revathi.chandrasekaran70@college.ac.in,ECE,2023,6,7.07,Good,4,False
S05881,Syed Velayudhan,syed.velayudhan28@college.ac.in,CSE,2025,2,7.4,Good,0,False
S05882,Jithin Bhat,jithin.bhat56@college.ac.in,AIML,2023,6,8.54,Excellent,0,False
S05883,Prerna Qureshi,prerna.qureshi77@college.ac.in,MECH,2024,4,4.94,At Risk,5,True
S05884,Priya Karunakaran,priya.karunakaran52@college.ac.in,AIML,2023,6,5.31,At Risk,4,True
S05885,Deepak Sharma,deepak.sharma26@college.ac.in,CSE,2025,2,7.84,Good,0,False
S05886,Keerthi Rajan,keerthi.rajan54@college.ac.in,MECH,2024,4,4.19,At Risk,3,True
S05887,Simran Sheikh,simran.sheikh72@college.ac.in,CSE,2022,8,6.98,Average,1,False
S05888,Nithish Prasad,nithish.prasad49@college.ac.in,CSE,2022,8,7.78,Good,0,False
S05889,Faisal Murthy,faisal.murthy10@college.ac.in,ECE,2022,8,7.42,Good,0,False
S05890,Krishnan Khan,krishnan.khan58@college.ac.in,AIML,2025,2,8.72,Excellent,0,False
S05891,Deepak Babu,deepak.babu69@college.ac.in,ECE,2023,6,6.56,Average,0,False
S05892,Ankit Subramaniam,ankit.subramaniam15@college.ac.in,CSE,2022,8,7.22,Good,0,False
S05893,Avinash Dubey,avinash.dubey75@college.ac.in,ECE,2024,4,7.17,Good,0,False
S05894,Jithin Yadav,jithin.yadav56@college.ac.in,CSE,2023,6,7.25,Good,0,False
S05895,Athul Mishra,athul.mishra38@college.ac.in,MECH,2024,4,6.41,Average,0,False
S05896,Vishnu Iyengar,vishnu.iyengar53@college.ac.in,CSE,2023,6,7.56,Good,0,False
S05897,Ramya Khan,ramya.khan68@college.ac.in,ECE,2025,2,7.29,Good,0,False
S05898,Karthik Bhat,karthik.bhat91@college.ac.in,AIML,2023,6,5.85,Average,3,False
S05899,Nikhil Desai,nikhil.desai95@college.ac.in,ECE,2023,6,6.25,Average,0,False
S05900,Asif Patil,asif.patil79@college.ac.in,MECH,2024,4,6.31,Average,0,False
S05901,Ankita Murugan,ankita.murugan28@college.ac.in,ECE,2024,4,6.82,Average,0,False
S05902,Swati Tiwari,swati.tiwari62@college.ac.in,ECE,2024,4,5.81,Average,4,True
S05903,Vishnu Tiwari,vishnu.tiwari74@college.ac.in,AIML,2025,2,6.4,Average,0,False
S05904,Ganesh Velayudhan,ganesh.velayudhan17@college.ac.in,CSE,2024,4,7.76,Good,0,False
S05905,Nithya Malik,nithya.malik26@college.ac.in,MECH,2023,5,6.48,Average,0,False
S05906,Aishwarya Sheikh,aishwarya.sheikh36@college.ac.in,CSE,2023,6,7.51,Good,0,False
S05907,Swathi Velayudhan,swathi.velayudhan69@college.ac.in,ECE,2023,6,6.74,Average,0,False
S05908,Deepak Rajan,deepak.rajan38@college.ac.in,MECH,2022,8,7.11,Good,0,False
S05909,Sreejith Khan,sreejith.khan86@college.ac.in,ECE,2022,8,8.16,Good,0,False
S05910,Irfan Das,irfan.das81@college.ac.in,MECH,2025,2,6.6,Average,0,False
S05911,Priya Iyengar,priya.iyengar98@college.ac.in,AIML,2022,8,6.75,Average,2,False
S05912,Aamir Shah,aamir.shah11@college.ac.in,AIML,2025,2,6.64,Average,0,False
S05913,Menon Sheikh,menon.sheikh33@college.ac.in,ECE,2022,8,7.28,Good,0,False
S05914,Kavya Desai,kavya.desai27@college.ac.in,ECE,2023,5,5.53,Average,3,True
S05915,Nair Prasad,nair.prasad83@college.ac.in,CSE,2024,4,7.12,Good,0,False
S05916,Krishnan Namboothiri,krishnan.namboothiri67@college.ac.in,ECE,2025,2,5.11,At Risk,1,True
S05917,Imran Singh,imran.singh98@college.ac.in,CSE,2024,4,5.67,Average,5,False
S05918,Sneha Naidu,sneha.naidu53@college.ac.in,CSE,2023,6,6.68,Average,4,False
S05919,Muralidhar Ansari,muralidhar.ansari54@college.ac.in,CSE,2023,5,6.5,Average,1,False
S05920,Amal Kulkarni,amal.kulkarni25@college.ac.in,AIML,2022,8,6.86,Average,0,False
S05921,Vijay Kulkarni,vijay.kulkarni38@college.ac.in,CSE,2022,8,7.78,Good,0,False
S05922,Vikram Verma,vikram.verma92@college.ac.in,CSE,2024,4,7.32,Good,0,False
S05923,Amit Namboothiri,amit.namboothiri75@college.ac.in,ECE,2023,6,7.72,Good,0,False
S05924,Sanjay Joshi,sanjay.joshi23@college.ac.in,CSE,2024,4,7.49,Good,0,False
S05925,Ravi Sheikh,ravi.sheikh22@college.ac.in,ECE,2025,2,5.98,Average,1,True
S05926,Sathish Qureshi,sathish.qureshi42@college.ac.in,CSE,2022,8,7.1,Good,5,False
S05927,Ayesha Chetty,ayesha.chetty44@college.ac.in,ECE,2025,2,2.77,At Risk,4,True
S05928,Pooja Hussain,pooja.hussain73@college.ac.in,CSE,2025,2,6.7,Average,4,False
S05929,Naveen Gopalakrishnan,naveen.gopalakrishnan22@college.ac.in,CSE,2023,6,6.82,Average,1,False
S05930,Lakshmi Qureshi,lakshmi.qureshi23@college.ac.in,MECH,2024,4,6.66,Average,0,False
S05931,Sanjay Yadav,sanjay.yadav22@college.ac.in,ECE,2025,2,7.48,Good,2,True
S05932,Ayesha Prasad,ayesha.prasad93@college.ac.in,ECE,2023,6,5.01,At Risk,3,False
S05933,Keerthi Kamath,keerthi.kamath80@college.ac.in,AIML,2022,8,6.78,Average,3,True
S05934,Avinash Pillai,avinash.pillai46@college.ac.in,CSE,2024,4,7.68,Good,0,False
S05935,Vignesh Rajan,vignesh.rajan37@college.ac.in,ECE,2024,4,7.86,Good,0,False
S05936,Kritika Verma,kritika.verma40@college.ac.in,AIML,2024,4,6.71,Average,4,False
S05937,Harikrishna Pandey,harikrishna.pandey42@college.ac.in,ECE,2023,6,6.7,Average,0,False
S05938,Aditi Ansari,aditi.ansari53@college.ac.in,CSE,2024,4,7.85,Good,0,False
S05939,Sachin Kamath,sachin.kamath84@college.ac.in,ECE,2024,4,5.41,At Risk,3,True
S05940,Rukhsar Rajan,rukhsar.rajan79@college.ac.in,CSE,2024,4,6.21,Average,3,False
S05941,Pooja Singh,pooja.singh50@college.ac.in,CSE,2025,2,7.45,Good,0,False
S05942,Aamir Qureshi,aamir.qureshi24@college.ac.in,AIML,2022,8,5.93,Average,2,False
S05943,Rohit Patel,rohit.patel66@college.ac.in,CSE,2023,6,7.11,Good,0,False
S05944,Vijay Hegde,vijay.hegde41@college.ac.in,ECE,2024,4,7.65,Good,0,False
S05945,Nisha Shetty,nisha.shetty22@college.ac.in,MECH,2023,6,6.14,Average,0,False
S05946,Avinash Arumugam,avinash.arumugam66@college.ac.in,MECH,2025,2,5.83,Average,1,True
S05947,Swathi Gupta,swathi.gupta38@college.ac.in,AIML,2023,6,7.93,Good,0,False
S05948,Rizwan Pandey,rizwan.pandey65@college.ac.in,AIML,2024,3,6.26,Average,0,False
S05949,Imran Shah,imran.shah87@college.ac.in,AIML,2022,8,7.33,Good,0,False
S05950,Pillai Murugan,pillai.murugan37@college.ac.in,CSE,2023,6,7.48,Good,1,False
S05951,Sachin Mishra,sachin.mishra29@college.ac.in,MECH,2025,2,6.88,Average,2,False
S05952,Rajan Patil,rajan.patil92@college.ac.in,ECE,2023,6,6.11,Average,0,False
S05953,Farhan Verma,farhan.verma65@college.ac.in,ECE,2022,8,5.91,Average,4,True
S05954,Vivek Karunakaran,vivek.karunakaran95@college.ac.in,CSE,2024,4,5.89,Average,2,True
S05955,Amit Rao,amit.rao62@college.ac.in,MECH,2024,4,6.63,Average,2,True
S05956,Harish Khan,harish.khan57@college.ac.in,MECH,2025,2,6.35,Average,4,True
S05957,Rajesh Ansari,rajesh.ansari41@college.ac.in,ECE,2024,4,6.0,Average,2,False
S05958,Sonal Gopalakrishnan,sonal.gopalakrishnan46@college.ac.in,ECE,2025,2,6.48,Average,0,False
S05959,Anjali Rao,anjali.rao11@college.ac.in,CSE,2022,8,7.97,Good,0,False
S05960,Arjun Kamath,arjun.kamath46@college.ac.in,ECE,2023,6,5.48,At Risk,6,True
S05961,Suresh Chauhan,suresh.chauhan35@college.ac.in,MECH,2023,6,6.21,Average,1,False
S05962,Rukhsar Natarajan,rukhsar.natarajan93@college.ac.in,ECE,2022,8,8.27,Good,0,False
S05963,Syed Namboothiri,syed.namboothiri69@college.ac.in,MECH,2024,4,6.27,Average,5,True
S05964,Ramya Shah,ramya.shah64@college.ac.in,AIML,2025,2,7.25,Good,3,False
S05965,Nithish Gupta,nithish.gupta47@college.ac.in,CSE,2024,4,7.18,Good,0,False
S05966,Ankita Kumar,ankita.kumar38@college.ac.in,ECE,2025,2,7.61,Good,0,False
S05967,Menon Desai,menon.desai91@college.ac.in,CSE,2022,8,6.16,Average,4,True
S05968,Kavya Desai,kavya.desai32@college.ac.in,CSE,2022,8,6.86,Average,1,False
S05969,Sathish Malik,sathish.malik66@college.ac.in,ECE,2025,2,4.03,At Risk,2,True
S05970,Siddharth Qureshi,siddharth.qureshi99@college.ac.in,AIML,2022,8,7.74,Good,0,False
S05971,Irfan Namboothiri,irfan.namboothiri57@college.ac.in,MECH,2025,2,6.48,Average,2,False
S05972,Praveen Yadav,praveen.yadav18@college.ac.in,ECE,2023,6,5.57,Average,3,True
S05973,Neha Tiwari,neha.tiwari54@college.ac.in,ECE,2022,8,7.74,Good,0,False
S05974,Vignesh Joshi,vignesh.joshi75@college.ac.in,MECH,2022,8,6.74,Average,0,False
S05975,Athul Qureshi,athul.qureshi85@college.ac.in,AIML,2024,4,6.19,Average,2,True
S05976,Prerna Patil,prerna.patil10@college.ac.in,CSE,2025,2,5.49,At Risk,5,True
S05977,Ankit Chetty,ankit.chetty12@college.ac.in,MECH,2024,4,6.02,Average,3,True
S05978,Revathi Patel,revathi.patel81@college.ac.in,MECH,2023,6,5.86,Average,5,False
S05979,Prerna Desai,prerna.desai39@college.ac.in,CSE,2025,2,5.97,Average,5,True
S05980,Arun Das,arun.das11@college.ac.in,CSE,2022,8,8.05,Good,0,False
S05981,Rohit Sharma,rohit.sharma68@college.ac.in,MECH,2022,8,7.22,Good,0,False
S05982,Rishita Sharma,rishita.sharma40@college.ac.in,CSE,2024,4,7.13,Good,0,False
S05983,Ayesha Dubey,ayesha.dubey77@college.ac.in,MECH,2022,8,5.65,Average,1,False
S05984,Aditi Yadav,aditi.yadav35@college.ac.in,CSE,2022,8,5.92,Average,2,True
S05985,Varun Pillai,varun.pillai71@college.ac.in,ECE,2022,8,7.33,Good,0,False
S05986,Nair Subramaniam,nair.subramaniam77@college.ac.in,CSE,2022,8,6.9,Average,0,False
S05987,Rukhsar Namboothiri,rukhsar.namboothiri75@college.ac.in,MECH,2023,6,6.18,Average,4,False
S05988,Sana Babu,sana.babu77@college.ac.in,AIML,2024,4,4.57,At Risk,1,False
S05989,Rukhsar Naidu,rukhsar.naidu81@college.ac.in,MECH,2025,2,5.86,Average,2,True
S05990,Farhan Yadav,farhan.yadav29@college.ac.in,CSE,2025,2,7.16,Good,0,False
S05991,Swathi Joshi,swathi.joshi97@college.ac.in,MECH,2023,6,5.93,Average,2,True
S05992,Arjun Kamath,arjun.kamath26@college.ac.in,MECH,2022,8,6.24,Average,3,True
S05993,Anjali Iyengar,anjali.iyengar80@college.ac.in,CSE,2024,4,6.64,Average,2,False
S05994,Ayesha Mishra,ayesha.mishra42@college.ac.in,MECH,2024,4,6.38,Average,0,False
S05995,Riya Varma,riya.varma88@college.ac.in,CSE,2024,4,6.72,Average,0,False
S05996,Aditi Warrier,aditi.warrier15@college.ac.in,CSE,2024,4,7.92,Good,0,False
S05997,Krishnan Prasad,krishnan.prasad78@college.ac.in,ECE,2023,6,6.14,Average,0,False
S05998,Varun Mishra,varun.mishra32@college.ac.in,ECE,2025,2,6.48,Average,0,False
S05999,Harish Subramaniam,harish.subramaniam87@college.ac.in,ECE,2024,4,6.43,Average,1,True
S06000,Amina Patel,amina.patel58@college.ac.in,ECE,2023,5,7.0,Good,0,False
S06001,Vignesh Mirza,vignesh.mirza18@college.ac.in,CSE,2025,2,6.03,Average,1,False
S06002,Pooja Siddiqui,pooja.siddiqui19@college.ac.in,ECE,2023,5,6.21,Average,1,True
S06003,Krishnan Iyer,krishnan.iyer64@college.ac.in,ECE,2024,4,7.38,Good,0,False
S06004,Varun Murugan,varun.murugan99@college.ac.in,MECH,2025,2,7.98,Good,0,False
S06005,Rishita Joshi,rishita.joshi52@college.ac.in,ECE,2023,5,5.45,At Risk,4,True
S06006,Suresh Velayudhan,suresh.velayudhan65@college.ac.in,MECH,2022,8,7.06,Good,0,False
S06007,Arun Malik,arun.malik98@college.ac.in,CSE,2023,5,7.42,Good,0,False
S06008,Ankit Rajan,ankit.rajan61@college.ac.in,AIML,2022,8,7.35,Good,0,False
S06009,Muralidhar Nambiar,muralidhar.nambiar78@college.ac.in,ECE,2023,6,6.44,Average,4,True
S06010,Junaid Reddy,junaid.reddy40@college.ac.in,ECE,2025,2,6.22,Average,2,False
S06011,Meena Mehta,meena.mehta78@college.ac.in,CSE,2024,4,7.41,Good,0,False
S06012,Dhanush Shetty,dhanush.shetty50@college.ac.in,MECH,2022,8,7.8,Good,0,False
S06013,Aman Selvam,aman.selvam29@college.ac.in,CSE,2022,8,6.11,Average,4,True
S06014,Jithin Joshi,jithin.joshi38@college.ac.in,CSE,2025,2,6.86,Average,0,False
S06015,Farhan Hussain,farhan.hussain45@college.ac.in,CSE,2023,6,6.53,Average,0,False
S06016,Athul Krishnan,athul.krishnan77@college.ac.in,MECH,2022,8,7.49,Good,0,False
S06017,Arun Bhat,arun.bhat44@college.ac.in,MECH,2025,2,7.06,Good,0,False
S06018,Deepak Siddiqui,deepak.siddiqui45@college.ac.in,AIML,2025,2,7.03,Good,4,False
S06019,Ajith Mishra,ajith.mishra98@college.ac.in,ECE,2025,2,7.28,Good,0,False
S06020,Ramesh Babu,ramesh.babu65@college.ac.in,MECH,2024,3,7.68,Good,0,False
S06021,Dhanush Mehta,dhanush.mehta85@college.ac.in,MECH,2022,8,7.38,Good,0,False
S06022,Zainab Kulkarni,zainab.kulkarni59@college.ac.in,CSE,2025,2,9.28,Excellent,0,False
S06023,Harish Yadav,harish.yadav15@college.ac.in,ECE,2023,6,6.13,Average,2,False
S06024,Menon Selvam,menon.selvam13@college.ac.in,MECH,2023,6,7.16,Good,0,False
S06025,Amal Shah,amal.shah24@college.ac.in,AIML,2024,4,6.61,Average,0,False
S06026,Nair Natarajan,nair.natarajan21@college.ac.in,CSE,2022,8,7.25,Good,0,False
S06027,Madhan Natarajan,madhan.natarajan21@college.ac.in,CSE,2023,6,6.79,Average,0,False
S06028,Nadia Malik,nadia.malik52@college.ac.in,AIML,2024,4,7.04,Good,0,False
S06029,Nithish Singh,nithish.singh24@college.ac.in,MECH,2022,8,5.36,At Risk,3,False
S06030,Sana Hussain,sana.hussain45@college.ac.in,CSE,2023,5,7.19,Good,0,False
S06031,Rajan Shetty,rajan.shetty65@college.ac.in,MECH,2024,4,6.3,Average,1,True
S06032,Mohammed Patel,mohammed.patel14@college.ac.in,CSE,2022,8,7.3,Good,0,False
S06033,Kavya Mirza,kavya.mirza98@college.ac.in,MECH,2024,4,6.1,Average,2,False
S06034,Saranya Shetty,saranya.shetty12@college.ac.in,CSE,2023,6,6.69,Average,0,False
S06035,Pillai Siddiqui,pillai.siddiqui25@college.ac.in,CSE,2025,2,8.6,Excellent,0,False
S06036,Vignesh Mehta,vignesh.mehta84@college.ac.in,AIML,2025,2,7.81,Good,0,False
S06037,Pooja Rao,pooja.rao41@college.ac.in,MECH,2023,6,6.3,Average,5,True
S06038,Vishnu Pillai,vishnu.pillai75@college.ac.in,MECH,2024,4,7.65,Good,0,False
S06039,Ajith Warrier,ajith.warrier42@college.ac.in,ECE,2023,6,6.75,Average,0,False
S06040,Lakshmi Natarajan,lakshmi.natarajan66@college.ac.in,MECH,2023,6,5.47,At Risk,2,True
S06041,Asif Hussain,asif.hussain18@college.ac.in,AIML,2025,2,7.19,Good,0,False
S06042,Revathi Nambiar,revathi.nambiar86@college.ac.in,ECE,2023,5,7.4,Good,0,False
S06043,Sneha Babu,sneha.babu39@college.ac.in,CSE,2025,2,5.76,Average,3,True
S06044,Rajan Murugan,rajan.murugan57@college.ac.in,ECE,2024,4,6.56,Average,5,True
S06045,Saranya Naidu,saranya.naidu88@college.ac.in,CSE,2025,2,5.65,Average,6,True
S06046,Siddharth Khan,siddharth.khan70@college.ac.in,CSE,2022,8,6.39,Average,5,True
S06047,Menon Shetty,menon.shetty42@college.ac.in,MECH,2025,2,6.25,Average,0,False
S06048,Vignesh Chetty,vignesh.chetty70@college.ac.in,CSE,2024,4,7.35,Good,0,False
S06049,Imran Rao,imran.rao23@college.ac.in,CSE,2024,3,5.37,At Risk,6,False
S06050,Zainab Rao,zainab.rao89@college.ac.in,MECH,2023,6,6.08,Average,0,False
S06051,Avinash Naidu,avinash.naidu34@college.ac.in,ECE,2024,4,7.38,Good,0,False
S06052,Sathish Natarajan,sathish.natarajan38@college.ac.in,ECE,2025,2,5.83,Average,1,False
S06053,Deepak Patil,deepak.patil63@college.ac.in,CSE,2025,2,6.67,Average,2,True
S06054,Akash Babu,akash.babu60@college.ac.in,AIML,2024,4,8.09,Good,0,False
S06055,Mohammed Malik,mohammed.malik36@college.ac.in,MECH,2024,4,5.47,At Risk,5,True
S06056,Babu Shah,babu.shah62@college.ac.in,AIML,2025,2,4.65,At Risk,6,False
S06057,Muralidhar Verma,muralidhar.verma80@college.ac.in,ECE,2022,8,7.42,Good,0,False
S06058,Sanjay Krishnan,sanjay.krishnan23@college.ac.in,CSE,2025,2,8.04,Good,0,False
S06059,Karthik Ansari,karthik.ansari26@college.ac.in,CSE,2025,2,7.59,Good,0,False
S06060,Sreejith Prasad,sreejith.prasad10@college.ac.in,CSE,2024,4,5.85,Average,4,False
S06061,Sonal Selvam,sonal.selvam78@college.ac.in,AIML,2023,6,6.17,Average,3,True
S06062,Lakshmi Sharma,lakshmi.sharma49@college.ac.in,MECH,2023,6,6.46,Average,0,False
S06063,Rahul Pillai,rahul.pillai49@college.ac.in,AIML,2024,3,4.18,At Risk,6,False
S06064,Neha Patel,neha.patel51@college.ac.in,ECE,2024,4,7.41,Good,0,False
S06065,Akash Subramaniam,akash.subramaniam37@college.ac.in,MECH,2025,2,4.8,At Risk,4,False
S06066,Lakshmi Siddiqui,lakshmi.siddiqui62@college.ac.in,CSE,2024,4,7.01,Good,0,False
S06067,Surya Verma,surya.verma42@college.ac.in,MECH,2025,2,5.45,At Risk,4,True
S06068,Aishwarya Sheikh,aishwarya.sheikh27@college.ac.in,MECH,2024,4,7.46,Good,0,False
S06069,Akash Hegde,akash.hegde96@college.ac.in,CSE,2022,8,5.57,Average,2,True
S06070,Amit Nair,amit.nair60@college.ac.in,AIML,2022,8,7.57,Good,0,False
S06071,Divya Menon,divya.menon31@college.ac.in,AIML,2023,6,7.7,Good,0,False
S06072,Madhan Desai,madhan.desai24@college.ac.in,ECE,2025,2,4.65,At Risk,2,False
S06073,Pallavi Malik,pallavi.malik10@college.ac.in,CSE,2023,6,6.88,Average,0,False
S06074,Ayesha Hegde,ayesha.hegde15@college.ac.in,MECH,2022,8,5.2,At Risk,4,True
S06075,Nair Selvam,nair.selvam36@college.ac.in,MECH,2022,8,6.45,Average,0,False
S06076,Vishnu Bhat,vishnu.bhat85@college.ac.in,AIML,2025,2,5.77,Average,6,False
S06077,Praveen Desai,praveen.desai96@college.ac.in,MECH,2024,4,5.75,Average,2,True
S06078,Muralidhar Sharma,muralidhar.sharma82@college.ac.in,AIML,2023,6,7.39,Good,0,False
S06079,Nikhil Mirza,nikhil.mirza43@college.ac.in,ECE,2024,4,5.5,Average,0,False
S06080,Riya Ansari,riya.ansari48@college.ac.in,MECH,2024,4,5.57,Average,5,True
S06081,Abhijith Gupta,abhijith.gupta48@college.ac.in,ECE,2024,3,6.93,Average,0,False
S06082,Naveen Pandey,naveen.pandey69@college.ac.in,MECH,2024,4,4.91,At Risk,5,True
S06083,Nisha Rao,nisha.rao80@college.ac.in,ECE,2023,6,4.82,At Risk,2,True
S06084,Rahul Mirza,rahul.mirza76@college.ac.in,AIML,2023,5,6.76,Average,2,False
S06085,Sanjay Selvam,sanjay.selvam50@college.ac.in,AIML,2023,6,6.52,Average,5,True
S06086,Rohit Warrier,rohit.warrier82@college.ac.in,MECH,2024,4,5.61,Average,2,False
S06087,Siddharth Patil,siddharth.patil82@college.ac.in,AIML,2022,8,7.97,Good,0,False
S06088,Hiba Sheikh,hiba.sheikh83@college.ac.in,AIML,2025,2,6.53,Average,0,False
S06089,Aishwarya Dubey,aishwarya.dubey70@college.ac.in,AIML,2023,6,5.31,At Risk,5,True
S06090,Tanvi Naidu,tanvi.naidu48@college.ac.in,MECH,2025,2,5.9,Average,3,True
S06091,Anjali Bhat,anjali.bhat52@college.ac.in,AIML,2025,2,6.11,Average,0,False
S06092,Irfan Hussain,irfan.hussain64@college.ac.in,MECH,2024,4,5.81,Average,5,False
S06093,Sreejith Venkataraman,sreejith.venkataraman81@college.ac.in,MECH,2025,2,5.37,At Risk,2,True
S06094,Aman Selvam,aman.selvam73@college.ac.in,ECE,2022,8,7.74,Good,0,False
S06095,Ganesh Pillai,ganesh.pillai29@college.ac.in,AIML,2023,6,5.28,At Risk,5,True
S06096,Krishnan Iyer,krishnan.iyer69@college.ac.in,ECE,2025,2,6.29,Average,0,False
S06097,Aishwarya Chetty,aishwarya.chetty99@college.ac.in,MECH,2022,8,7.18,Good,3,False
S06098,Athul Shetty,athul.shetty87@college.ac.in,CSE,2022,8,5.49,At Risk,3,True
S06099,Pooja Naidu,pooja.naidu97@college.ac.in,ECE,2025,2,5.81,Average,6,True
S06100,Aman Dubey,aman.dubey44@college.ac.in,ECE,2022,8,8.07,Good,0,False
S06101,Faisal Malik,faisal.malik70@college.ac.in,CSE,2023,6,6.31,Average,3,False
S06102,Fatima Mehta,fatima.mehta24@college.ac.in,CSE,2024,4,7.38,Good,0,False
S06103,Pooja Venkataraman,pooja.venkataraman85@college.ac.in,CSE,2024,4,7.2,Good,0,False
S06104,Manoj Chandrasekaran,manoj.chandrasekaran75@college.ac.in,ECE,2022,8,5.16,At Risk,3,False
S06105,Amit Selvam,amit.selvam34@college.ac.in,ECE,2024,4,5.13,At Risk,5,True
S06106,Irfan Arumugam,irfan.arumugam373@college.ac.in,CSE,2024,4,5.95,Average,2,False
S06107,Farhan Mirza,farhan.mirza73@college.ac.in,ECE,2024,4,6.67,Average,0,False
S06108,Piyush Venkataraman,piyush.venkataraman80@college.ac.in,ECE,2023,6,5.51,Average,2,True
S06109,Kavya Kamath,kavya.kamath40@college.ac.in,AIML,2025,2,7.46,Good,0,False
S06110,Neha Patel,neha.patel47@college.ac.in,AIML,2025,2,6.37,Average,2,False
S06111,Logesh Singh,logesh.singh44@college.ac.in,CSE,2025,2,7.76,Good,0,False
S06112,Amina Pillai,amina.pillai59@college.ac.in,MECH,2022,8,5.9,Average,3,True
S06113,Neha Verma,neha.verma62@college.ac.in,ECE,2025,2,7.09,Good,0,False
S06114,Aamir Kulkarni,aamir.kulkarni75@college.ac.in,CSE,2025,2,5.8,Average,4,True
S06115,Hiba Karunakaran,hiba.karunakaran80@college.ac.in,ECE,2022,8,7.74,Good,0,False
S06116,Neha Rao,neha.rao74@college.ac.in,ECE,2024,3,5.95,Average,4,False
S06117,Bilal Mishra,bilal.mishra29@college.ac.in,ECE,2022,8,7.13,Good,0,False
S06118,Ayesha Nair,ayesha.nair23@college.ac.in,MECH,2024,4,6.52,Average,0,False
S06119,Lakshmi Murthy,lakshmi.murthy80@college.ac.in,ECE,2022,8,6.7,Average,0,False
S06120,Junaid Warrier,junaid.warrier52@college.ac.in,CSE,2023,6,6.49,Average,0,False
S06121,Swathi Arumugam,swathi.arumugam85@college.ac.in,MECH,2024,4,5.36,At Risk,2,True
S06122,Tanvi Verma,tanvi.verma82@college.ac.in,MECH,2024,3,6.5,Average,0,False
S06123,Fatima Patel,fatima.patel31@college.ac.in,AIML,2023,6,7.95,Good,0,False
S06124,Praveen Subramaniam,praveen.subramaniam53@college.ac.in,ECE,2023,6,5.26,At Risk,2,True
S06125,Jithin Siddiqui,jithin.siddiqui38@college.ac.in,CSE,2022,8,7.4,Good,0,False
S06126,Nithya Shah,nithya.shah54@college.ac.in,MECH,2024,3,6.24,Average,0,False
S06127,Amal Gupta,amal.gupta29@college.ac.in,MECH,2025,2,5.94,Average,2,True
S06128,Muralidhar Pandey,muralidhar.pandey91@college.ac.in,CSE,2023,6,7.2,Good,0,False
S06129,Rukhsar Pillai,rukhsar.pillai78@college.ac.in,MECH,2024,4,5.68,Average,5,True
S06130,Vikram Joshi,vikram.joshi67@college.ac.in,CSE,2022,8,7.02,Good,0,False
S06131,Deepak Kulkarni,deepak.kulkarni82@college.ac.in,MECH,2023,6,6.6,Average,0,False
S06132,Abhijith Verma,abhijith.verma27@college.ac.in,MECH,2024,4,5.32,At Risk,2,True
S06133,Ramya Subramaniam,ramya.subramaniam34@college.ac.in,MECH,2025,2,7.46,Good,0,False
S06134,Babu Kamath,babu.kamath30@college.ac.in,ECE,2025,2,5.11,At Risk,4,True
S06135,Aditi Das,aditi.das27@college.ac.in,ECE,2024,4,3.92,At Risk,6,True
S06136,Nikhil Pandey,nikhil.pandey49@college.ac.in,MECH,2025,2,7.04,Good,0,False
S06137,Nithya Singh,nithya.singh99@college.ac.in,AIML,2025,2,7.77,Good,0,False
S06138,Muralidhar Iyer,muralidhar.iyer99@college.ac.in,CSE,2023,6,6.43,Average,2,True
S06139,Rajesh Mirza,rajesh.mirza11@college.ac.in,MECH,2022,8,8.07,Good,0,False
S06140,Prithviraj Namboothiri,prithviraj.namboothiri45@college.ac.in,CSE,2022,8,6.54,Average,0,False
S06141,Amit Ansari,amit.ansari99@college.ac.in,CSE,2024,4,7.74,Good,0,False
S06142,Babu Malik,babu.malik40@college.ac.in,ECE,2024,4,5.7,Average,3,True
S06143,Harish Subramaniam,harish.subramaniam126@college.ac.in,AIML,2025,2,6.9,Average,0,False
S06144,Nithya Chauhan,nithya.chauhan22@college.ac.in,CSE,2023,5,7.26,Good,0,False
S06145,Junaid Patel,junaid.patel48@college.ac.in,ECE,2025,2,5.24,At Risk,3,True
S06146,Riya Natarajan,riya.natarajan22@college.ac.in,MECH,2024,3,4.79,At Risk,2,True
S06147,Pooja Menon,pooja.menon44@college.ac.in,ECE,2022,8,6.77,Average,3,True
S06148,Sachin Mirza,sachin.mirza16@college.ac.in,ECE,2023,5,7.39,Good,0,False
S06149,Akash Sheikh,akash.sheikh43@college.ac.in,ECE,2024,3,7.42,Good,0,False
S06150,Rizwan Rao,rizwan.rao74@college.ac.in,AIML,2023,6,4.85,At Risk,3,True
S06151,Tarun Warrier,tarun.warrier70@college.ac.in,CSE,2025,2,6.94,Average,5,False
S06152,Gaurav Murugan,gaurav.murugan10@college.ac.in,MECH,2024,4,3.08,At Risk,6,False
S06153,Arjun Mehta,arjun.mehta25@college.ac.in,MECH,2022,8,7.31,Good,0,False
S06154,Harish Karunakaran,harish.karunakaran11@college.ac.in,ECE,2023,6,6.49,Average,0,False
S06155,Rizwan Babu,rizwan.babu93@college.ac.in,MECH,2023,6,6.32,Average,0,False
S06156,Nisha Kumar,nisha.kumar41@college.ac.in,ECE,2022,8,5.41,At Risk,5,True
S06157,Nisha Chetty,nisha.chetty25@college.ac.in,ECE,2023,6,5.39,At Risk,4,True
S06158,Adil Shetty,adil.shetty45@college.ac.in,CSE,2023,6,6.57,Average,0,False
S06159,Priya Naidu,priya.naidu89@college.ac.in,CSE,2025,2,7.46,Good,0,False
S06160,Karthik Prasad,karthik.prasad92@college.ac.in,MECH,2024,4,5.07,At Risk,4,False
S06161,Logesh Chandrasekaran,logesh.chandrasekaran54@college.ac.in,MECH,2024,4,6.59,Average,0,False
S06162,Vivek Desai,vivek.desai58@college.ac.in,ECE,2022,8,7.63,Good,0,False
S06163,Ankita Qureshi,ankita.qureshi48@college.ac.in,AIML,2022,8,6.61,Average,0,False
S06164,Akash Babu,akash.babu85@college.ac.in,ECE,2022,8,8.17,Good,0,False
S06165,Abhijith Selvam,abhijith.selvam62@college.ac.in,CSE,2024,4,5.71,Average,5,True
S06166,Surya Hussain,surya.hussain11@college.ac.in,CSE,2025,2,8.31,Good,1,False
S06167,Harish Kumar,harish.kumar37@college.ac.in,MECH,2022,8,7.73,Good,0,False
S06168,Neha Iyer,neha.iyer50@college.ac.in,ECE,2022,8,6.77,Average,0,False
S06169,Asif Verma,asif.verma80@college.ac.in,MECH,2022,8,6.01,Average,5,True
S06170,Ramya Nair,ramya.nair89@college.ac.in,CSE,2023,6,7.22,Good,0,False
S06171,Sonal Chetty,sonal.chetty84@college.ac.in,AIML,2023,6,6.2,Average,3,True
S06172,Arun Desai,arun.desai38@college.ac.in,CSE,2023,6,6.01,Average,4,True
S06173,Karthik Rao,karthik.rao47@college.ac.in,CSE,2023,6,7.41,Good,0,False
S06174,Keerthi Kamath,keerthi.kamath55@college.ac.in,AIML,2024,4,8.19,Good,0,False
S06175,Mansi Qureshi,mansi.qureshi83@college.ac.in,ECE,2024,4,6.04,Average,4,False
S06176,Ganesh Chetty,ganesh.chetty35@college.ac.in,CSE,2025,2,8.02,Good,0,False
S06177,Pooja Patel,pooja.patel74@college.ac.in,AIML,2025,2,6.35,Average,0,False
S06178,Revathi Naidu,revathi.naidu18@college.ac.in,CSE,2023,6,6.29,Average,5,True
S06179,Bilal Siddiqui,bilal.siddiqui37@college.ac.in,CSE,2023,6,6.89,Average,0,False
S06180,Aman Hussain,aman.hussain38@college.ac.in,MECH,2022,8,6.79,Average,0,False
S06181,Prerna Naidu,prerna.naidu63@college.ac.in,ECE,2023,5,6.52,Average,0,False
S06182,Shubham Nair,shubham.nair10@college.ac.in,ECE,2024,4,5.93,Average,3,False
S06183,Nikhil Varma,nikhil.varma57@college.ac.in,AIML,2023,6,6.89,Average,0,False
S06184,Zainab Patil,zainab.patil72@college.ac.in,ECE,2025,2,6.88,Average,0,False
S06185,Gaurav Namboothiri,gaurav.namboothiri28@college.ac.in,ECE,2025,2,7.6,Good,0,False
S06186,Gaurav Qureshi,gaurav.qureshi56@college.ac.in,CSE,2024,4,6.16,Average,0,False
S06187,Tanvi Tiwari,tanvi.tiwari47@college.ac.in,ECE,2022,8,7.19,Good,0,False
S06188,Dinesh Nair,dinesh.nair11@college.ac.in,ECE,2023,6,6.13,Average,0,False
S06189,Vivek Varma,vivek.varma15@college.ac.in,CSE,2024,4,7.91,Good,2,False
S06190,Abhijith Khan,abhijith.khan58@college.ac.in,ECE,2022,8,7.39,Good,0,False
S06191,Shreya Arumugam,shreya.arumugam55@college.ac.in,MECH,2024,4,6.72,Average,0,False
S06192,Ankit Qureshi,ankit.qureshi38@college.ac.in,AIML,2025,2,7.28,Good,0,False
S06193,Zainab Kamath,zainab.kamath96@college.ac.in,MECH,2024,3,7.42,Good,0,False
S06194,Nadia Mehta,nadia.mehta82@college.ac.in,ECE,2022,8,7.34,Good,0,False
S06195,Nadia Joshi,nadia.joshi82@college.ac.in,MECH,2024,4,6.08,Average,0,False
S06196,Vishnu Patil,vishnu.patil69@college.ac.in,CSE,2024,3,7.6,Good,0,False
S06197,Piyush Patil,piyush.patil97@college.ac.in,ECE,2023,6,8.18,Good,0,False
S06198,Nisha Iyengar,nisha.iyengar39@college.ac.in,ECE,2024,4,6.47,Average,0,False
S06199,Rahul Nair,rahul.nair46@college.ac.in,AIML,2023,6,5.73,Average,2,True
S06200,Nikhil Qureshi,nikhil.qureshi42@college.ac.in,MECH,2023,6,6.95,Average,0,False
S06201,Suresh Tiwari,suresh.tiwari73@college.ac.in,MECH,2022,8,7.18,Good,0,False
S06202,Siddharth Naidu,siddharth.naidu33@college.ac.in,MECH,2025,2,7.51,Good,0,False
S06203,Shreya Shetty,shreya.shetty14@college.ac.in,MECH,2024,4,6.95,Average,0,False
S06204,Ankita Sheikh,ankita.sheikh38@college.ac.in,CSE,2023,6,6.53,Average,1,False
S06205,Mohammed Siddiqui,mohammed.siddiqui43@college.ac.in,ECE,2024,4,6.02,Average,4,False
S06206,Zainab Iyengar,zainab.iyengar53@college.ac.in,ECE,2023,5,6.24,Average,1,True
S06207,Lakshmi Hegde,lakshmi.hegde51@college.ac.in,CSE,2022,8,6.17,Average,6,True
S06208,Nithish Iyengar,nithish.iyengar67@college.ac.in,MECH,2023,6,7.7,Good,0,False
S06209,Athul Nair,athul.nair23@college.ac.in,AIML,2023,6,6.43,Average,3,True
S06210,Usman Rao,usman.rao77@college.ac.in,MECH,2022,8,6.71,Average,1,True
S06211,Simran Kamath,simran.kamath42@college.ac.in,MECH,2023,6,7.25,Good,0,False
S06212,Shubham Kamath,shubham.kamath59@college.ac.in,AIML,2025,2,6.72,Average,0,False
S06213,Swati Ansari,swati.ansari31@college.ac.in,ECE,2022,8,6.89,Average,0,False
S06214,Vijay Yadav,vijay.yadav51@college.ac.in,CSE,2023,6,6.12,Average,3,True
S06215,Surya Patil,surya.patil49@college.ac.in,MECH,2024,4,5.6,Average,2,False
S06216,Prithviraj Verma,prithviraj.verma91@college.ac.in,AIML,2023,5,6.41,Average,0,False
S06217,Praveen Khan,praveen.khan15@college.ac.in,ECE,2023,6,7.6,Good,0,False
S06218,Muralidhar Chandrasekaran,muralidhar.chandrasekaran57@college.ac.in,CSE,2025,2,8.63,Excellent,0,False
S06219,Sonal Sharma,sonal.sharma20@college.ac.in,AIML,2024,4,7.68,Good,0,False
S06220,Sachin Hussain,sachin.hussain67@college.ac.in,CSE,2022,8,5.19,At Risk,2,True
S06221,Pooja Sheikh,pooja.sheikh33@college.ac.in,AIML,2024,4,6.83,Average,0,False
S06222,Amina Venkataraman,amina.venkataraman93@college.ac.in,CSE,2024,3,6.44,Average,5,True
S06223,Pallavi Chandrasekaran,pallavi.chandrasekaran48@college.ac.in,MECH,2024,4,6.87,Average,0,False
S06224,Faisal Iyengar,faisal.iyengar60@college.ac.in,CSE,2024,4,6.46,Average,3,True
S06225,Gaurav Pillai,gaurav.pillai54@college.ac.in,ECE,2025,2,7.42,Good,0,False
S06226,Harish Joshi,harish.joshi85@college.ac.in,MECH,2023,6,7.77,Good,0,False
S06227,Usman Namboothiri,usman.namboothiri57@college.ac.in,MECH,2022,8,7.03,Good,0,False
S06228,Pallavi Chetty,pallavi.chetty98@college.ac.in,CSE,2022,8,7.58,Good,0,False
S06229,Abhijith Sheikh,abhijith.sheikh63@college.ac.in,ECE,2023,6,6.47,Average,2,False
S06230,Amal Arumugam,amal.arumugam57@college.ac.in,CSE,2025,2,6.46,Average,2,True
S06231,Aishwarya Dubey,aishwarya.dubey89@college.ac.in,MECH,2025,2,5.87,Average,1,True
S06232,Kavya Kulkarni,kavya.kulkarni30@college.ac.in,CSE,2023,6,7.36,Good,3,False
S06233,Keerthi Bhat,keerthi.bhat60@college.ac.in,MECH,2025,2,6.16,Average,4,True
S06234,Vikram Kamath,vikram.kamath20@college.ac.in,CSE,2025,2,7.1,Good,0,False
S06235,Shubham Murugan,shubham.murugan33@college.ac.in,AIML,2024,4,6.79,Average,0,False
S06236,Priya Prasad,priya.prasad45@college.ac.in,MECH,2022,8,6.71,Average,0,False
S06237,Mohammed Warrier,mohammed.warrier14@college.ac.in,MECH,2023,6,5.68,Average,2,True
S06238,Ankit Gupta,ankit.gupta28@college.ac.in,MECH,2025,2,7.54,Good,0,False
S06239,Mansi Velayudhan,mansi.velayudhan49@college.ac.in,ECE,2023,6,7.48,Good,0,False
S06240,Sonal Chandrasekaran,sonal.chandrasekaran58@college.ac.in,AIML,2023,6,7.58,Good,0,False
S06241,Meena Gopalakrishnan,meena.gopalakrishnan46@college.ac.in,CSE,2025,2,8.36,Good,0,False
S06242,Priya Shetty,priya.shetty81@college.ac.in,CSE,2024,4,6.86,Average,0,False
S06243,Anjali Sheikh,anjali.sheikh33@college.ac.in,ECE,2025,2,6.1,Average,0,False
S06244,Jithin Iyengar,jithin.iyengar67@college.ac.in,CSE,2023,6,6.21,Average,0,False
S06245,Fatima Siddiqui,fatima.siddiqui85@college.ac.in,CSE,2024,4,7.25,Good,0,False
S06246,Nithish Murthy,nithish.murthy844@college.ac.in,CSE,2023,6,7.5,Good,0,False
S06247,Bilal Joshi,bilal.joshi81@college.ac.in,MECH,2022,8,6.8,Average,0,False
S06248,Saranya Mehta,saranya.mehta93@college.ac.in,ECE,2023,6,6.0,Average,0,False
S06249,Imran Joshi,imran.joshi89@college.ac.in,CSE,2022,8,7.56,Good,0,False
S06250,Rajesh Patel,rajesh.patel39@college.ac.in,AIML,2023,6,6.08,Average,2,False
S06251,Shahid Krishnan,shahid.krishnan10@college.ac.in,CSE,2025,2,6.91,Average,5,False
S06252,Farhan Gupta,farhan.gupta13@college.ac.in,ECE,2022,8,6.84,Average,0,False
S06253,Priya Arumugam,priya.arumugam42@college.ac.in,MECH,2024,4,6.18,Average,0,False
S06254,Faisal Venkataraman,faisal.venkataraman45@college.ac.in,CSE,2023,6,7.51,Good,0,False
S06255,Harish Krishnan,harish.krishnan80@college.ac.in,CSE,2023,6,5.69,Average,2,True
S06256,Piyush Rao,piyush.rao78@college.ac.in,AIML,2023,6,7.38,Good,0,False
S06257,Revathi Chauhan,revathi.chauhan51@college.ac.in,CSE,2022,8,5.55,Average,5,True
S06258,Prithviraj Sharma,prithviraj.sharma99@college.ac.in,ECE,2023,6,5.65,Average,1,False
S06259,Ganesh Malik,ganesh.malik34@college.ac.in,AIML,2024,4,7.24,Good,0,False
S06260,Usman Naidu,usman.naidu38@college.ac.in,MECH,2023,6,6.89,Average,4,False
S06261,Ankita Karunakaran,ankita.karunakaran43@college.ac.in,MECH,2022,8,5.9,Average,2,True
S06262,Syed Das,syed.das70@college.ac.in,CSE,2025,2,8.56,Excellent,0,False
S06263,Akash Pandey,akash.pandey51@college.ac.in,CSE,2022,8,7.6,Good,0,False
S06264,Ajith Venkataraman,ajith.venkataraman71@college.ac.in,ECE,2024,4,5.65,Average,5,True
S06265,Arjun Gupta,arjun.gupta15@college.ac.in,MECH,2023,6,5.1,At Risk,4,True
S06266,Nithya Naidu,nithya.naidu50@college.ac.in,AIML,2024,4,7.49,Good,0,False
S06267,Menon Velayudhan,menon.velayudhan30@college.ac.in,ECE,2023,6,6.84,Average,2,False
S06268,Rishita Verma,rishita.verma82@college.ac.in,CSE,2024,4,7.4,Good,0,False
S06269,Avinash Reddy,avinash.reddy73@college.ac.in,AIML,2025,2,7.9,Good,0,False
S06270,Keerthi Mirza,keerthi.mirza42@college.ac.in,MECH,2025,2,7.04,Good,0,False
S06271,Sachin Nambiar,sachin.nambiar44@college.ac.in,CSE,2023,6,7.82,Good,0,False
S06272,Gaurav Natarajan,gaurav.natarajan39@college.ac.in,CSE,2025,2,7.02,Good,0,False
S06273,Suresh Bhat,suresh.bhat62@college.ac.in,AIML,2023,6,5.19,At Risk,4,True
S06274,Ajith Qureshi,ajith.qureshi77@college.ac.in,MECH,2024,4,5.73,Average,3,False
S06275,Tarun Pillai,tarun.pillai94@college.ac.in,CSE,2023,6,5.84,Average,3,False
S06276,Vivek Dubey,vivek.dubey61@college.ac.in,MECH,2022,8,6.4,Average,0,False
S06277,Mansi Subramaniam,mansi.subramaniam28@college.ac.in,AIML,2023,6,7.2,Good,0,False
S06278,Deepak Selvam,deepak.selvam21@college.ac.in,ECE,2024,4,6.04,Average,5,False
S06279,Sneha Pandey,sneha.pandey75@college.ac.in,AIML,2024,4,5.35,At Risk,4,True
S06280,Neha Qureshi,neha.qureshi36@college.ac.in,ECE,2024,4,6.11,Average,1,False
S06281,Ravi Dubey,ravi.dubey62@college.ac.in,CSE,2024,4,5.93,Average,1,True
S06282,Nithya Patel,nithya.patel12@college.ac.in,CSE,2022,8,6.98,Average,0,False
S06283,Rajan Hussain,rajan.hussain85@college.ac.in,AIML,2022,8,7.32,Good,0,False
S06284,Praveen Krishnan,praveen.krishnan17@college.ac.in,AIML,2025,2,7.83,Good,0,False
S06285,Muralidhar Kumar,muralidhar.kumar45@college.ac.in,ECE,2023,6,5.96,Average,3,True
S06286,Manoj Pillai,manoj.pillai20@college.ac.in,AIML,2025,2,6.83,Average,0,False
S06287,Ajith Naidu,ajith.naidu18@college.ac.in,AIML,2023,6,5.78,Average,1,True
S06288,Mansi Iyengar,mansi.iyengar37@college.ac.in,ECE,2023,5,6.56,Average,0,False
S06289,Ravi Natarajan,ravi.natarajan34@college.ac.in,CSE,2023,6,7.43,Good,0,False
S06290,Nithish Hussain,nithish.hussain79@college.ac.in,MECH,2025,2,6.03,Average,2,False
S06291,Sonal Qureshi,sonal.qureshi20@college.ac.in,CSE,2022,8,7.19,Good,0,False
S06292,Usman Iyer,usman.iyer49@college.ac.in,CSE,2022,8,8.2,Good,0,False
S06293,Syed Das,syed.das99@college.ac.in,MECH,2023,6,7.27,Good,0,False
S06294,Mansi Velayudhan,mansi.velayudhan91@college.ac.in,AIML,2024,4,5.31,At Risk,5,True
S06295,Vishnu Desai,vishnu.desai35@college.ac.in,MECH,2022,8,6.18,Average,2,True
S06296,Mansi Kulkarni,mansi.kulkarni51@college.ac.in,ECE,2022,8,6.89,Average,0,False
S06297,Rishita Mishra,rishita.mishra20@college.ac.in,ECE,2025,2,8.22,Good,0,False
S06298,Nikhil Chauhan,nikhil.chauhan37@college.ac.in,ECE,2024,4,7.55,Good,0,False
S06299,Keerthi Joshi,keerthi.joshi48@college.ac.in,CSE,2024,4,6.91,Average,0,False
S06300,Amina Naidu,amina.naidu52@college.ac.in,MECH,2025,2,7.28,Good,0,False
S06301,Arjun Nambiar,arjun.nambiar45@college.ac.in,CSE,2023,6,7.55,Good,5,False
S06302,Irfan Shah,irfan.shah97@college.ac.in,MECH,2025,2,5.36,At Risk,5,False
S06303,Ankita Patel,ankita.patel39@college.ac.in,ECE,2023,6,6.19,Average,0,False
S06304,Ravi Kulkarni,ravi.kulkarni88@college.ac.in,AIML,2024,4,5.58,Average,3,True
S06305,Aman Babu,aman.babu84@college.ac.in,MECH,2025,2,7.58,Good,0,False
S06306,Nisha Mishra,nisha.mishra23@college.ac.in,MECH,2024,4,7.99,Good,0,False
S06307,Bilal Patel,bilal.patel38@college.ac.in,CSE,2022,8,7.4,Good,0,False
S06308,Neha Patil,neha.patil81@college.ac.in,MECH,2025,2,6.49,Average,0,False
S06309,Rohit Dubey,rohit.dubey48@college.ac.in,MECH,2024,4,6.26,Average,2,True
S06310,Amal Selvam,amal.selvam25@college.ac.in,CSE,2024,3,7.72,Good,0,False
S06311,Fatima Patil,fatima.patil59@college.ac.in,MECH,2023,6,5.97,Average,6,False
S06312,Rukhsar Pillai,rukhsar.pillai81@college.ac.in,ECE,2022,8,5.19,At Risk,2,False
S06313,Avinash Kumar,avinash.kumar19@college.ac.in,CSE,2024,4,6.44,Average,5,True
S06314,Ganesh Natarajan,ganesh.natarajan33@college.ac.in,CSE,2024,4,5.84,Average,5,True
S06315,Anjali Pillai,anjali.pillai36@college.ac.in,ECE,2024,4,7.28,Good,0,False
S06316,Tanvi Ansari,tanvi.ansari15@college.ac.in,CSE,2023,6,7.33,Good,0,False
S06317,Karthik Verma,karthik.verma43@college.ac.in,CSE,2022,8,7.66,Good,0,False
S06318,Hiba Ansari,hiba.ansari24@college.ac.in,CSE,2024,3,8.31,Good,0,False
S06319,Faisal Warrier,faisal.warrier86@college.ac.in,CSE,2023,6,6.96,Average,0,False
S06320,Divya Babu,divya.babu70@college.ac.in,MECH,2024,4,5.07,At Risk,4,True
S06321,Vishnu Hussain,vishnu.hussain12@college.ac.in,ECE,2025,2,7.01,Good,0,False
S06322,Muralidhar Ansari,muralidhar.ansari66@college.ac.in,CSE,2022,8,7.76,Good,0,False
S06323,Rohit Sheikh,rohit.sheikh82@college.ac.in,AIML,2024,4,7.0,Good,0,False
S06324,Jithin Iyengar,jithin.iyengar56@college.ac.in,ECE,2022,8,7.97,Good,0,False
S06325,Sachin Chauhan,sachin.chauhan54@college.ac.in,AIML,2024,4,4.12,At Risk,5,True
S06326,Tanvi Prasad,tanvi.prasad35@college.ac.in,MECH,2024,4,6.12,Average,0,False
S06327,Harish Selvam,harish.selvam42@college.ac.in,MECH,2024,4,6.97,Average,0,False
S06328,Dhanush Gupta,dhanush.gupta41@college.ac.in,MECH,2024,4,6.64,Average,0,False
S06329,Shubham Verma,shubham.verma46@college.ac.in,MECH,2024,4,6.77,Average,0,False
S06330,Saranya Verma,saranya.verma21@college.ac.in,AIML,2022,8,7.43,Good,0,False
S06331,Keerthi Patel,keerthi.patel64@college.ac.in,CSE,2023,6,6.34,Average,6,False
S06332,Nair Qureshi,nair.qureshi93@college.ac.in,AIML,2024,4,7.31,Good,0,False
S06333,Babu Warrier,babu.warrier52@college.ac.in,MECH,2023,6,5.37,At Risk,6,True
S06334,Ankita Murugan,ankita.murugan63@college.ac.in,MECH,2023,6,5.96,Average,1,False
S06335,Vijay Warrier,vijay.warrier18@college.ac.in,ECE,2023,6,5.51,Average,2,True
S06336,Priya Mehta,priya.mehta73@college.ac.in,ECE,2023,5,5.08,At Risk,4,True
S06337,Salman Subramaniam,salman.subramaniam10@college.ac.in,AIML,2022,8,6.14,Average,0,False
S06338,Shreya Kulkarni,shreya.kulkarni90@college.ac.in,CSE,2022,8,8.01,Good,0,False
S06339,Surya Rao,surya.rao67@college.ac.in,CSE,2025,2,6.93,Average,2,False
S06340,Pillai Menon,pillai.menon60@college.ac.in,ECE,2025,2,4.79,At Risk,6,True
S06341,Prerna Nambiar,prerna.nambiar23@college.ac.in,ECE,2024,4,6.57,Average,0,False
S06342,Jithin Hussain,jithin.hussain93@college.ac.in,CSE,2022,8,7.76,Good,0,False
S06343,Ajith Kulkarni,ajith.kulkarni13@college.ac.in,ECE,2022,8,6.45,Average,5,True
S06344,Fatima Malik,fatima.malik81@college.ac.in,AIML,2025,2,6.44,Average,3,True
S06345,Imran Hussain,imran.hussain20@college.ac.in,AIML,2024,4,7.49,Good,0,False
S06346,Vishnu Patil,vishnu.patil87@college.ac.in,ECE,2024,4,7.21,Good,0,False
S06347,Rizwan Gopalakrishnan,rizwan.gopalakrishnan47@college.ac.in,AIML,2024,4,8.34,Good,0,False
S06348,Swati Gupta,swati.gupta44@college.ac.in,MECH,2025,2,6.37,Average,3,False
S06349,Bilal Warrier,bilal.warrier56@college.ac.in,CSE,2023,6,7.2,Good,0,False
S06350,Meena Iyengar,meena.iyengar70@college.ac.in,CSE,2022,8,7.63,Good,0,False
S06351,Sana Namboothiri,sana.namboothiri34@college.ac.in,CSE,2024,4,7.24,Good,0,False
S06352,Vivek Sharma,vivek.sharma54@college.ac.in,CSE,2024,4,4.9,At Risk,5,True
S06353,Vignesh Selvam,vignesh.selvam66@college.ac.in,ECE,2025,2,6.87,Average,3,False
S06354,Rajesh Patel,rajesh.patel63@college.ac.in,CSE,2024,3,7.66,Good,0,False
S06355,Ramya Ansari,ramya.ansari32@college.ac.in,MECH,2025,2,6.27,Average,3,False
S06356,Vijay Prasad,vijay.prasad89@college.ac.in,ECE,2022,8,6.92,Average,0,False
S06357,Adil Pillai,adil.pillai98@college.ac.in,MECH,2025,2,6.16,Average,0,False
S06358,Arun Khan,arun.khan66@college.ac.in,MECH,2025,2,6.43,Average,3,False
S06359,Fatima Namboothiri,fatima.namboothiri62@college.ac.in,MECH,2024,4,4.87,At Risk,4,True
S06360,Avinash Iyer,avinash.iyer92@college.ac.in,AIML,2024,4,7.02,Good,0,False
S06361,Menon Babu,menon.babu10@college.ac.in,AIML,2023,6,7.22,Good,0,False
S06362,Meena Venkataraman,meena.venkataraman15@college.ac.in,ECE,2024,4,5.01,At Risk,4,True
S06363,Tarun Gopalakrishnan,tarun.gopalakrishnan48@college.ac.in,CSE,2023,6,6.97,Average,0,False
S06364,Priya Gupta,priya.gupta55@college.ac.in,CSE,2022,8,6.37,Average,0,False
S06365,Pallavi Chandrasekaran,pallavi.chandrasekaran41@college.ac.in,ECE,2024,4,6.03,Average,0,False
S06366,Mansi Joshi,mansi.joshi47@college.ac.in,ECE,2024,4,4.68,At Risk,6,True
S06367,Neha Venkataraman,neha.venkataraman21@college.ac.in,CSE,2025,2,7.74,Good,0,False
S06368,Nithya Malik,nithya.malik94@college.ac.in,MECH,2024,3,5.67,Average,3,False
S06369,Adil Joshi,adil.joshi44@college.ac.in,CSE,2024,4,6.94,Average,0,False
S06370,Rishita Hussain,rishita.hussain91@college.ac.in,CSE,2024,4,6.47,Average,0,False
S06371,Usman Venkataraman,usman.venkataraman45@college.ac.in,ECE,2023,6,6.1,Average,0,False
S06372,Ananya Subramaniam,ananya.subramaniam73@college.ac.in,CSE,2023,6,7.07,Good,0,False
S06373,Rajan Patil,rajan.patil97@college.ac.in,MECH,2023,6,6.27,Average,5,True
S06374,Usman Singh,usman.singh63@college.ac.in,AIML,2022,8,7.14,Good,0,False
S06375,Pillai Sheikh,pillai.sheikh46@college.ac.in,CSE,2025,2,6.88,Average,0,False
S06376,Swati Prasad,swati.prasad66@college.ac.in,MECH,2023,6,5.98,Average,3,True
S06377,Sonal Chandrasekaran,sonal.chandrasekaran24@college.ac.in,CSE,2025,2,5.71,Average,0,False
S06378,Nair Ansari,nair.ansari43@college.ac.in,MECH,2025,2,5.47,At Risk,5,False
S06379,Shubham Kumar,shubham.kumar34@college.ac.in,ECE,2022,8,7.84,Good,0,False
S06380,Prithviraj Rao,prithviraj.rao61@college.ac.in,AIML,2025,2,5.94,Average,4,True
S06381,Karthik Chauhan,karthik.chauhan76@college.ac.in,AIML,2022,8,7.61,Good,0,False
S06382,Ramya Das,ramya.das28@college.ac.in,MECH,2024,4,6.27,Average,0,False
S06383,Anjali Karunakaran,anjali.karunakaran64@college.ac.in,CSE,2023,5,7.54,Good,0,False
S06384,Nair Reddy,nair.reddy83@college.ac.in,MECH,2023,6,6.48,Average,5,False
S06385,Sanjay Velayudhan,sanjay.velayudhan98@college.ac.in,CSE,2024,4,5.22,At Risk,5,True
S06386,Amit Warrier,amit.warrier82@college.ac.in,MECH,2024,4,5.28,At Risk,3,True
S06387,Surya Krishnan,surya.krishnan28@college.ac.in,CSE,2025,2,6.14,Average,0,False
S06388,Fatima Kumar,fatima.kumar23@college.ac.in,ECE,2024,4,8.11,Good,0,False
S06389,Kritika Krishnan,kritika.krishnan69@college.ac.in,AIML,2023,6,7.04,Good,0,False
S06390,Sonal Patel,sonal.patel79@college.ac.in,ECE,2025,2,5.41,At Risk,4,True
S06391,Deepak Iyengar,deepak.iyengar25@college.ac.in,CSE,2023,5,6.78,Average,0,False
S06392,Dinesh Bhat,dinesh.bhat59@college.ac.in,MECH,2023,6,5.69,Average,4,True
S06393,Pillai Joshi,pillai.joshi70@college.ac.in,ECE,2024,4,6.58,Average,0,False
S06394,Ajith Nambiar,ajith.nambiar89@college.ac.in,CSE,2024,4,6.43,Average,0,False
S06395,Vishnu Natarajan,vishnu.natarajan53@college.ac.in,CSE,2023,6,6.16,Average,4,True
S06396,Usman Subramaniam,usman.subramaniam50@college.ac.in,MECH,2024,4,6.16,Average,0,False
S06397,Rizwan Mishra,rizwan.mishra30@college.ac.in,ECE,2023,6,6.06,Average,0,False
S06398,Zubair Iyer,zubair.iyer88@college.ac.in,AIML,2025,2,6.93,Average,0,False
S06399,Fatima Karunakaran,fatima.karunakaran24@college.ac.in,CSE,2022,8,6.49,Average,4,False
S06400,Manoj Selvam,manoj.selvam65@college.ac.in,MECH,2022,8,7.15,Good,0,False
S06401,Ravi Karunakaran,ravi.karunakaran56@college.ac.in,MECH,2025,2,5.84,Average,4,True
S06402,Babu Karunakaran,babu.karunakaran51@college.ac.in,CSE,2022,8,7.6,Good,0,False
S06403,Bilal Karunakaran,bilal.karunakaran71@college.ac.in,CSE,2022,8,6.78,Average,0,False
S06404,Zainab Naidu,zainab.naidu32@college.ac.in,CSE,2024,4,6.72,Average,0,False
S06405,Ajith Iyer,ajith.iyer56@college.ac.in,MECH,2024,3,5.29,At Risk,2,False
S06406,Nithish Patel,nithish.patel36@college.ac.in,CSE,2022,8,7.52,Good,0,False
S06407,Ajith Warrier,ajith.warrier26@college.ac.in,AIML,2024,4,6.53,Average,0,False
S06408,Deepak Ansari,deepak.ansari72@college.ac.in,AIML,2023,6,6.71,Average,0,False
S06409,Faisal Chauhan,faisal.chauhan56@college.ac.in,MECH,2025,2,5.63,Average,2,True
S06410,Asif Babu,asif.babu43@college.ac.in,AIML,2022,8,5.65,Average,4,True
S06411,Aishwarya Sheikh,aishwarya.sheikh82@college.ac.in,ECE,2024,4,6.75,Average,0,False
S06412,Aditi Murthy,aditi.murthy75@college.ac.in,MECH,2024,4,6.39,Average,4,False
S06413,Abhijith Mirza,abhijith.mirza13@college.ac.in,ECE,2023,6,6.54,Average,0,False
S06414,Siddharth Patil,siddharth.patil25@college.ac.in,AIML,2023,6,7.85,Good,0,False
S06415,Imran Gupta,imran.gupta52@college.ac.in,CSE,2024,4,7.86,Good,0,False
S06416,Junaid Warrier,junaid.warrier95@college.ac.in,ECE,2023,6,5.41,At Risk,2,True
S06417,Shubham Murthy,shubham.murthy74@college.ac.in,ECE,2022,8,7.9,Good,0,False
S06418,Gaurav Khan,gaurav.khan73@college.ac.in,CSE,2023,6,5.98,Average,2,True
S06419,Nithish Verma,nithish.verma10@college.ac.in,CSE,2025,2,4.99,At Risk,4,False
S06420,Athul Pillai,athul.pillai11@college.ac.in,CSE,2022,8,7.18,Good,0,False
S06421,Riya Krishnan,riya.krishnan65@college.ac.in,MECH,2023,6,7.37,Good,1,False
S06422,Vijay Iyengar,vijay.iyengar97@college.ac.in,CSE,2022,8,6.69,Average,2,True
S06423,Shahid Gopalakrishnan,shahid.gopalakrishnan57@college.ac.in,CSE,2025,2,7.48,Good,0,False
S06424,Rajan Sheikh,rajan.sheikh30@college.ac.in,CSE,2025,2,5.29,At Risk,1,False
S06425,Pooja Warrier,pooja.warrier47@college.ac.in,ECE,2024,3,5.78,Average,3,False
S06426,Rukhsar Malik,rukhsar.malik18@college.ac.in,ECE,2024,3,7.25,Good,3,False
S06427,Siddharth Karunakaran,siddharth.karunakaran66@college.ac.in,ECE,2022,8,7.18,Good,0,False
S06428,Naveen Krishnan,naveen.krishnan32@college.ac.in,ECE,2023,6,6.15,Average,3,True
S06429,Kritika Chetty,kritika.chetty22@college.ac.in,MECH,2024,4,7.4,Good,0,False
S06430,Mansi Kumar,mansi.kumar41@college.ac.in,CSE,2025,2,6.17,Average,3,True
S06431,Usman Bhat,usman.bhat27@college.ac.in,MECH,2024,4,6.47,Average,4,False
S06432,Gaurav Iyer,gaurav.iyer82@college.ac.in,CSE,2022,8,6.44,Average,3,True
S06433,Mohammed Namboothiri,mohammed.namboothiri30@college.ac.in,ECE,2024,4,6.14,Average,3,False
S06434,Ananya Verma,ananya.verma26@college.ac.in,CSE,2023,6,7.53,Good,4,False
S06435,Hiba Shah,hiba.shah85@college.ac.in,ECE,2023,6,6.3,Average,0,False
S06436,Praveen Namboothiri,praveen.namboothiri38@college.ac.in,AIML,2025,2,7.62,Good,0,False
S06437,Nadia Chauhan,nadia.chauhan92@college.ac.in,AIML,2024,3,7.9,Good,0,False
S06438,Anjali Khan,anjali.khan23@college.ac.in,MECH,2023,6,5.78,Average,2,True
S06439,Nisha Bhat,nisha.bhat89@college.ac.in,CSE,2024,4,5.62,Average,1,True
S06440,Piyush Pillai,piyush.pillai23@college.ac.in,MECH,2023,6,4.93,At Risk,5,True
S06441,Naveen Hegde,naveen.hegde21@college.ac.in,MECH,2022,8,7.41,Good,0,False
S06442,Shahid Chandrasekaran,shahid.chandrasekaran41@college.ac.in,MECH,2025,2,7.24,Good,0,False
S06443,Nikhil Desai,nikhil.desai20@college.ac.in,ECE,2024,4,6.99,Average,0,False
S06444,Piyush Gupta,piyush.gupta33@college.ac.in,CSE,2022,8,6.26,Average,5,True
S06445,Sreejith Tiwari,sreejith.tiwari92@college.ac.in,MECH,2024,4,6.25,Average,3,False
S06446,Sneha Nambiar,sneha.nambiar11@college.ac.in,MECH,2023,5,6.63,Average,0,False
S06447,Mohammed Kulkarni,mohammed.kulkarni70@college.ac.in,CSE,2023,6,7.06,Good,0,False
S06448,Rohit Ansari,rohit.ansari41@college.ac.in,CSE,2024,4,7.6,Good,0,False
S06449,Harikrishna Subramaniam,harikrishna.subramaniam28@college.ac.in,ECE,2025,2,5.26,At Risk,5,True
S06450,Usman Rajan,usman.rajan62@college.ac.in,ECE,2024,3,7.12,Good,0,False
S06451,Zubair Mishra,zubair.mishra65@college.ac.in,CSE,2024,4,5.92,Average,1,False
S06452,Dhanush Nambiar,dhanush.nambiar94@college.ac.in,CSE,2024,3,7.3,Good,0,False
S06453,Nisha Iyengar,nisha.iyengar19@college.ac.in,ECE,2025,2,6.3,Average,4,True
S06454,Manoj Naidu,manoj.naidu52@college.ac.in,ECE,2022,8,6.74,Average,3,False
S06455,Praveen Shetty,praveen.shetty17@college.ac.in,ECE,2023,5,6.45,Average,0,False
S06456,Sanjay Iyer,sanjay.iyer40@college.ac.in,CSE,2023,6,6.75,Average,0,False
S06457,Vijay Namboothiri,vijay.namboothiri78@college.ac.in,CSE,2023,6,7.45,Good,0,False
S06458,Adil Murthy,adil.murthy47@college.ac.in,ECE,2025,2,7.87,Good,5,False
S06459,Sanjay Gupta,sanjay.gupta11@college.ac.in,CSE,2025,2,5.28,At Risk,5,True
S06460,Muralidhar Pandey,muralidhar.pandey88@college.ac.in,AIML,2023,6,7.16,Good,0,False
S06461,Sana Malik,sana.malik27@college.ac.in,ECE,2023,6,7.72,Good,0,False
S06462,Usman Iyer,usman.iyer247@college.ac.in,MECH,2024,4,6.36,Average,0,False
S06463,Vivek Karunakaran,vivek.karunakaran67@college.ac.in,AIML,2024,4,6.2,Average,0,False
S06464,Praveen Kamath,praveen.kamath13@college.ac.in,CSE,2024,4,6.92,Average,5,False
S06465,Shreya Qureshi,shreya.qureshi12@college.ac.in,ECE,2022,8,6.73,Average,0,False
S06466,Muralidhar Shah,muralidhar.shah53@college.ac.in,AIML,2024,4,5.54,Average,4,True
S06467,Keerthi Reddy,keerthi.reddy99@college.ac.in,AIML,2025,2,5.91,Average,2,True
S06468,Sneha Gupta,sneha.gupta44@college.ac.in,ECE,2025,2,6.81,Average,1,True
S06469,Amit Rajan,amit.rajan25@college.ac.in,ECE,2025,2,8.55,Excellent,0,False
S06470,Vivek Malik,vivek.malik24@college.ac.in,CSE,2025,2,8.51,Excellent,0,False
S06471,Prithviraj Menon,prithviraj.menon76@college.ac.in,AIML,2023,6,6.92,Average,0,False
S06472,Athul Sharma,athul.sharma26@college.ac.in,ECE,2024,4,6.77,Average,0,False
S06473,Madhan Reddy,madhan.reddy83@college.ac.in,CSE,2024,4,6.11,Average,0,False
S06474,Dhanush Kumar,dhanush.kumar16@college.ac.in,ECE,2023,6,6.46,Average,2,False
S06475,Sneha Sheikh,sneha.sheikh36@college.ac.in,AIML,2023,5,7.74,Good,0,False
S06476,Tarun Iyer,tarun.iyer43@college.ac.in,AIML,2024,4,7.27,Good,0,False
S06477,Ramya Nair,ramya.nair13@college.ac.in,CSE,2024,4,5.64,Average,3,False
S06478,Farhan Patel,farhan.patel13@college.ac.in,MECH,2022,8,6.84,Average,0,False
S06479,Bilal Sheikh,bilal.sheikh90@college.ac.in,CSE,2025,2,6.2,Average,0,False
S06480,Vikram Babu,vikram.babu69@college.ac.in,ECE,2023,6,6.85,Average,1,False
S06481,Rukhsar Subramaniam,rukhsar.subramaniam99@college.ac.in,AIML,2023,6,5.06,At Risk,2,True
S06482,Pooja Joshi,pooja.joshi96@college.ac.in,AIML,2022,8,8.0,Good,4,False
S06483,Faisal Arumugam,faisal.arumugam48@college.ac.in,MECH,2024,4,5.96,Average,2,True
S06484,Mohammed Yadav,mohammed.yadav18@college.ac.in,MECH,2023,5,6.34,Average,0,False
S06485,Suresh Mehta,suresh.mehta61@college.ac.in,CSE,2022,8,8.19,Good,0,False
S06486,Syed Patil,syed.patil44@college.ac.in,CSE,2024,4,6.86,Average,2,False
S06487,Pooja Kumar,pooja.kumar35@college.ac.in,ECE,2024,3,6.7,Average,0,False
S06488,Madhan Pandey,madhan.pandey47@college.ac.in,CSE,2022,8,7.77,Good,0,False
S06489,Kavya Shah,kavya.shah43@college.ac.in,AIML,2022,8,7.42,Good,0,False
S06490,Junaid Ansari,junaid.ansari77@college.ac.in,MECH,2024,4,7.33,Good,1,False
S06491,Tarun Pandey,tarun.pandey81@college.ac.in,ECE,2025,2,6.29,Average,0,False
S06492,Jithin Shetty,jithin.shetty73@college.ac.in,ECE,2022,8,7.41,Good,0,False
S06493,Salman Ansari,salman.ansari93@college.ac.in,AIML,2024,4,5.23,At Risk,6,True
S06494,Syed Rao,syed.rao310@college.ac.in,MECH,2025,2,6.84,Average,0,False
S06495,Sachin Rao,sachin.rao22@college.ac.in,ECE,2023,6,5.15,At Risk,2,True
S06496,Lakshmi Kumar,lakshmi.kumar46@college.ac.in,AIML,2022,8,7.66,Good,0,False
S06497,Arun Desai,arun.desai45@college.ac.in,CSE,2025,2,7.49,Good,2,True
S06498,Akash Nambiar,akash.nambiar16@college.ac.in,ECE,2023,6,6.86,Average,0,False
S06499,Syed Velayudhan,syed.velayudhan787@college.ac.in,CSE,2023,6,7.14,Good,5,False
S06500,Kavya Gopalakrishnan,kavya.gopalakrishnan95@college.ac.in,AIML,2023,5,5.95,Average,2,True
S06501,Muralidhar Menon,muralidhar.menon62@college.ac.in,ECE,2022,8,6.97,Average,0,False
S06502,Pillai Velayudhan,pillai.velayudhan33@college.ac.in,AIML,2024,4,7.31,Good,0,False
S06503,Nithish Nambiar,nithish.nambiar36@college.ac.in,ECE,2022,8,6.69,Average,0,False
S06504,Lakshmi Sheikh,lakshmi.sheikh56@college.ac.in,ECE,2023,5,4.54,At Risk,2,True
S06505,Simran Ansari,simran.ansari21@college.ac.in,MECH,2022,8,7.04,Good,0,False
S06506,Gaurav Tiwari,gaurav.tiwari56@college.ac.in,CSE,2022,8,6.5,Average,4,False
S06507,Ayesha Chauhan,ayesha.chauhan33@college.ac.in,MECH,2023,6,6.86,Average,5,False
S06508,Rajesh Malik,rajesh.malik97@college.ac.in,ECE,2022,8,6.27,Average,2,True
S06509,Kavya Tiwari,kavya.tiwari47@college.ac.in,ECE,2024,4,5.84,Average,3,False
S06510,Prerna Velayudhan,prerna.velayudhan66@college.ac.in,AIML,2023,6,5.03,At Risk,2,True
S06511,Vignesh Chetty,vignesh.chetty76@college.ac.in,ECE,2022,8,5.36,At Risk,3,False
S06512,Bilal Mehta,bilal.mehta48@college.ac.in,ECE,2023,6,5.77,Average,3,False
S06513,Rahul Kumar,rahul.kumar12@college.ac.in,MECH,2025,2,5.5,Average,5,True
S06514,Simran Arumugam,simran.arumugam39@college.ac.in,AIML,2025,2,7.1,Good,3,False
S06515,Kavya Nambiar,kavya.nambiar58@college.ac.in,CSE,2022,8,6.54,Average,2,True
S06516,Bilal Qureshi,bilal.qureshi54@college.ac.in,AIML,2023,6,5.72,Average,0,False
S06517,Dhanush Menon,dhanush.menon62@college.ac.in,ECE,2024,4,7.08,Good,0,False
S06518,Sonal Joshi,sonal.joshi66@college.ac.in,MECH,2023,6,5.8,Average,1,False
S06519,Ramesh Bhat,ramesh.bhat80@college.ac.in,MECH,2022,8,7.03,Good,0,False
S06520,Nithya Hegde,nithya.hegde35@college.ac.in,ECE,2025,2,5.17,At Risk,4,False
S06521,Vijay Desai,vijay.desai81@college.ac.in,MECH,2024,4,7.07,Good,0,False
S06522,Vignesh Dubey,vignesh.dubey25@college.ac.in,ECE,2022,8,8.0,Good,0,False
S06523,Prithviraj Varma,prithviraj.varma17@college.ac.in,AIML,2025,2,6.24,Average,5,False
S06524,Ramesh Krishnan,ramesh.krishnan76@college.ac.in,MECH,2022,8,6.72,Average,5,True
S06525,Ramya Desai,ramya.desai25@college.ac.in,CSE,2022,8,7.77,Good,0,False
S06526,Sachin Warrier,sachin.warrier95@college.ac.in,ECE,2022,8,6.39,Average,0,False
S06527,Salman Desai,salman.desai50@college.ac.in,AIML,2023,5,5.61,Average,3,True
S06528,Shreya Sheikh,shreya.sheikh86@college.ac.in,ECE,2022,8,5.79,Average,3,True
S06529,Athul Subramaniam,athul.subramaniam87@college.ac.in,ECE,2024,4,7.85,Good,3,False
S06530,Amal Sheikh,amal.sheikh32@college.ac.in,AIML,2023,6,6.75,Average,0,False
S06531,Prithviraj Qureshi,prithviraj.qureshi93@college.ac.in,CSE,2025,2,6.45,Average,5,True
S06532,Keerthi Varma,keerthi.varma96@college.ac.in,AIML,2024,4,4.12,At Risk,4,True
S06533,Rizwan Mirza,rizwan.mirza72@college.ac.in,ECE,2024,4,7.28,Good,0,False
S06534,Bilal Gupta,bilal.gupta57@college.ac.in,AIML,2024,3,6.69,Average,0,False
S06535,Rishita Krishnan,rishita.krishnan31@college.ac.in,CSE,2023,6,7.03,Good,0,False
S06536,Rukhsar Prasad,rukhsar.prasad95@college.ac.in,CSE,2024,4,7.83,Good,0,False
S06537,Rizwan Gupta,rizwan.gupta17@college.ac.in,ECE,2023,6,5.23,At Risk,5,True
S06538,Ajith Dubey,ajith.dubey30@college.ac.in,AIML,2025,2,7.66,Good,0,False
S06539,Zubair Shetty,zubair.shetty73@college.ac.in,AIML,2022,8,6.12,Average,6,True
S06540,Vijay Menon,vijay.menon44@college.ac.in,ECE,2024,4,8.05,Good,0,False
S06541,Rukhsar Hussain,rukhsar.hussain47@college.ac.in,ECE,2024,4,7.08,Good,0,False
S06542,Aishwarya Khan,aishwarya.khan44@college.ac.in,ECE,2023,6,7.54,Good,0,False
S06543,Sreejith Namboothiri,sreejith.namboothiri63@college.ac.in,ECE,2022,8,6.48,Average,0,False
S06544,Logesh Desai,logesh.desai89@college.ac.in,CSE,2023,6,6.53,Average,5,True
S06545,Vignesh Gupta,vignesh.gupta37@college.ac.in,ECE,2023,6,6.04,Average,3,True
S06546,Tarun Rao,tarun.rao92@college.ac.in,CSE,2025,2,7.39,Good,1,False
S06547,Prerna Subramaniam,prerna.subramaniam93@college.ac.in,ECE,2022,8,5.46,At Risk,3,True
S06548,Junaid Namboothiri,junaid.namboothiri97@college.ac.in,CSE,2023,6,6.23,Average,2,False
S06549,Bilal Gupta,bilal.gupta47@college.ac.in,AIML,2022,8,7.24,Good,0,False
S06550,Ramya Bhat,ramya.bhat55@college.ac.in,CSE,2025,2,7.11,Good,2,False
S06551,Rishita Bhat,rishita.bhat25@college.ac.in,ECE,2024,4,7.15,Good,0,False
S06552,Praveen Rajan,praveen.rajan81@college.ac.in,ECE,2025,2,6.37,Average,5,False
S06553,Revathi Reddy,revathi.reddy19@college.ac.in,ECE,2024,4,4.8,At Risk,5,True
S06554,Tanvi Reddy,tanvi.reddy50@college.ac.in,MECH,2025,2,6.05,Average,5,True
S06555,Aditi Nambiar,aditi.nambiar26@college.ac.in,AIML,2023,6,5.45,At Risk,6,True
S06556,Salman Velayudhan,salman.velayudhan49@college.ac.in,CSE,2022,8,5.81,Average,2,True
S06557,Sonal Reddy,sonal.reddy88@college.ac.in,AIML,2023,6,6.59,Average,0,False
S06558,Amina Tiwari,amina.tiwari73@college.ac.in,ECE,2023,5,6.89,Average,0,False
S06559,Vivek Desai,vivek.desai12@college.ac.in,AIML,2022,8,6.42,Average,4,False
S06560,Ajith Arumugam,ajith.arumugam15@college.ac.in,ECE,2022,8,7.01,Good,0,False
S06561,Vishnu Tiwari,vishnu.tiwari76@college.ac.in,CSE,2022,8,7.44,Good,0,False
S06562,Amina Murthy,amina.murthy14@college.ac.in,AIML,2023,6,7.74,Good,0,False
S06563,Shreya Chetty,shreya.chetty40@college.ac.in,CSE,2025,2,5.86,Average,2,True
S06564,Vishnu Bhat,vishnu.bhat23@college.ac.in,MECH,2025,2,6.58,Average,3,False
S06565,Ankita Gopalakrishnan,ankita.gopalakrishnan65@college.ac.in,AIML,2023,5,7.32,Good,0,False
S06566,Anjali Kulkarni,anjali.kulkarni72@college.ac.in,CSE,2022,8,5.26,At Risk,4,True
S06567,Kavya Joshi,kavya.joshi99@college.ac.in,CSE,2022,8,6.79,Average,4,False
S06568,Amina Pandey,amina.pandey48@college.ac.in,AIML,2024,4,5.75,Average,5,True
S06569,Swati Kulkarni,swati.kulkarni79@college.ac.in,ECE,2024,4,5.55,Average,5,True
S06570,Ananya Patel,ananya.patel72@college.ac.in,MECH,2025,2,6.1,Average,0,False
S06571,Vignesh Babu,vignesh.babu70@college.ac.in,MECH,2024,4,6.76,Average,0,False
S06572,Arun Yadav,arun.yadav12@college.ac.in,MECH,2023,6,5.54,Average,6,True
S06573,Bilal Karunakaran,bilal.karunakaran51@college.ac.in,CSE,2024,4,7.19,Good,0,False
S06574,Kavya Nambiar,kavya.nambiar10@college.ac.in,ECE,2022,8,5.38,At Risk,3,True
S06575,Rahul Murugan,rahul.murugan99@college.ac.in,CSE,2024,4,7.31,Good,0,False
S06576,Ravi Shetty,ravi.shetty39@college.ac.in,MECH,2023,6,6.56,Average,0,False
S06577,Fatima Karunakaran,fatima.karunakaran28@college.ac.in,ECE,2023,6,4.45,At Risk,3,True
S06578,Prerna Gupta,prerna.gupta58@college.ac.in,CSE,2023,6,7.27,Good,0,False
S06579,Tarun Namboothiri,tarun.namboothiri67@college.ac.in,CSE,2023,6,7.34,Good,0,False
S06580,Sneha Chetty,sneha.chetty97@college.ac.in,CSE,2025,2,8.55,Excellent,0,False
S06581,Ravi Patel,ravi.patel87@college.ac.in,MECH,2023,6,6.34,Average,0,False
S06582,Keerthi Iyengar,keerthi.iyengar66@college.ac.in,AIML,2025,2,8.5,Excellent,0,False
S06583,Saranya Rajan,saranya.rajan51@college.ac.in,AIML,2023,6,7.25,Good,0,False
S06584,Vishnu Warrier,vishnu.warrier92@college.ac.in,MECH,2022,8,6.17,Average,3,True
S06585,Sonal Arumugam,sonal.arumugam51@college.ac.in,AIML,2024,3,5.92,Average,5,False
S06586,Ganesh Sheikh,ganesh.sheikh52@college.ac.in,MECH,2023,6,6.59,Average,1,False
S06587,Tanvi Siddiqui,tanvi.siddiqui70@college.ac.in,MECH,2024,4,6.42,Average,0,False
S06588,Rajan Murugan,rajan.murugan44@college.ac.in,CSE,2025,2,6.45,Average,0,False
S06589,Syed Murthy,syed.murthy94@college.ac.in,ECE,2023,6,7.21,Good,0,False
S06590,Zainab Subramaniam,zainab.subramaniam95@college.ac.in,ECE,2024,4,5.15,At Risk,3,True
S06591,Riya Sharma,riya.sharma30@college.ac.in,ECE,2025,2,7.71,Good,0,False
S06592,Pooja Murugan,pooja.murugan99@college.ac.in,CSE,2024,4,6.77,Average,4,True
S06593,Riya Chetty,riya.chetty81@college.ac.in,AIML,2023,6,6.54,Average,0,False
S06594,Riya Bhat,riya.bhat96@college.ac.in,AIML,2024,4,6.39,Average,0,False
S06595,Vikram Rajan,vikram.rajan15@college.ac.in,ECE,2022,8,7.19,Good,0,False
S06596,Aishwarya Babu,aishwarya.babu74@college.ac.in,CSE,2025,2,7.03,Good,0,False
S06597,Vivek Murugan,vivek.murugan33@college.ac.in,AIML,2024,4,8.13,Good,0,False
S06598,Junaid Sheikh,junaid.sheikh15@college.ac.in,CSE,2022,8,7.86,Good,0,False
S06599,Aman Kamath,aman.kamath35@college.ac.in,CSE,2024,4,7.58,Good,0,False
S06600,Abhijith Ansari,abhijith.ansari52@college.ac.in,CSE,2023,6,6.39,Average,3,False
S06601,Naveen Malik,naveen.malik56@college.ac.in,MECH,2023,6,4.7,At Risk,6,True
S06602,Nithya Shah,nithya.shah14@college.ac.in,AIML,2023,6,6.32,Average,4,True
S06603,Aamir Subramaniam,aamir.subramaniam57@college.ac.in,ECE,2023,6,7.06,Good,0,False
S06604,Madhan Hegde,madhan.hegde44@college.ac.in,ECE,2024,4,5.35,At Risk,3,False
S06605,Ramya Kamath,ramya.kamath53@college.ac.in,CSE,2023,6,5.95,Average,4,False
S06606,Mansi Verma,mansi.verma49@college.ac.in,AIML,2025,2,7.19,Good,0,False
S06607,Nikhil Kulkarni,nikhil.kulkarni45@college.ac.in,ECE,2025,2,7.4,Good,0,False
S06608,Bilal Mehta,bilal.mehta46@college.ac.in,ECE,2023,6,6.54,Average,1,False
S06609,Akash Shah,akash.shah52@college.ac.in,CSE,2025,2,7.17,Good,0,False
S06610,Riya Sharma,riya.sharma54@college.ac.in,AIML,2024,4,6.55,Average,1,False
S06611,Amal Karunakaran,amal.karunakaran17@college.ac.in,MECH,2024,4,8.28,Good,0,False
S06612,Syed Rao,syed.rao61@college.ac.in,CSE,2024,4,7.25,Good,0,False
S06613,Nadia Kamath,nadia.kamath90@college.ac.in,MECH,2025,2,6.28,Average,3,False
S06614,Hiba Selvam,hiba.selvam48@college.ac.in,AIML,2023,6,6.81,Average,0,False
S06615,Aditi Rao,aditi.rao74@college.ac.in,CSE,2023,5,7.73,Good,0,False
S06616,Nithish Shetty,nithish.shetty86@college.ac.in,AIML,2023,6,7.33,Good,0,False
S06617,Anjali Murthy,anjali.murthy29@college.ac.in,CSE,2024,3,7.04,Good,2,False
S06618,Ramya Warrier,ramya.warrier62@college.ac.in,CSE,2023,6,8.37,Good,0,False
S06619,Amal Babu,amal.babu72@college.ac.in,ECE,2024,3,5.15,At Risk,6,False
S06620,Dinesh Nair,dinesh.nair31@college.ac.in,CSE,2025,2,8.1,Good,0,False
S06621,Amina Nambiar,amina.nambiar45@college.ac.in,AIML,2022,8,6.01,Average,4,True
S06622,Imran Varma,imran.varma50@college.ac.in,MECH,2024,4,7.57,Good,0,False
S06623,Farhan Dubey,farhan.dubey41@college.ac.in,ECE,2023,6,7.71,Good,0,False
S06624,Asif Gupta,asif.gupta47@college.ac.in,AIML,2024,3,7.88,Good,0,False
S06625,Amal Singh,amal.singh40@college.ac.in,AIML,2024,4,6.55,Average,0,False
S06626,Suresh Varma,suresh.varma82@college.ac.in,MECH,2024,4,6.5,Average,0,False
S06627,Fatima Das,fatima.das72@college.ac.in,CSE,2023,6,8.2,Good,0,False
S06628,Asif Iyengar,asif.iyengar45@college.ac.in,ECE,2024,4,4.25,At Risk,3,True
S06629,Manoj Chauhan,manoj.chauhan85@college.ac.in,AIML,2022,8,6.58,Average,0,False
S06630,Swathi Joshi,swathi.joshi52@college.ac.in,MECH,2024,3,5.31,At Risk,5,True
S06631,Karthik Ansari,karthik.ansari96@college.ac.in,ECE,2022,8,6.67,Average,0,False
S06632,Menon Selvam,menon.selvam73@college.ac.in,ECE,2024,4,5.42,At Risk,6,True
S06633,Asif Hussain,asif.hussain80@college.ac.in,ECE,2022,8,7.7,Good,0,False
S06634,Ajith Hegde,ajith.hegde95@college.ac.in,ECE,2025,2,5.9,Average,0,False
S06635,Ayesha Menon,ayesha.menon99@college.ac.in,CSE,2023,6,6.99,Average,0,False
S06636,Ganesh Murugan,ganesh.murugan17@college.ac.in,CSE,2022,8,8.34,Good,0,False
S06637,Meena Pillai,meena.pillai25@college.ac.in,ECE,2023,6,6.17,Average,0,False
S06638,Rohit Subramaniam,rohit.subramaniam56@college.ac.in,MECH,2024,4,7.14,Good,0,False
S06639,Ankit Mishra,ankit.mishra34@college.ac.in,AIML,2024,4,6.63,Average,3,False
S06640,Ankit Khan,ankit.khan55@college.ac.in,AIML,2022,8,6.59,Average,3,True
S06641,Faisal Chetty,faisal.chetty15@college.ac.in,ECE,2022,8,6.69,Average,0,False
S06642,Sanjay Mishra,sanjay.mishra30@college.ac.in,ECE,2024,4,6.2,Average,1,True
S06643,Zubair Shah,zubair.shah50@college.ac.in,MECH,2023,6,7.01,Good,0,False
S06644,Harish Verma,harish.verma54@college.ac.in,CSE,2023,6,7.63,Good,0,False
S06645,Nisha Varma,nisha.varma46@college.ac.in,CSE,2025,2,6.48,Average,0,False
S06646,Simran Desai,simran.desai38@college.ac.in,MECH,2025,2,6.67,Average,5,True
S06647,Syed Malik,syed.malik56@college.ac.in,CSE,2023,6,7.53,Good,0,False
S06648,Riya Hegde,riya.hegde16@college.ac.in,ECE,2024,4,6.41,Average,4,False
S06649,Farhan Mehta,farhan.mehta96@college.ac.in,CSE,2023,6,7.04,Good,0,False
S06650,Sana Khan,sana.khan14@college.ac.in,AIML,2022,8,7.78,Good,0,False
S06651,Pillai Singh,pillai.singh83@college.ac.in,MECH,2023,6,4.6,At Risk,4,True
S06652,Piyush Pandey,piyush.pandey72@college.ac.in,ECE,2025,2,5.02,At Risk,5,True
S06653,Dinesh Natarajan,dinesh.natarajan36@college.ac.in,CSE,2023,6,7.58,Good,0,False
S06654,Adil Velayudhan,adil.velayudhan57@college.ac.in,ECE,2025,2,6.81,Average,1,True
S06655,Ganesh Nair,ganesh.nair74@college.ac.in,ECE,2023,6,6.65,Average,0,False
S06656,Syed Malik,syed.malik81@college.ac.in,AIML,2025,2,7.58,Good,0,False
S06657,Fatima Shah,fatima.shah44@college.ac.in,CSE,2022,8,6.23,Average,4,True
S06658,Keerthi Bhat,keerthi.bhat87@college.ac.in,MECH,2024,4,6.0,Average,0,False
S06659,Tanvi Mehta,tanvi.mehta81@college.ac.in,MECH,2025,2,5.59,Average,4,True
S06660,Priya Nambiar,priya.nambiar97@college.ac.in,MECH,2022,8,6.74,Average,0,False
S06661,Swati Karunakaran,swati.karunakaran75@college.ac.in,MECH,2024,4,5.54,Average,2,True
S06662,Avinash Das,avinash.das97@college.ac.in,MECH,2024,4,5.64,Average,5,False
S06663,Surya Subramaniam,surya.subramaniam56@college.ac.in,CSE,2024,4,5.88,Average,2,True
S06664,Aishwarya Venkataraman,aishwarya.venkataraman65@college.ac.in,AIML,2022,8,6.2,Average,3,True
S06665,Amal Sheikh,amal.sheikh23@college.ac.in,AIML,2023,6,6.61,Average,2,False
S06666,Swathi Joshi,swathi.joshi84@college.ac.in,ECE,2024,3,7.07,Good,0,False
S06667,Nisha Pillai,nisha.pillai70@college.ac.in,CSE,2024,4,6.9,Average,0,False
S06668,Vijay Murthy,vijay.murthy78@college.ac.in,MECH,2024,4,6.38,Average,0,False
S06669,Vivek Hegde,vivek.hegde97@college.ac.in,ECE,2023,6,8.0,Good,0,False
S06670,Tarun Venkataraman,tarun.venkataraman87@college.ac.in,ECE,2024,4,3.84,At Risk,4,True
S06671,Shreya Reddy,shreya.reddy37@college.ac.in,CSE,2024,4,6.78,Average,0,False
S06672,Shubham Selvam,shubham.selvam15@college.ac.in,AIML,2024,4,7.7,Good,0,False
S06673,Sathish Iyengar,sathish.iyengar73@college.ac.in,MECH,2024,4,5.12,At Risk,3,False
S06674,Vignesh Iyengar,vignesh.iyengar82@college.ac.in,MECH,2022,8,5.85,Average,6,False
S06675,Vignesh Rao,vignesh.rao47@college.ac.in,MECH,2022,8,5.45,At Risk,3,False
S06676,Gaurav Rao,gaurav.rao26@college.ac.in,MECH,2024,4,5.88,Average,3,False
S06677,Naveen Rao,naveen.rao86@college.ac.in,CSE,2025,2,7.48,Good,0,False
S06678,Rajan Rajan,rajan.rajan82@college.ac.in,CSE,2025,2,6.99,Average,0,False
S06679,Kavya Venkataraman,kavya.venkataraman19@college.ac.in,AIML,2023,6,6.55,Average,0,False
S06680,Rohit Chandrasekaran,rohit.chandrasekaran67@college.ac.in,ECE,2022,8,7.27,Good,0,False
S06681,Surya Subramaniam,surya.subramaniam91@college.ac.in,ECE,2023,6,6.82,Average,5,False
S06682,Nikhil Hussain,nikhil.hussain17@college.ac.in,CSE,2023,6,6.46,Average,0,False
S06683,Bilal Rajan,bilal.rajan96@college.ac.in,ECE,2025,2,7.64,Good,0,False
S06684,Irfan Mehta,irfan.mehta60@college.ac.in,CSE,2022,8,8.23,Good,0,False
S06685,Ramesh Naidu,ramesh.naidu87@college.ac.in,CSE,2023,5,8.08,Good,0,False
S06686,Lakshmi Pandey,lakshmi.pandey93@college.ac.in,CSE,2025,2,7.2,Good,0,False
S06687,Arun Singh,arun.singh69@college.ac.in,AIML,2024,4,7.93,Good,0,False
S06688,Amina Rajan,amina.rajan31@college.ac.in,ECE,2025,2,7.87,Good,0,False
S06689,Vignesh Chandrasekaran,vignesh.chandrasekaran28@college.ac.in,MECH,2025,2,8.32,Good,0,False
S06690,Saranya Mehta,saranya.mehta97@college.ac.in,ECE,2022,8,7.21,Good,0,False
S06691,Usman Sharma,usman.sharma24@college.ac.in,AIML,2023,6,6.85,Average,2,False
S06692,Rukhsar Sheikh,rukhsar.sheikh42@college.ac.in,ECE,2024,3,5.73,Average,2,False
S06693,Jithin Patil,jithin.patil62@college.ac.in,MECH,2023,5,4.86,At Risk,6,True
S06694,Suresh Siddiqui,suresh.siddiqui54@college.ac.in,AIML,2023,6,5.41,At Risk,4,True
S06695,Ganesh Kumar,ganesh.kumar30@college.ac.in,AIML,2024,4,5.87,Average,2,True
S06696,Dhanush Chandrasekaran,dhanush.chandrasekaran56@college.ac.in,AIML,2024,4,8.08,Good,0,False
S06697,Lakshmi Chandrasekaran,lakshmi.chandrasekaran47@college.ac.in,CSE,2022,8,6.81,Average,0,False
S06698,Nadia Singh,nadia.singh42@college.ac.in,AIML,2024,4,5.24,At Risk,6,True
S06699,Ravi Iyer,ravi.iyer47@college.ac.in,MECH,2023,6,6.59,Average,0,False
S06700,Sonal Nair,sonal.nair90@college.ac.in,ECE,2023,6,6.7,Average,0,False
S06701,Rajan Desai,rajan.desai12@college.ac.in,ECE,2025,2,6.72,Average,5,True
S06702,Keerthi Selvam,keerthi.selvam38@college.ac.in,AIML,2024,4,7.4,Good,0,False
S06703,Priya Subramaniam,priya.subramaniam90@college.ac.in,CSE,2023,6,6.21,Average,2,False
S06704,Amina Namboothiri,amina.namboothiri60@college.ac.in,MECH,2024,4,6.6,Average,0,False
S06705,Zubair Ansari,zubair.ansari84@college.ac.in,ECE,2025,2,6.66,Average,0,False
S06706,Ajith Karunakaran,ajith.karunakaran89@college.ac.in,ECE,2022,8,7.52,Good,0,False
S06707,Sanjay Chetty,sanjay.chetty53@college.ac.in,MECH,2024,4,6.36,Average,2,True
S06708,Gaurav Natarajan,gaurav.natarajan33@college.ac.in,CSE,2024,4,7.28,Good,0,False
S06709,Ganesh Chandrasekaran,ganesh.chandrasekaran51@college.ac.in,MECH,2023,6,5.3,At Risk,4,True
S06710,Madhan Mirza,madhan.mirza66@college.ac.in,CSE,2023,5,5.45,At Risk,5,False
S06711,Junaid Naidu,junaid.naidu18@college.ac.in,ECE,2025,2,6.67,Average,0,False
S06712,Rajan Verma,rajan.verma41@college.ac.in,AIML,2024,4,8.17,Good,0,False
S06713,Madhan Kamath,madhan.kamath32@college.ac.in,CSE,2024,4,7.32,Good,0,False
S06714,Mohammed Varma,mohammed.varma32@college.ac.in,AIML,2023,6,7.17,Good,0,False
S06715,Sachin Kumar,sachin.kumar82@college.ac.in,MECH,2024,4,6.22,Average,5,False
S06716,Zainab Varma,zainab.varma58@college.ac.in,AIML,2022,8,6.9,Average,0,False
S06717,Sneha Rao,sneha.rao33@college.ac.in,AIML,2025,2,8.89,Excellent,0,False
S06718,Nadia Bhat,nadia.bhat33@college.ac.in,MECH,2023,6,6.84,Average,0,False
S06719,Rajan Nambiar,rajan.nambiar91@college.ac.in,MECH,2022,8,6.37,Average,0,False
S06720,Ayesha Natarajan,ayesha.natarajan91@college.ac.in,CSE,2023,6,7.25,Good,0,False
S06721,Farhan Pandey,farhan.pandey44@college.ac.in,CSE,2022,8,6.71,Average,5,True
S06722,Ananya Gupta,ananya.gupta28@college.ac.in,AIML,2025,2,6.26,Average,0,False
S06723,Aamir Chauhan,aamir.chauhan45@college.ac.in,MECH,2022,8,7.4,Good,0,False
S06724,Kritika Yadav,kritika.yadav92@college.ac.in,AIML,2024,4,6.92,Average,0,False
S06725,Ayesha Natarajan,ayesha.natarajan35@college.ac.in,MECH,2024,4,7.55,Good,0,False
S06726,Vikram Chandrasekaran,vikram.chandrasekaran87@college.ac.in,CSE,2022,8,5.87,Average,3,True
S06727,Shubham Mishra,shubham.mishra25@college.ac.in,CSE,2024,4,5.71,Average,3,True
S06728,Mohammed Selvam,mohammed.selvam74@college.ac.in,CSE,2025,2,5.13,At Risk,3,False
S06729,Amit Murthy,amit.murthy13@college.ac.in,AIML,2022,8,7.43,Good,0,False
S06730,Nisha Natarajan,nisha.natarajan37@college.ac.in,MECH,2023,6,5.19,At Risk,4,True
S06731,Mohammed Velayudhan,mohammed.velayudhan15@college.ac.in,AIML,2023,6,7.51,Good,0,False
S06732,Logesh Desai,logesh.desai56@college.ac.in,ECE,2024,4,5.06,At Risk,2,True
S06733,Aishwarya Chetty,aishwarya.chetty40@college.ac.in,ECE,2023,5,6.48,Average,4,False
S06734,Amina Gopalakrishnan,amina.gopalakrishnan83@college.ac.in,MECH,2023,6,6.99,Average,0,False
S06735,Aamir Khan,aamir.khan97@college.ac.in,ECE,2024,4,7.56,Good,0,False
S06736,Harish Mehta,harish.mehta77@college.ac.in,ECE,2025,2,8.12,Good,0,False
S06737,Syed Hussain,syed.hussain14@college.ac.in,MECH,2025,2,6.47,Average,3,True
S06738,Divya Singh,divya.singh74@college.ac.in,ECE,2024,4,7.41,Good,0,False
S06739,Dhanush Kamath,dhanush.kamath92@college.ac.in,ECE,2025,2,8.04,Good,0,False
S06740,Kritika Shah,kritika.shah27@college.ac.in,CSE,2024,4,6.42,Average,5,False
S06741,Anjali Arumugam,anjali.arumugam96@college.ac.in,MECH,2025,2,5.26,At Risk,5,False
S06742,Shubham Yadav,shubham.yadav12@college.ac.in,CSE,2025,2,6.51,Average,0,False
S06743,Swati Bhat,swati.bhat69@college.ac.in,MECH,2022,8,6.74,Average,0,False
S06744,Pooja Mehta,pooja.mehta17@college.ac.in,MECH,2025,2,6.92,Average,0,False
S06745,Rahul Pillai,rahul.pillai82@college.ac.in,MECH,2023,6,6.91,Average,0,False
S06746,Sneha Hegde,sneha.hegde19@college.ac.in,CSE,2022,8,7.78,Good,0,False
S06747,Naveen Malik,naveen.malik68@college.ac.in,ECE,2023,6,6.97,Average,0,False
S06748,Akash Mirza,akash.mirza46@college.ac.in,AIML,2025,2,7.83,Good,0,False
S06749,Prithviraj Gupta,prithviraj.gupta30@college.ac.in,CSE,2024,4,7.02,Good,0,False
S06750,Vijay Kumar,vijay.kumar19@college.ac.in,AIML,2025,2,6.77,Average,0,False
S06751,Nithish Shetty,nithish.shetty98@college.ac.in,CSE,2023,6,7.26,Good,0,False
S06752,Akash Krishnan,akash.krishnan90@college.ac.in,MECH,2022,8,6.48,Average,0,False
S06753,Neha Warrier,neha.warrier78@college.ac.in,AIML,2022,8,6.8,Average,0,False
S06754,Nithish Tiwari,nithish.tiwari30@college.ac.in,CSE,2023,6,7.6,Good,0,False
S06755,Vijay Gopalakrishnan,vijay.gopalakrishnan70@college.ac.in,CSE,2024,3,6.73,Average,0,False
S06756,Ananya Malik,ananya.malik61@college.ac.in,AIML,2022,8,7.96,Good,0,False
S06757,Siddharth Rajan,siddharth.rajan83@college.ac.in,CSE,2024,4,8.13,Good,0,False
S06758,Ankit Naidu,ankit.naidu34@college.ac.in,AIML,2023,5,5.86,Average,2,False
S06759,Menon Iyengar,menon.iyengar12@college.ac.in,ECE,2024,4,5.24,At Risk,2,True
S06760,Nikhil Gupta,nikhil.gupta27@college.ac.in,MECH,2024,4,5.44,At Risk,6,True
S06761,Faisal Singh,faisal.singh45@college.ac.in,MECH,2023,6,6.09,Average,0,False
S06762,Syed Siddiqui,syed.siddiqui65@college.ac.in,CSE,2024,4,7.35,Good,0,False
S06763,Swathi Patil,swathi.patil40@college.ac.in,MECH,2025,2,5.73,Average,2,False
S06764,Pooja Siddiqui,pooja.siddiqui98@college.ac.in,CSE,2025,2,6.22,Average,6,True
S06765,Farhan Singh,farhan.singh85@college.ac.in,AIML,2023,6,7.6,Good,0,False
S06766,Revathi Namboothiri,revathi.namboothiri73@college.ac.in,CSE,2024,3,4.58,At Risk,5,True
S06767,Harikrishna Arumugam,harikrishna.arumugam87@college.ac.in,AIML,2024,3,5.83,Average,3,False
S06768,Simran Namboothiri,simran.namboothiri89@college.ac.in,AIML,2023,5,5.56,Average,5,True
S06769,Adil Iyer,adil.iyer46@college.ac.in,CSE,2024,4,6.88,Average,0,False
S06770,Mohammed Verma,mohammed.verma75@college.ac.in,MECH,2024,4,5.0,At Risk,2,True
S06771,Riya Selvam,riya.selvam69@college.ac.in,ECE,2023,6,7.76,Good,0,False
S06772,Pallavi Murugan,pallavi.murugan50@college.ac.in,MECH,2023,6,7.03,Good,0,False
S06773,Dinesh Venkataraman,dinesh.venkataraman61@college.ac.in,AIML,2022,8,6.81,Average,0,False
S06774,Sanjay Ansari,sanjay.ansari13@college.ac.in,ECE,2024,4,6.28,Average,0,False
S06775,Jithin Ansari,jithin.ansari18@college.ac.in,ECE,2023,6,6.93,Average,0,False
S06776,Zubair Naidu,zubair.naidu67@college.ac.in,AIML,2022,8,7.42,Good,0,False
S06777,Akash Hegde,akash.hegde20@college.ac.in,ECE,2024,3,4.85,At Risk,4,True
S06778,Vijay Das,vijay.das41@college.ac.in,CSE,2023,6,7.01,Good,0,False
S06779,Keerthi Nambiar,keerthi.nambiar15@college.ac.in,MECH,2022,8,6.68,Average,0,False
S06780,Surya Qureshi,surya.qureshi31@college.ac.in,ECE,2022,8,6.27,Average,0,False
S06781,Sneha Qureshi,sneha.qureshi37@college.ac.in,CSE,2023,6,7.0,Good,0,False
S06782,Hiba Shah,hiba.shah89@college.ac.in,AIML,2025,2,6.86,Average,1,False
S06783,Ganesh Warrier,ganesh.warrier78@college.ac.in,CSE,2025,2,8.39,Good,0,False
S06784,Swathi Murthy,swathi.murthy68@college.ac.in,ECE,2022,8,6.78,Average,0,False
S06785,Bilal Pandey,bilal.pandey68@college.ac.in,CSE,2024,4,6.6,Average,3,True
S06786,Revathi Krishnan,revathi.krishnan97@college.ac.in,CSE,2024,4,7.42,Good,0,False
S06787,Junaid Rajan,junaid.rajan11@college.ac.in,CSE,2023,6,7.39,Good,0,False
S06788,Meena Joshi,meena.joshi15@college.ac.in,MECH,2024,4,5.74,Average,1,True
S06789,Pooja Varma,pooja.varma32@college.ac.in,ECE,2024,4,5.85,Average,4,True
S06790,Pooja Murthy,pooja.murthy94@college.ac.in,CSE,2025,2,7.1,Good,0,False
S06791,Priya Kulkarni,priya.kulkarni78@college.ac.in,MECH,2024,4,4.78,At Risk,3,True
S06792,Ravi Kumar,ravi.kumar70@college.ac.in,AIML,2022,8,6.75,Average,0,False
S06793,Tanvi Kamath,tanvi.kamath18@college.ac.in,CSE,2024,4,7.11,Good,1,True
S06794,Nisha Babu,nisha.babu60@college.ac.in,CSE,2025,2,7.28,Good,0,False
S06795,Prithviraj Chetty,prithviraj.chetty51@college.ac.in,ECE,2023,6,5.29,At Risk,2,True
S06796,Sonal Kamath,sonal.kamath56@college.ac.in,ECE,2023,6,5.79,Average,6,True
S06797,Shreya Varma,shreya.varma22@college.ac.in,ECE,2022,8,7.12,Good,0,False
S06798,Naveen Rao,naveen.rao18@college.ac.in,CSE,2025,2,7.72,Good,0,False
S06799,Revathi Chauhan,revathi.chauhan83@college.ac.in,ECE,2023,6,5.15,At Risk,4,True
S06800,Sreejith Natarajan,sreejith.natarajan24@college.ac.in,CSE,2024,4,7.45,Good,0,False
S06801,Zubair Mishra,zubair.mishra97@college.ac.in,ECE,2023,6,7.34,Good,0,False
S06802,Lakshmi Shetty,lakshmi.shetty621@college.ac.in,CSE,2025,2,7.82,Good,0,False
S06803,Kavya Arumugam,kavya.arumugam93@college.ac.in,CSE,2023,6,7.48,Good,0,False
S06804,Ajith Kulkarni,ajith.kulkarni23@college.ac.in,CSE,2024,4,6.97,Average,3,False
S06805,Aditi Babu,aditi.babu59@college.ac.in,MECH,2023,6,5.4,At Risk,5,False
S06806,Ramya Singh,ramya.singh62@college.ac.in,MECH,2023,6,5.95,Average,2,False
S06807,Pooja Das,pooja.das14@college.ac.in,ECE,2024,4,6.69,Average,3,False
S06808,Sreejith Rajan,sreejith.rajan98@college.ac.in,CSE,2023,6,7.73,Good,0,False
S06809,Adil Shah,adil.shah24@college.ac.in,ECE,2022,8,6.23,Average,1,True
S06810,Avinash Sheikh,avinash.sheikh98@college.ac.in,AIML,2023,6,7.34,Good,0,False
S06811,Nadia Kulkarni,nadia.kulkarni60@college.ac.in,MECH,2022,8,6.89,Average,0,False
S06812,Ramya Yadav,ramya.yadav65@college.ac.in,CSE,2023,6,5.39,At Risk,3,True
S06813,Keerthi Singh,keerthi.singh99@college.ac.in,AIML,2025,2,7.16,Good,0,False
S06814,Nithish Warrier,nithish.warrier20@college.ac.in,MECH,2025,2,5.71,Average,2,False
S06815,Tarun Shah,tarun.shah10@college.ac.in,MECH,2024,4,6.4,Average,0,False
S06816,Aishwarya Shetty,aishwarya.shetty24@college.ac.in,MECH,2024,4,4.15,At Risk,4,True
S06817,Meena Warrier,meena.warrier88@college.ac.in,ECE,2022,8,6.32,Average,1,True
S06818,Kritika Menon,kritika.menon299@college.ac.in,CSE,2024,4,6.83,Average,0,False
S06819,Mansi Varma,mansi.varma36@college.ac.in,CSE,2022,8,7.31,Good,0,False
S06820,Swathi Shetty,swathi.shetty91@college.ac.in,MECH,2024,4,5.83,Average,5,False
S06821,Rizwan Khan,rizwan.khan67@college.ac.in,CSE,2024,3,6.75,Average,0,False
S06822,Vishnu Krishnan,vishnu.krishnan87@college.ac.in,ECE,2025,2,6.76,Average,2,True
S06823,Asif Mishra,asif.mishra58@college.ac.in,MECH,2025,2,7.74,Good,0,False
S06824,Deepak Mishra,deepak.mishra32@college.ac.in,CSE,2023,6,6.95,Average,0,False
S06825,Pooja Selvam,pooja.selvam40@college.ac.in,MECH,2022,8,6.76,Average,0,False
S06826,Salman Velayudhan,salman.velayudhan77@college.ac.in,MECH,2022,8,6.7,Average,3,True
S06827,Tarun Rao,tarun.rao46@college.ac.in,ECE,2024,4,6.63,Average,0,False
S06828,Kavya Shah,kavya.shah88@college.ac.in,CSE,2022,8,6.86,Average,5,False
S06829,Lakshmi Ansari,lakshmi.ansari50@college.ac.in,MECH,2023,5,6.4,Average,0,False
S06830,Nair Krishnan,nair.krishnan21@college.ac.in,AIML,2023,6,6.74,Average,0,False
S06831,Sana Tiwari,sana.tiwari35@college.ac.in,MECH,2025,2,4.84,At Risk,2,False
S06832,Rajesh Menon,rajesh.menon67@college.ac.in,AIML,2023,6,6.63,Average,0,False
S06833,Fatima Singh,fatima.singh77@college.ac.in,MECH,2022,8,6.72,Average,0,False
S06834,Sana Joshi,sana.joshi39@college.ac.in,CSE,2024,4,6.4,Average,2,True
S06835,Aishwarya Varma,aishwarya.varma52@college.ac.in,AIML,2024,4,6.58,Average,3,True
S06836,Harish Chauhan,harish.chauhan82@college.ac.in,CSE,2022,8,7.24,Good,0,False
S06837,Ramya Yadav,ramya.yadav15@college.ac.in,ECE,2023,6,6.28,Average,4,False
S06838,Sreejith Gopalakrishnan,sreejith.gopalakrishnan45@college.ac.in,AIML,2023,6,6.43,Average,0,False
S06839,Ramesh Bhat,ramesh.bhat77@college.ac.in,ECE,2024,4,6.81,Average,0,False
S06840,Anjali Siddiqui,anjali.siddiqui96@college.ac.in,CSE,2024,4,7.58,Good,0,False
S06841,Simran Selvam,simran.selvam96@college.ac.in,ECE,2025,2,5.52,Average,1,True
S06842,Sonal Patel,sonal.patel10@college.ac.in,MECH,2022,8,6.14,Average,0,False
S06843,Sanjay Chandrasekaran,sanjay.chandrasekaran97@college.ac.in,CSE,2024,4,5.14,At Risk,3,True
S06844,Imran Naidu,imran.naidu49@college.ac.in,ECE,2023,6,6.03,Average,2,True
S06845,Prithviraj Arumugam,prithviraj.arumugam15@college.ac.in,MECH,2024,4,5.42,At Risk,4,True
S06846,Dinesh Singh,dinesh.singh35@college.ac.in,CSE,2023,5,6.52,Average,1,True
S06847,Deepak Malik,deepak.malik71@college.ac.in,AIML,2023,6,8.37,Good,0,False
S06848,Rajesh Venkataraman,rajesh.venkataraman67@college.ac.in,ECE,2024,3,7.62,Good,0,False
S06849,Aditi Karunakaran,aditi.karunakaran42@college.ac.in,CSE,2024,4,6.51,Average,0,False
S06850,Nithish Iyer,nithish.iyer62@college.ac.in,CSE,2023,6,7.01,Good,0,False
S06851,Ramya Selvam,ramya.selvam21@college.ac.in,AIML,2025,2,7.71,Good,0,False
S06852,Sana Nambiar,sana.nambiar23@college.ac.in,CSE,2024,4,8.14,Good,0,False
S06853,Ramya Rao,ramya.rao39@college.ac.in,AIML,2022,8,7.63,Good,0,False
S06854,Surya Iyengar,surya.iyengar35@college.ac.in,MECH,2023,6,6.54,Average,5,True
S06855,Hiba Selvam,hiba.selvam38@college.ac.in,MECH,2022,8,6.97,Average,0,False
S06856,Arun Babu,arun.babu72@college.ac.in,CSE,2025,2,7.39,Good,0,False
S06857,Naveen Varma,naveen.varma23@college.ac.in,AIML,2022,8,6.78,Average,0,False
S06858,Irfan Velayudhan,irfan.velayudhan54@college.ac.in,MECH,2024,4,4.06,At Risk,2,True
S06859,Revathi Velayudhan,revathi.velayudhan59@college.ac.in,ECE,2024,4,6.54,Average,5,True
S06860,Nithya Shetty,nithya.shetty67@college.ac.in,MECH,2025,2,7.42,Good,0,False
S06861,Praveen Reddy,praveen.reddy46@college.ac.in,ECE,2024,4,5.95,Average,2,True
S06862,Harish Mishra,harish.mishra59@college.ac.in,AIML,2023,5,5.75,Average,4,False
S06863,Manoj Nair,manoj.nair32@college.ac.in,CSE,2022,8,6.02,Average,3,True
S06864,Rohit Patil,rohit.patil48@college.ac.in,ECE,2022,8,6.99,Average,0,False
S06865,Sachin Murthy,sachin.murthy90@college.ac.in,ECE,2024,4,6.22,Average,2,False
S06866,Ajith Gupta,ajith.gupta15@college.ac.in,MECH,2024,4,6.16,Average,0,False
S06867,Faisal Venkataraman,faisal.venkataraman86@college.ac.in,CSE,2022,8,6.03,Average,3,True
S06868,Pooja Dubey,pooja.dubey35@college.ac.in,CSE,2023,6,6.32,Average,0,False
S06869,Aditi Iyer,aditi.iyer92@college.ac.in,CSE,2022,8,7.03,Good,0,False
S06870,Amit Pandey,amit.pandey52@college.ac.in,CSE,2025,2,7.97,Good,0,False
S06871,Syed Murugan,syed.murugan58@college.ac.in,AIML,2023,6,6.69,Average,0,False
S06872,Nithish Prasad,nithish.prasad67@college.ac.in,ECE,2024,4,5.89,Average,4,False
S06873,Amit Pandey,amit.pandey36@college.ac.in,AIML,2024,4,4.86,At Risk,6,True
S06874,Amina Reddy,amina.reddy19@college.ac.in,AIML,2023,6,7.27,Good,0,False
S06875,Aishwarya Rao,aishwarya.rao14@college.ac.in,ECE,2022,8,8.53,Excellent,0,False
S06876,Bilal Kumar,bilal.kumar49@college.ac.in,MECH,2023,6,5.78,Average,3,True
S06877,Pooja Yadav,pooja.yadav63@college.ac.in,MECH,2024,4,4.46,At Risk,3,True
S06878,Aditi Nambiar,aditi.nambiar45@college.ac.in,MECH,2023,6,7.36,Good,0,False
S06879,Karthik Murugan,karthik.murugan33@college.ac.in,CSE,2025,2,8.44,Good,0,False
S06880,Siddharth Qureshi,siddharth.qureshi21@college.ac.in,MECH,2022,8,5.3,At Risk,5,True
S06881,Asif Naidu,asif.naidu14@college.ac.in,MECH,2024,4,5.47,At Risk,2,True
S06882,Simran Hegde,simran.hegde35@college.ac.in,AIML,2023,6,7.36,Good,0,False
S06883,Amit Murugan,amit.murugan87@college.ac.in,ECE,2023,6,6.24,Average,5,True
S06884,Menon Venkataraman,menon.venkataraman73@college.ac.in,CSE,2023,6,6.94,Average,0,False
S06885,Kritika Verma,kritika.verma76@college.ac.in,ECE,2023,6,7.75,Good,0,False
S06886,Logesh Murthy,logesh.murthy87@college.ac.in,AIML,2024,3,7.47,Good,0,False
S06887,Usman Chauhan,usman.chauhan36@college.ac.in,AIML,2024,4,7.1,Good,0,False
S06888,Nithish Naidu,nithish.naidu72@college.ac.in,MECH,2024,4,6.69,Average,0,False
S06889,Nithish Qureshi,nithish.qureshi40@college.ac.in,ECE,2022,8,6.03,Average,5,False
S06890,Asif Khan,asif.khan89@college.ac.in,ECE,2022,8,5.21,At Risk,5,True
S06891,Prerna Chauhan,prerna.chauhan74@college.ac.in,AIML,2023,6,7.69,Good,0,False
S06892,Sonal Dubey,sonal.dubey62@college.ac.in,CSE,2023,6,7.92,Good,0,False
S06893,Ramya Rajan,ramya.rajan77@college.ac.in,ECE,2022,8,6.88,Average,0,False
S06894,Ramesh Menon,ramesh.menon68@college.ac.in,AIML,2023,5,5.76,Average,1,False
S06895,Sathish Shetty,sathish.shetty95@college.ac.in,CSE,2022,8,6.87,Average,0,False
S06896,Ayesha Rao,ayesha.rao87@college.ac.in,ECE,2023,6,6.46,Average,0,False
S06897,Jithin Prasad,jithin.prasad75@college.ac.in,MECH,2025,2,7.4,Good,1,False
S06898,Rahul Joshi,rahul.joshi79@college.ac.in,MECH,2023,6,6.19,Average,0,False
S06899,Sana Nair,sana.nair59@college.ac.in,ECE,2025,2,7.63,Good,0,False
S06900,Mansi Chandrasekaran,mansi.chandrasekaran97@college.ac.in,CSE,2024,4,5.97,Average,4,True
S06901,Nadia Naidu,nadia.naidu56@college.ac.in,ECE,2024,4,7.67,Good,0,False
S06902,Sanjay Khan,sanjay.khan74@college.ac.in,AIML,2024,4,6.93,Average,0,False
S06903,Sneha Mirza,sneha.mirza33@college.ac.in,CSE,2025,2,7.06,Good,2,False
S06904,Amina Shah,amina.shah12@college.ac.in,ECE,2023,6,5.68,Average,3,True
S06905,Muralidhar Patil,muralidhar.patil91@college.ac.in,ECE,2023,6,6.28,Average,2,True
S06906,Krishnan Namboothiri,krishnan.namboothiri39@college.ac.in,AIML,2023,6,6.18,Average,2,True
S06907,Arun Kumar,arun.kumar22@college.ac.in,CSE,2025,2,3.81,At Risk,5,True
S06908,Amina Yadav,amina.yadav84@college.ac.in,MECH,2025,2,7.11,Good,0,False
S06909,Fatima Murugan,fatima.murugan26@college.ac.in,ECE,2024,4,4.76,At Risk,2,True
S06910,Harish Chauhan,harish.chauhan94@college.ac.in,CSE,2024,4,6.78,Average,0,False
S06911,Menon Das,menon.das72@college.ac.in,MECH,2023,5,7.77,Good,0,False
S06912,Mohammed Gopalakrishnan,mohammed.gopalakrishnan71@college.ac.in,ECE,2025,2,6.61,Average,0,False
S06913,Sneha Karunakaran,sneha.karunakaran89@college.ac.in,CSE,2025,2,7.17,Good,0,False
S06914,Amina Patil,amina.patil73@college.ac.in,MECH,2025,2,6.09,Average,0,False
S06915,Meena Subramaniam,meena.subramaniam52@college.ac.in,MECH,2022,8,5.03,At Risk,5,True
S06916,Nithya Nambiar,nithya.nambiar68@college.ac.in,CSE,2023,6,7.73,Good,0,False
S06917,Amal Chandrasekaran,amal.chandrasekaran909@college.ac.in,CSE,2025,2,8.34,Good,0,False
S06918,Gaurav Menon,gaurav.menon38@college.ac.in,AIML,2025,2,7.31,Good,0,False
S06919,Hiba Arumugam,hiba.arumugam97@college.ac.in,ECE,2022,8,5.63,Average,1,True
S06920,Ankita Bhat,ankita.bhat97@college.ac.in,AIML,2023,6,4.91,At Risk,2,True
S06921,Aditi Reddy,aditi.reddy91@college.ac.in,MECH,2024,4,4.29,At Risk,4,False
S06922,Harish Hussain,harish.hussain93@college.ac.in,CSE,2023,6,6.41,Average,1,False
S06923,Karthik Khan,karthik.khan10@college.ac.in,AIML,2024,4,5.97,Average,0,False
S06924,Syed Gopalakrishnan,syed.gopalakrishnan31@college.ac.in,ECE,2023,6,5.67,Average,3,True
S06925,Swathi Murthy,swathi.murthy83@college.ac.in,ECE,2024,4,6.55,Average,0,False
S06926,Ramya Arumugam,ramya.arumugam15@college.ac.in,MECH,2025,2,5.08,At Risk,3,True
S06927,Surya Gopalakrishnan,surya.gopalakrishnan38@college.ac.in,ECE,2024,4,7.27,Good,0,False
S06928,Avinash Kamath,avinash.kamath12@college.ac.in,CSE,2024,4,5.0,At Risk,6,True
S06929,Sachin Reddy,sachin.reddy20@college.ac.in,CSE,2025,2,8.53,Excellent,0,False
S06930,Sneha Malik,sneha.malik63@college.ac.in,CSE,2024,4,6.96,Average,0,False
S06931,Neha Qureshi,neha.qureshi61@college.ac.in,ECE,2024,4,7.47,Good,0,False
S06932,Ramesh Natarajan,ramesh.natarajan18@college.ac.in,AIML,2022,8,6.21,Average,1,True
S06933,Swati Kumar,swati.kumar98@college.ac.in,ECE,2023,6,7.09,Good,0,False
S06934,Athul Gupta,athul.gupta40@college.ac.in,ECE,2024,4,5.53,Average,1,True
S06935,Ayesha Ansari,ayesha.ansari27@college.ac.in,ECE,2024,4,5.48,At Risk,3,True
S06936,Harish Hussain,harish.hussain54@college.ac.in,AIML,2025,2,4.7,At Risk,1,True
S06937,Amina Velayudhan,amina.velayudhan77@college.ac.in,CSE,2025,2,5.17,At Risk,2,True
S06938,Menon Sharma,menon.sharma95@college.ac.in,ECE,2022,8,6.24,Average,3,False
S06939,Anjali Das,anjali.das65@college.ac.in,ECE,2022,8,7.09,Good,0,False
S06940,Sonal Patel,sonal.patel75@college.ac.in,CSE,2024,4,6.06,Average,3,True
S06941,Simran Bhat,simran.bhat52@college.ac.in,MECH,2025,2,6.28,Average,0,False
S06942,Tarun Iyengar,tarun.iyengar31@college.ac.in,MECH,2023,6,5.3,At Risk,3,False
S06943,Mohammed Shetty,mohammed.shetty15@college.ac.in,MECH,2024,4,5.62,Average,3,True
S06944,Priya Das,priya.das31@college.ac.in,ECE,2024,4,6.08,Average,0,False
S06945,Bilal Singh,bilal.singh23@college.ac.in,ECE,2025,2,6.37,Average,2,False
S06946,Sana Babu,sana.babu814@college.ac.in,ECE,2025,2,6.57,Average,0,False
S06947,Logesh Shah,logesh.shah14@college.ac.in,CSE,2022,8,6.0,Average,2,True
S06948,Ankit Mishra,ankit.mishra64@college.ac.in,MECH,2023,6,6.17,Average,0,False
S06949,Shahid Verma,shahid.verma99@college.ac.in,AIML,2023,6,7.21,Good,0,False
S06950,Sneha Reddy,sneha.reddy84@college.ac.in,ECE,2024,4,6.97,Average,0,False
S06951,Naveen Yadav,naveen.yadav17@college.ac.in,AIML,2025,2,5.74,Average,2,False
S06952,Varun Patil,varun.patil39@college.ac.in,CSE,2023,5,7.07,Good,0,False
S06953,Jithin Nair,jithin.nair80@college.ac.in,ECE,2025,2,5.77,Average,5,False
S06954,Pillai Mirza,pillai.mirza60@college.ac.in,CSE,2024,4,6.1,Average,0,False
S06955,Deepak Verma,deepak.verma95@college.ac.in,MECH,2023,6,7.29,Good,0,False
S06956,Ganesh Siddiqui,ganesh.siddiqui36@college.ac.in,CSE,2025,2,6.55,Average,0,False
S06957,Pillai Shetty,pillai.shetty52@college.ac.in,AIML,2025,2,8.1,Good,0,False
S06958,Farhan Dubey,farhan.dubey23@college.ac.in,AIML,2025,2,7.51,Good,0,False
S06959,Siddharth Velayudhan,siddharth.velayudhan40@college.ac.in,ECE,2023,6,4.94,At Risk,3,False
S06960,Ananya Sharma,ananya.sharma43@college.ac.in,MECH,2025,2,5.05,At Risk,4,True
S06961,Ayesha Nambiar,ayesha.nambiar38@college.ac.in,AIML,2023,6,6.4,Average,4,False
S06962,Jithin Qureshi,jithin.qureshi22@college.ac.in,ECE,2024,4,7.53,Good,0,False
S06963,Revathi Iyer,revathi.iyer13@college.ac.in,AIML,2022,8,6.47,Average,3,False
S06964,Shubham Murugan,shubham.murugan55@college.ac.in,ECE,2024,4,6.51,Average,1,False
S06965,Vishnu Subramaniam,vishnu.subramaniam17@college.ac.in,CSE,2023,6,7.0,Good,0,False
S06966,Ganesh Verma,ganesh.verma68@college.ac.in,AIML,2024,3,5.56,Average,6,True
S06967,Simran Namboothiri,simran.namboothiri56@college.ac.in,CSE,2023,6,7.49,Good,0,False
S06968,Riya Natarajan,riya.natarajan44@college.ac.in,CSE,2023,5,6.14,Average,3,True
S06969,Harish Selvam,harish.selvam73@college.ac.in,MECH,2025,2,5.02,At Risk,2,False
S06970,Hiba Hegde,hiba.hegde20@college.ac.in,CSE,2025,2,7.09,Good,0,False
S06971,Deepak Warrier,deepak.warrier72@college.ac.in,ECE,2024,4,7.63,Good,0,False
S06972,Saranya Singh,saranya.singh85@college.ac.in,ECE,2023,6,6.08,Average,0,False
S06973,Swati Venkataraman,swati.venkataraman50@college.ac.in,MECH,2024,4,5.15,At Risk,1,True
S06974,Rukhsar Tiwari,rukhsar.tiwari28@college.ac.in,MECH,2024,4,6.91,Average,4,False
S06975,Pillai Kamath,pillai.kamath12@college.ac.in,CSE,2025,2,7.09,Good,0,False
S06976,Ayesha Malik,ayesha.malik40@college.ac.in,AIML,2025,2,6.23,Average,0,False
S06977,Arjun Qureshi,arjun.qureshi38@college.ac.in,CSE,2022,8,8.31,Good,0,False
S06978,Meena Patel,meena.patel48@college.ac.in,ECE,2025,2,7.98,Good,0,False
S06979,Junaid Arumugam,junaid.arumugam46@college.ac.in,AIML,2025,2,7.39,Good,0,False
S06980,Deepak Selvam,deepak.selvam14@college.ac.in,CSE,2023,6,5.67,Average,3,True
S06981,Tanvi Mirza,tanvi.mirza99@college.ac.in,MECH,2024,4,6.78,Average,0,False
S06982,Nithish Varma,nithish.varma15@college.ac.in,AIML,2023,6,7.35,Good,0,False
S06983,Ramya Venkataraman,ramya.venkataraman84@college.ac.in,MECH,2022,8,5.83,Average,5,True
S06984,Prerna Selvam,prerna.selvam41@college.ac.in,MECH,2025,2,6.65,Average,0,False
S06985,Zubair Babu,zubair.babu66@college.ac.in,AIML,2023,6,6.29,Average,5,True
S06986,Nair Natarajan,nair.natarajan33@college.ac.in,AIML,2024,4,6.79,Average,0,False
S06987,Rukhsar Naidu,rukhsar.naidu26@college.ac.in,CSE,2022,8,7.04,Good,1,True
S06988,Akash Siddiqui,akash.siddiqui10@college.ac.in,MECH,2024,3,7.5,Good,0,False
S06989,Simran Rajan,simran.rajan78@college.ac.in,AIML,2024,4,7.72,Good,0,False
S06990,Surya Karunakaran,surya.karunakaran25@college.ac.in,ECE,2024,4,5.53,Average,3,True
S06991,Swati Rao,swati.rao23@college.ac.in,AIML,2022,8,6.35,Average,1,True
S06992,Adil Kamath,adil.kamath88@college.ac.in,AIML,2025,2,6.23,Average,6,True
S06993,Jithin Mehta,jithin.mehta13@college.ac.in,CSE,2024,4,7.63,Good,0,False
S06994,Pillai Bhat,pillai.bhat82@college.ac.in,MECH,2022,8,5.96,Average,3,True
S06995,Rukhsar Tiwari,rukhsar.tiwari10@college.ac.in,AIML,2025,2,5.67,Average,5,False
S06996,Nair Joshi,nair.joshi79@college.ac.in,MECH,2025,2,4.65,At Risk,5,True
S06997,Sreejith Tiwari,sreejith.tiwari77@college.ac.in,ECE,2023,6,6.93,Average,0,False
S06998,Neha Siddiqui,neha.siddiqui86@college.ac.in,ECE,2023,6,6.74,Average,0,False
S06999,Vikram Iyer,vikram.iyer23@college.ac.in,CSE,2025,2,7.31,Good,3,False
S07000,Rohit Hussain,rohit.hussain33@college.ac.in,ECE,2025,2,5.88,Average,5,False
S07001,Kavya Natarajan,kavya.natarajan38@college.ac.in,MECH,2025,2,6.99,Average,0,False
S07002,Karthik Subramaniam,karthik.subramaniam56@college.ac.in,ECE,2023,6,6.84,Average,0,False
S07003,Harikrishna Yadav,harikrishna.yadav90@college.ac.in,CSE,2023,6,6.63,Average,0,False
S07004,Dhanush Sharma,dhanush.sharma93@college.ac.in,MECH,2022,8,6.92,Average,0,False
S07005,Jithin Kulkarni,jithin.kulkarni287@college.ac.in,MECH,2024,4,5.79,Average,4,False
S07006,Pooja Selvam,pooja.selvam323@college.ac.in,CSE,2024,4,7.56,Good,2,False
S07007,Farhan Bhat,farhan.bhat32@college.ac.in,AIML,2023,5,5.58,Average,6,True
S07008,Rahul Tiwari,rahul.tiwari97@college.ac.in,CSE,2024,4,6.38,Average,0,False
S07009,Karthik Yadav,karthik.yadav11@college.ac.in,ECE,2024,4,4.44,At Risk,2,True
S07010,Zainab Yadav,zainab.yadav77@college.ac.in,AIML,2024,4,5.99,Average,2,True
S07011,Rukhsar Menon,rukhsar.menon42@college.ac.in,CSE,2023,6,7.57,Good,0,False
S07012,Aamir Natarajan,aamir.natarajan19@college.ac.in,AIML,2025,2,5.89,Average,6,True
S07013,Pooja Singh,pooja.singh48@college.ac.in,CSE,2025,2,7.4,Good,3,False
S07014,Avinash Velayudhan,avinash.velayudhan89@college.ac.in,AIML,2022,8,7.92,Good,0,False
S07015,Avinash Prasad,avinash.prasad62@college.ac.in,ECE,2023,5,5.3,At Risk,2,True
S07016,Divya Bhat,divya.bhat58@college.ac.in,ECE,2025,2,6.56,Average,5,False
S07017,Meena Pillai,meena.pillai92@college.ac.in,MECH,2022,8,6.45,Average,5,False
S07018,Swati Iyengar,swati.iyengar68@college.ac.in,ECE,2024,4,6.99,Average,0,False
S07019,Sonal Murthy,sonal.murthy87@college.ac.in,MECH,2025,2,7.29,Good,0,False
S07020,Aamir Reddy,aamir.reddy12@college.ac.in,CSE,2025,2,6.81,Average,0,False
S07021,Akash Kulkarni,akash.kulkarni66@college.ac.in,CSE,2025,2,6.37,Average,3,True
S07022,Hiba Sharma,hiba.sharma38@college.ac.in,AIML,2022,8,7.79,Good,0,False
S07023,Pallavi Tiwari,pallavi.tiwari29@college.ac.in,CSE,2024,4,6.05,Average,6,True
S07024,Ankit Velayudhan,ankit.velayudhan42@college.ac.in,ECE,2024,4,4.83,At Risk,3,True
S07025,Logesh Joshi,logesh.joshi59@college.ac.in,MECH,2024,4,4.65,At Risk,5,True
S07026,Fatima Sharma,fatima.sharma10@college.ac.in,MECH,2024,4,4.31,At Risk,4,True
S07027,Ayesha Chetty,ayesha.chetty16@college.ac.in,MECH,2025,2,3.83,At Risk,6,True
S07028,Rizwan Murugan,rizwan.murugan23@college.ac.in,CSE,2023,6,6.73,Average,0,False
S07029,Junaid Pandey,junaid.pandey50@college.ac.in,AIML,2023,6,6.98,Average,0,False
S07030,Arjun Patil,arjun.patil57@college.ac.in,CSE,2023,6,7.35,Good,0,False
S07031,Dinesh Sheikh,dinesh.sheikh71@college.ac.in,ECE,2025,2,5.1,At Risk,6,True
S07032,Nithya Kamath,nithya.kamath34@college.ac.in,CSE,2025,2,7.37,Good,0,False
S07033,Vivek Natarajan,vivek.natarajan83@college.ac.in,CSE,2024,3,5.69,Average,5,True
S07034,Zainab Venkataraman,zainab.venkataraman63@college.ac.in,MECH,2024,4,7.21,Good,0,False
S07035,Ramesh Hegde,ramesh.hegde77@college.ac.in,CSE,2023,6,6.3,Average,5,True
S07036,Mohammed Dubey,mohammed.dubey65@college.ac.in,ECE,2023,5,7.15,Good,0,False
S07037,Asif Mehta,asif.mehta75@college.ac.in,ECE,2025,2,6.42,Average,0,False
S07038,Tanvi Khan,tanvi.khan97@college.ac.in,CSE,2023,6,7.21,Good,0,False
S07039,Hiba Das,hiba.das49@college.ac.in,ECE,2025,2,6.28,Average,0,False
S07040,Avinash Desai,avinash.desai76@college.ac.in,MECH,2025,2,6.17,Average,0,False
S07041,Nair Mehta,nair.mehta77@college.ac.in,ECE,2023,5,6.03,Average,0,False
S07042,Sneha Prasad,sneha.prasad37@college.ac.in,MECH,2022,8,5.76,Average,1,True
S07043,Vignesh Chandrasekaran,vignesh.chandrasekaran29@college.ac.in,CSE,2024,4,6.69,Average,0,False
S07044,Ankit Siddiqui,ankit.siddiqui83@college.ac.in,CSE,2024,4,8.04,Good,0,False
S07045,Divya Babu,divya.babu89@college.ac.in,AIML,2024,3,5.8,Average,2,True
S07046,Rajan Reddy,rajan.reddy71@college.ac.in,MECH,2025,2,7.5,Good,0,False
S07047,Manoj Subramaniam,manoj.subramaniam44@college.ac.in,ECE,2025,2,6.51,Average,0,False
S07048,Ganesh Gopalakrishnan,ganesh.gopalakrishnan88@college.ac.in,CSE,2023,6,5.72,Average,4,True
S07049,Rishita Iyengar,rishita.iyengar49@college.ac.in,CSE,2023,6,6.1,Average,1,True
S07050,Sonal Iyer,sonal.iyer77@college.ac.in,ECE,2023,6,7.17,Good,5,True
S07051,Nadia Pandey,nadia.pandey46@college.ac.in,ECE,2025,2,6.38,Average,2,True
S07052,Riya Bhat,riya.bhat66@college.ac.in,MECH,2024,4,6.67,Average,5,False
S07053,Revathi Selvam,revathi.selvam310@college.ac.in,ECE,2025,2,5.58,Average,2,True
S07054,Nadia Chauhan,nadia.chauhan97@college.ac.in,ECE,2025,2,7.66,Good,0,False
S07055,Madhan Karunakaran,madhan.karunakaran90@college.ac.in,AIML,2023,6,7.06,Good,3,False
S07056,Vikram Siddiqui,vikram.siddiqui36@college.ac.in,CSE,2023,6,7.63,Good,0,False
S07057,Nithish Chauhan,nithish.chauhan77@college.ac.in,AIML,2023,6,7.18,Good,5,False
S07058,Arjun Tiwari,arjun.tiwari82@college.ac.in,AIML,2022,8,5.02,At Risk,2,True
S07059,Farhan Namboothiri,farhan.namboothiri50@college.ac.in,CSE,2022,8,6.65,Average,2,False
S07060,Ayesha Pillai,ayesha.pillai45@college.ac.in,CSE,2025,2,5.66,Average,4,True
S07061,Sana Malik,sana.malik33@college.ac.in,MECH,2023,6,7.01,Good,0,False
S07062,Siddharth Dubey,siddharth.dubey55@college.ac.in,CSE,2023,6,5.7,Average,5,True
S07063,Zainab Mehta,zainab.mehta10@college.ac.in,CSE,2023,6,7.5,Good,0,False
S07064,Arun Hussain,arun.hussain80@college.ac.in,CSE,2023,6,7.09,Good,0,False
S07065,Tanvi Dubey,tanvi.dubey56@college.ac.in,CSE,2024,3,5.52,Average,5,False
S07066,Nisha Iyer,nisha.iyer21@college.ac.in,MECH,2025,2,7.55,Good,0,False
S07067,Amal Kamath,amal.kamath34@college.ac.in,CSE,2025,2,8.52,Excellent,0,False
S07068,Kavya Krishnan,kavya.krishnan44@college.ac.in,ECE,2024,4,5.0,At Risk,2,False
S07069,Neha Venkataraman,neha.venkataraman19@college.ac.in,CSE,2024,3,5.23,At Risk,2,False
S07070,Divya Chandrasekaran,divya.chandrasekaran74@college.ac.in,MECH,2023,6,6.64,Average,0,False
S07071,Krishnan Tiwari,krishnan.tiwari23@college.ac.in,CSE,2024,4,6.37,Average,0,False
S07072,Rohit Singh,rohit.singh49@college.ac.in,AIML,2025,2,4.74,At Risk,2,True
S07073,Harikrishna Dubey,harikrishna.dubey41@college.ac.in,MECH,2025,2,6.26,Average,0,False
S07074,Piyush Desai,piyush.desai86@college.ac.in,AIML,2024,4,4.96,At Risk,6,True
S07075,Riya Sharma,riya.sharma12@college.ac.in,AIML,2025,2,3.21,At Risk,6,True
S07076,Karthik Arumugam,karthik.arumugam50@college.ac.in,MECH,2024,4,7.66,Good,0,False
S07077,Aman Dubey,aman.dubey97@college.ac.in,MECH,2025,2,6.69,Average,0,False
S07078,Rizwan Gupta,rizwan.gupta97@college.ac.in,AIML,2023,6,6.85,Average,1,False
S07079,Adil Menon,adil.menon72@college.ac.in,CSE,2023,6,6.56,Average,0,False
S07080,Prerna Gopalakrishnan,prerna.gopalakrishnan30@college.ac.in,CSE,2022,8,7.98,Good,0,False
S07081,Keerthi Ansari,keerthi.ansari25@college.ac.in,ECE,2023,5,6.5,Average,0,False
S07082,Imran Naidu,imran.naidu20@college.ac.in,CSE,2025,2,7.61,Good,0,False
S07083,Vivek Subramaniam,vivek.subramaniam26@college.ac.in,CSE,2023,6,7.47,Good,0,False
S07084,Shubham Gopalakrishnan,shubham.gopalakrishnan68@college.ac.in,MECH,2024,4,4.6,At Risk,2,False
S07085,Meena Subramaniam,meena.subramaniam85@college.ac.in,CSE,2024,4,6.25,Average,0,False
S07086,Ankit Rajan,ankit.rajan50@college.ac.in,CSE,2024,4,6.62,Average,0,False
S07087,Amal Naidu,amal.naidu87@college.ac.in,ECE,2022,8,7.38,Good,0,False
S07088,Usman Malik,usman.malik54@college.ac.in,CSE,2024,4,6.0,Average,0,False
S07089,Divya Nambiar,divya.nambiar52@college.ac.in,ECE,2023,6,6.4,Average,3,True
S07090,Neha Babu,neha.babu88@college.ac.in,ECE,2022,8,6.01,Average,0,False
S07091,Nithish Sheikh,nithish.sheikh34@college.ac.in,CSE,2022,8,7.38,Good,0,False
S07092,Ramya Murthy,ramya.murthy76@college.ac.in,ECE,2022,8,7.88,Good,0,False
S07093,Asif Rao,asif.rao90@college.ac.in,AIML,2025,2,6.85,Average,4,False
S07094,Irfan Arumugam,irfan.arumugam93@college.ac.in,MECH,2023,6,6.17,Average,0,False
S07095,Hiba Rajan,hiba.rajan68@college.ac.in,CSE,2024,4,8.37,Good,0,False
S07096,Mohammed Chandrasekaran,mohammed.chandrasekaran81@college.ac.in,AIML,2024,3,7.45,Good,0,False
S07097,Keerthi Mirza,keerthi.mirza95@college.ac.in,AIML,2023,6,7.41,Good,0,False
S07098,Pooja Selvam,pooja.selvam71@college.ac.in,AIML,2025,2,7.9,Good,0,False
S07099,Anjali Singh,anjali.singh40@college.ac.in,MECH,2024,3,6.65,Average,0,False
S07100,Logesh Tiwari,logesh.tiwari95@college.ac.in,MECH,2025,2,7.61,Good,3,False
S07101,Krishnan Das,krishnan.das33@college.ac.in,ECE,2022,8,6.89,Average,1,False
S07102,Pallavi Iyer,pallavi.iyer29@college.ac.in,ECE,2022,8,7.63,Good,0,False
S07103,Dinesh Prasad,dinesh.prasad94@college.ac.in,AIML,2025,2,6.93,Average,0,False
S07104,Kritika Rao,kritika.rao46@college.ac.in,AIML,2024,4,5.14,At Risk,6,True
S07105,Vignesh Siddiqui,vignesh.siddiqui35@college.ac.in,ECE,2023,6,6.9,Average,3,False
S07106,Nithish Kamath,nithish.kamath70@college.ac.in,AIML,2023,6,6.61,Average,0,False
S07107,Anjali Patel,anjali.patel25@college.ac.in,CSE,2023,6,6.99,Average,0,False
S07108,Sana Das,sana.das61@college.ac.in,ECE,2025,2,5.38,At Risk,3,True
S07109,Anjali Varma,anjali.varma36@college.ac.in,ECE,2022,8,6.48,Average,4,False
S07110,Madhan Mirza,madhan.mirza23@college.ac.in,AIML,2025,2,6.79,Average,0,False
S07111,Ayesha Siddiqui,ayesha.siddiqui44@college.ac.in,ECE,2023,6,7.27,Good,0,False
S07112,Adil Chandrasekaran,adil.chandrasekaran63@college.ac.in,CSE,2023,5,7.62,Good,0,False
S07113,Ayesha Nair,ayesha.nair54@college.ac.in,ECE,2023,6,6.43,Average,0,False
S07114,Nair Pillai,nair.pillai39@college.ac.in,CSE,2025,2,7.72,Good,0,False
S07115,Bilal Babu,bilal.babu63@college.ac.in,CSE,2024,3,6.66,Average,0,False
S07116,Dinesh Malik,dinesh.malik46@college.ac.in,CSE,2024,4,7.26,Good,0,False
S07117,Nadia Das,nadia.das16@college.ac.in,MECH,2023,5,6.51,Average,0,False
S07118,Pooja Kamath,pooja.kamath37@college.ac.in,ECE,2024,4,6.25,Average,2,False
S07119,Athul Kumar,athul.kumar88@college.ac.in,ECE,2023,6,5.71,Average,6,True
S07120,Ravi Selvam,ravi.selvam93@college.ac.in,AIML,2022,8,5.59,Average,5,True
S07121,Rizwan Chandrasekaran,rizwan.chandrasekaran73@college.ac.in,CSE,2023,6,6.18,Average,4,False
S07122,Jithin Nambiar,jithin.nambiar23@college.ac.in,MECH,2025,2,6.56,Average,0,False
S07123,Siddharth Krishnan,siddharth.krishnan55@college.ac.in,AIML,2025,2,5.2,At Risk,6,True
S07124,Dinesh Kumar,dinesh.kumar38@college.ac.in,ECE,2024,4,7.14,Good,0,False
S07125,Sachin Desai,sachin.desai38@college.ac.in,CSE,2023,6,5.83,Average,2,True
S07126,Salman Selvam,salman.selvam59@college.ac.in,AIML,2024,3,7.93,Good,0,False
S07127,Nisha Sheikh,nisha.sheikh71@college.ac.in,CSE,2023,5,5.7,Average,6,False
S07128,Zainab Chetty,zainab.chetty47@college.ac.in,AIML,2025,2,6.58,Average,0,False
S07129,Nikhil Krishnan,nikhil.krishnan62@college.ac.in,CSE,2024,3,6.14,Average,0,False
S07130,Vignesh Singh,vignesh.singh98@college.ac.in,ECE,2022,8,7.05,Good,0,False
S07131,Nikhil Arumugam,nikhil.arumugam47@college.ac.in,ECE,2023,6,6.86,Average,0,False
S07132,Sanjay Siddiqui,sanjay.siddiqui69@college.ac.in,ECE,2024,4,7.44,Good,4,False
S07133,Arun Karunakaran,arun.karunakaran38@college.ac.in,CSE,2024,4,6.37,Average,5,True
S07134,Athul Shetty,athul.shetty17@college.ac.in,CSE,2023,5,6.7,Average,3,True
S07135,Rukhsar Bhat,rukhsar.bhat51@college.ac.in,MECH,2022,8,6.44,Average,0,False
S07136,Siddharth Kulkarni,siddharth.kulkarni91@college.ac.in,AIML,2023,6,6.36,Average,0,False
S07137,Krishnan Gupta,krishnan.gupta22@college.ac.in,ECE,2023,6,5.98,Average,5,True
S07138,Pooja Reddy,pooja.reddy74@college.ac.in,ECE,2024,3,6.81,Average,4,False
S07139,Shreya Sheikh,shreya.sheikh89@college.ac.in,ECE,2023,6,7.66,Good,0,False
S07140,Hiba Yadav,hiba.yadav10@college.ac.in,MECH,2025,2,6.08,Average,1,True
S07141,Farhan Bhat,farhan.bhat80@college.ac.in,MECH,2023,6,7.12,Good,0,False
S07142,Vignesh Patil,vignesh.patil20@college.ac.in,AIML,2023,6,5.69,Average,1,False
S07143,Anjali Babu,anjali.babu70@college.ac.in,MECH,2024,4,7.24,Good,0,False
S07144,Farhan Chauhan,farhan.chauhan54@college.ac.in,CSE,2023,6,8.16,Good,0,False
S07145,Aamir Murugan,aamir.murugan86@college.ac.in,MECH,2025,2,5.98,Average,1,False
S07146,Ankit Warrier,ankit.warrier28@college.ac.in,CSE,2022,8,8.19,Good,0,False
S07147,Ayesha Iyengar,ayesha.iyengar73@college.ac.in,CSE,2023,6,7.6,Good,0,False
S07148,Jithin Velayudhan,jithin.velayudhan94@college.ac.in,AIML,2024,4,7.96,Good,0,False
S07149,Nisha Shetty,nisha.shetty74@college.ac.in,CSE,2025,2,8.84,Excellent,0,False
S07150,Jithin Murugan,jithin.murugan70@college.ac.in,CSE,2024,4,6.76,Average,0,False
S07151,Sana Gupta,sana.gupta32@college.ac.in,CSE,2024,4,6.55,Average,0,False
S07152,Salman Natarajan,salman.natarajan97@college.ac.in,AIML,2023,5,6.64,Average,0,False
S07153,Pallavi Warrier,pallavi.warrier63@college.ac.in,CSE,2024,4,7.66,Good,0,False
S07154,Babu Nair,babu.nair69@college.ac.in,ECE,2023,6,6.7,Average,0,False
S07155,Ananya Bhat,ananya.bhat26@college.ac.in,ECE,2022,8,7.75,Good,0,False
S07156,Nithish Desai,nithish.desai42@college.ac.in,MECH,2024,4,7.12,Good,5,False
S07157,Varun Velayudhan,varun.velayudhan66@college.ac.in,MECH,2022,8,6.01,Average,2,True
S07158,Pooja Naidu,pooja.naidu67@college.ac.in,AIML,2023,6,7.8,Good,0,False
S07159,Nikhil Natarajan,nikhil.natarajan90@college.ac.in,ECE,2022,8,6.47,Average,1,True
S07160,Arun Shah,arun.shah66@college.ac.in,CSE,2022,8,7.72,Good,0,False
S07161,Pooja Varma,pooja.varma46@college.ac.in,ECE,2023,6,7.52,Good,0,False
S07162,Fatima Khan,fatima.khan94@college.ac.in,AIML,2024,4,5.79,Average,2,False
S07163,Amal Hegde,amal.hegde52@college.ac.in,ECE,2023,5,6.12,Average,3,True
S07164,Pooja Reddy,pooja.reddy66@college.ac.in,ECE,2022,8,7.6,Good,0,False
S07165,Nithya Mirza,nithya.mirza47@college.ac.in,AIML,2024,4,6.7,Average,5,True
S07166,Sana Mirza,sana.mirza61@college.ac.in,ECE,2024,4,7.73,Good,0,False
S07167,Arjun Iyer,arjun.iyer74@college.ac.in,MECH,2025,2,4.07,At Risk,5,True
S07168,Simran Rajan,simran.rajan53@college.ac.in,CSE,2025,2,6.97,Average,0,False
S07169,Vikram Velayudhan,vikram.velayudhan46@college.ac.in,AIML,2024,4,6.98,Average,0,False
S07170,Siddharth Qureshi,siddharth.qureshi28@college.ac.in,AIML,2024,4,7.09,Good,0,False
S07171,Pallavi Mishra,pallavi.mishra43@college.ac.in,ECE,2023,6,7.01,Good,0,False
S07172,Akash Murthy,akash.murthy86@college.ac.in,CSE,2023,6,6.86,Average,0,False
S07173,Menon Singh,menon.singh15@college.ac.in,MECH,2023,6,4.61,At Risk,6,True
S07174,Athul Bhat,athul.bhat13@college.ac.in,AIML,2025,2,5.74,Average,3,False
S07175,Amal Chandrasekaran,amal.chandrasekaran87@college.ac.in,ECE,2023,6,6.52,Average,0,False
S07176,Sonal Prasad,sonal.prasad19@college.ac.in,MECH,2024,4,6.24,Average,0,False
S07177,Pooja Arumugam,pooja.arumugam40@college.ac.in,MECH,2024,4,6.26,Average,0,False
S07178,Prerna Dubey,prerna.dubey11@college.ac.in,CSE,2024,4,7.7,Good,0,False
S07179,Pallavi Mehta,pallavi.mehta44@college.ac.in,MECH,2022,8,7.29,Good,0,False
S07180,Sathish Qureshi,sathish.qureshi67@college.ac.in,ECE,2025,2,8.07,Good,0,False
S07181,Shubham Namboothiri,shubham.namboothiri92@college.ac.in,MECH,2025,2,5.57,Average,2,True
S07182,Vijay Tiwari,vijay.tiwari64@college.ac.in,ECE,2025,2,7.44,Good,0,False
S07183,Anjali Siddiqui,anjali.siddiqui34@college.ac.in,ECE,2022,8,7.03,Good,3,True
S07184,Nadia Krishnan,nadia.krishnan22@college.ac.in,CSE,2024,3,8.05,Good,0,False
S07185,Hiba Menon,hiba.menon46@college.ac.in,MECH,2024,4,4.03,At Risk,4,True
S07186,Hiba Murthy,hiba.murthy46@college.ac.in,ECE,2024,4,7.17,Good,0,False
S07187,Piyush Gupta,piyush.gupta63@college.ac.in,MECH,2024,4,6.85,Average,0,False
S07188,Madhan Chauhan,madhan.chauhan43@college.ac.in,AIML,2024,4,6.71,Average,0,False
S07189,Riya Pandey,riya.pandey30@college.ac.in,ECE,2025,2,7.29,Good,0,False
S07190,Rajesh Rao,rajesh.rao74@college.ac.in,AIML,2024,3,4.44,At Risk,3,True
S07191,Junaid Pandey,junaid.pandey44@college.ac.in,MECH,2025,2,6.53,Average,0,False
S07192,Shahid Murthy,shahid.murthy83@college.ac.in,MECH,2025,2,7.46,Good,0,False
S07193,Nair Babu,nair.babu44@college.ac.in,CSE,2023,6,5.06,At Risk,6,True
S07194,Ajith Subramaniam,ajith.subramaniam76@college.ac.in,MECH,2024,4,5.61,Average,2,True
S07195,Anjali Joshi,anjali.joshi77@college.ac.in,AIML,2022,8,5.97,Average,3,False
S07196,Karthik Kumar,karthik.kumar12@college.ac.in,AIML,2025,2,7.85,Good,0,False
S07197,Priya Natarajan,priya.natarajan36@college.ac.in,ECE,2024,4,6.33,Average,0,False
S07198,Arjun Chandrasekaran,arjun.chandrasekaran49@college.ac.in,AIML,2025,2,6.43,Average,0,False
S07199,Krishnan Rao,krishnan.rao50@college.ac.in,MECH,2023,6,5.11,At Risk,4,True
S07200,Piyush Dubey,piyush.dubey76@college.ac.in,ECE,2024,3,7.4,Good,0,False
S07201,Kavya Patil,kavya.patil52@college.ac.in,ECE,2024,4,6.98,Average,0,False
S07202,Krishnan Natarajan,krishnan.natarajan40@college.ac.in,ECE,2024,3,6.62,Average,0,False
S07203,Shahid Naidu,shahid.naidu76@college.ac.in,CSE,2022,8,5.39,At Risk,3,True
S07204,Swathi Nambiar,swathi.nambiar10@college.ac.in,CSE,2023,6,6.87,Average,0,False
S07205,Bilal Joshi,bilal.joshi82@college.ac.in,MECH,2023,6,5.89,Average,5,False
S07206,Sanjay Prasad,sanjay.prasad39@college.ac.in,CSE,2024,4,7.25,Good,0,False
S07207,Zubair Chandrasekaran,zubair.chandrasekaran11@college.ac.in,ECE,2024,4,5.69,Average,3,False
S07208,Nithish Hussain,nithish.hussain86@college.ac.in,CSE,2025,2,7.71,Good,0,False
S07209,Keerthi Singh,keerthi.singh24@college.ac.in,MECH,2022,8,6.23,Average,5,True
S07210,Nair Kamath,nair.kamath43@college.ac.in,MECH,2025,2,5.93,Average,1,False
S07211,Riya Sharma,riya.sharma50@college.ac.in,CSE,2022,8,7.24,Good,0,False
S07212,Karthik Bhat,karthik.bhat39@college.ac.in,ECE,2025,2,8.13,Good,0,False
S07213,Pooja Naidu,pooja.naidu12@college.ac.in,CSE,2024,3,6.4,Average,0,False
S07214,Shubham Yadav,shubham.yadav87@college.ac.in,CSE,2025,2,7.09,Good,0,False
S07215,Surya Iyer,surya.iyer85@college.ac.in,CSE,2024,4,7.88,Good,0,False
S07216,Piyush Babu,piyush.babu75@college.ac.in,ECE,2025,2,6.17,Average,0,False
S07217,Madhan Velayudhan,madhan.velayudhan11@college.ac.in,MECH,2024,4,7.39,Good,0,False
S07218,Bilal Mehta,bilal.mehta11@college.ac.in,ECE,2024,4,4.96,At Risk,5,True
S07219,Keerthi Naidu,keerthi.naidu58@college.ac.in,AIML,2023,6,5.68,Average,5,False
S07220,Irfan Mirza,irfan.mirza99@college.ac.in,MECH,2024,3,6.31,Average,0,False
S07221,Shahid Iyer,shahid.iyer41@college.ac.in,MECH,2023,6,5.31,At Risk,4,False
S07222,Kavya Bhat,kavya.bhat47@college.ac.in,ECE,2022,8,6.6,Average,0,False
S07223,Pooja Mirza,pooja.mirza33@college.ac.in,AIML,2024,3,6.63,Average,0,False
S07224,Mohammed Singh,mohammed.singh47@college.ac.in,ECE,2024,4,6.62,Average,2,True
S07225,Meena Shah,meena.shah98@college.ac.in,CSE,2022,8,8.21,Good,4,False
S07226,Ankita Hegde,ankita.hegde70@college.ac.in,CSE,2024,4,5.27,At Risk,1,True
S07227,Anjali Rao,anjali.rao96@college.ac.in,CSE,2022,8,5.6,Average,5,False
S07228,Fatima Kumar,fatima.kumar81@college.ac.in,AIML,2024,3,7.25,Good,0,False
S07229,Madhan Nambiar,madhan.nambiar91@college.ac.in,CSE,2024,4,6.06,Average,4,False
S07230,Hiba Mishra,hiba.mishra91@college.ac.in,CSE,2025,2,7.97,Good,0,False
S07231,Pooja Reddy,pooja.reddy28@college.ac.in,ECE,2023,6,7.59,Good,0,False
S07232,Ravi Joshi,ravi.joshi12@college.ac.in,ECE,2023,6,6.34,Average,0,False
S07233,Arjun Natarajan,arjun.natarajan27@college.ac.in,ECE,2022,8,5.69,Average,2,True
S07234,Nair Singh,nair.singh35@college.ac.in,AIML,2024,3,6.84,Average,0,False
S07235,Sonal Sharma,sonal.sharma71@college.ac.in,AIML,2024,4,5.91,Average,4,True
S07236,Dhanush Krishnan,dhanush.krishnan61@college.ac.in,ECE,2024,4,7.49,Good,0,False
S07237,Rohit Rao,rohit.rao56@college.ac.in,MECH,2025,2,6.26,Average,1,False
S07238,Adil Khan,adil.khan37@college.ac.in,MECH,2023,5,6.48,Average,0,False
S07239,Vijay Varma,vijay.varma76@college.ac.in,ECE,2022,8,6.66,Average,0,False
S07240,Sonal Sheikh,sonal.sheikh53@college.ac.in,MECH,2024,4,7.62,Good,0,False
S07241,Amit Velayudhan,amit.velayudhan27@college.ac.in,MECH,2024,4,7.47,Good,0,False
S07242,Prithviraj Sheikh,prithviraj.sheikh81@college.ac.in,ECE,2024,4,7.39,Good,0,False
S07243,Faisal Pillai,faisal.pillai12@college.ac.in,CSE,2023,6,5.73,Average,4,True
S07244,Naveen Patel,naveen.patel25@college.ac.in,MECH,2022,8,6.39,Average,3,False
S07245,Aishwarya Qureshi,aishwarya.qureshi11@college.ac.in,ECE,2024,4,7.19,Good,0,False
S07246,Shubham Nambiar,shubham.nambiar59@college.ac.in,MECH,2022,8,6.97,Average,2,False
S07247,Nadia Sharma,nadia.sharma95@college.ac.in,CSE,2024,4,6.66,Average,0,False
S07248,Avinash Arumugam,avinash.arumugam67@college.ac.in,AIML,2023,6,6.35,Average,0,False
S07249,Vikram Tiwari,vikram.tiwari35@college.ac.in,ECE,2023,6,6.4,Average,0,False
S07250,Amal Verma,amal.verma89@college.ac.in,ECE,2023,6,7.13,Good,0,False
S07251,Vikram Prasad,vikram.prasad77@college.ac.in,ECE,2023,5,5.24,At Risk,3,True
S07252,Anjali Bhat,anjali.bhat85@college.ac.in,ECE,2023,6,5.46,At Risk,4,False
S07253,Ramesh Khan,ramesh.khan28@college.ac.in,CSE,2025,2,7.08,Good,4,False
S07254,Amit Babu,amit.babu48@college.ac.in,CSE,2023,6,7.67,Good,0,False
S07255,Varun Rao,varun.rao15@college.ac.in,ECE,2023,6,7.3,Good,0,False
S07256,Nithya Pillai,nithya.pillai16@college.ac.in,MECH,2023,5,6.64,Average,2,False
S07257,Rajan Murthy,rajan.murthy68@college.ac.in,MECH,2025,2,4.71,At Risk,2,True
S07258,Sachin Selvam,sachin.selvam13@college.ac.in,MECH,2023,6,5.65,Average,6,True
S07259,Prerna Rao,prerna.rao10@college.ac.in,CSE,2024,4,5.16,At Risk,1,False
S07260,Bilal Namboothiri,bilal.namboothiri12@college.ac.in,MECH,2022,8,7.12,Good,0,False
S07261,Aditi Singh,aditi.singh88@college.ac.in,CSE,2023,5,7.38,Good,0,False
S07262,Amit Murugan,amit.murugan99@college.ac.in,AIML,2022,8,7.6,Good,0,False
S07263,Vivek Sheikh,vivek.sheikh59@college.ac.in,ECE,2025,2,8.08,Good,0,False
S07264,Vishnu Shetty,vishnu.shetty41@college.ac.in,ECE,2022,8,5.23,At Risk,5,True
S07265,Rahul Nambiar,rahul.nambiar58@college.ac.in,ECE,2022,8,6.29,Average,0,False
S07266,Siddharth Rajan,siddharth.rajan43@college.ac.in,AIML,2022,8,5.71,Average,2,True
S07267,Sanjay Warrier,sanjay.warrier25@college.ac.in,MECH,2024,4,6.11,Average,0,False
S07268,Dhanush Iyengar,dhanush.iyengar67@college.ac.in,MECH,2024,3,6.18,Average,0,False
S07269,Nair Sheikh,nair.sheikh81@college.ac.in,ECE,2024,4,5.87,Average,2,False
S07270,Nikhil Das,nikhil.das22@college.ac.in,ECE,2024,4,5.18,At Risk,6,True
S07271,Mansi Venkataraman,mansi.venkataraman94@college.ac.in,MECH,2024,4,6.0,Average,5,False
S07272,Sreejith Murthy,sreejith.murthy10@college.ac.in,CSE,2024,3,4.82,At Risk,6,True
S07273,Fatima Ansari,fatima.ansari78@college.ac.in,CSE,2022,8,8.14,Good,0,False
S07274,Siddharth Krishnan,siddharth.krishnan69@college.ac.in,CSE,2023,6,7.69,Good,0,False
S07275,Ankita Shah,ankita.shah88@college.ac.in,MECH,2023,6,6.72,Average,5,False
S07276,Ramya Gopalakrishnan,ramya.gopalakrishnan74@college.ac.in,CSE,2023,6,6.85,Average,0,False
S07277,Sreejith Namboothiri,sreejith.namboothiri80@college.ac.in,AIML,2024,4,7.66,Good,0,False
S07278,Aamir Nair,aamir.nair96@college.ac.in,AIML,2025,2,7.41,Good,0,False
S07279,Harikrishna Siddiqui,harikrishna.siddiqui15@college.ac.in,CSE,2022,8,6.78,Average,0,False
S07280,Shahid Venkataraman,shahid.venkataraman73@college.ac.in,CSE,2022,8,8.24,Good,0,False
S07281,Usman Iyer,usman.iyer86@college.ac.in,ECE,2023,6,5.64,Average,5,False
S07282,Hiba Subramaniam,hiba.subramaniam61@college.ac.in,CSE,2024,4,6.77,Average,2,False
S07283,Fatima Prasad,fatima.prasad19@college.ac.in,MECH,2023,6,4.91,At Risk,2,True
S07284,Pillai Shah,pillai.shah33@college.ac.in,CSE,2022,8,7.13,Good,0,False
S07285,Anjali Patil,anjali.patil65@college.ac.in,ECE,2025,2,5.21,At Risk,3,True
S07286,Vignesh Mehta,vignesh.mehta68@college.ac.in,MECH,2023,6,5.13,At Risk,6,True
S07287,Kritika Khan,kritika.khan44@college.ac.in,MECH,2025,2,6.05,Average,6,True
S07288,Ayesha Prasad,ayesha.prasad28@college.ac.in,MECH,2023,6,5.22,At Risk,4,False
S07289,Pillai Pandey,pillai.pandey19@college.ac.in,ECE,2025,2,7.81,Good,0,False
S07290,Ananya Murugan,ananya.murugan96@college.ac.in,ECE,2024,4,5.33,At Risk,5,True
S07291,Ramesh Naidu,ramesh.naidu62@college.ac.in,CSE,2024,4,7.72,Good,0,False
S07292,Saranya Kulkarni,saranya.kulkarni75@college.ac.in,MECH,2025,2,5.19,At Risk,2,True
S07293,Deepak Siddiqui,deepak.siddiqui16@college.ac.in,CSE,2022,8,7.35,Good,0,False
S07294,Amina Siddiqui,amina.siddiqui20@college.ac.in,ECE,2025,2,7.42,Good,0,False
S07295,Nikhil Namboothiri,nikhil.namboothiri36@college.ac.in,AIML,2023,6,6.05,Average,0,False
S07296,Krishnan Ansari,krishnan.ansari64@college.ac.in,MECH,2023,6,6.68,Average,0,False
S07297,Vignesh Qureshi,vignesh.qureshi56@college.ac.in,MECH,2022,8,5.22,At Risk,6,True
S07298,Vikram Murugan,vikram.murugan71@college.ac.in,CSE,2022,8,8.04,Good,0,False
S07299,Neha Nambiar,neha.nambiar16@college.ac.in,AIML,2022,8,7.13,Good,0,False
S07300,Vivek Selvam,vivek.selvam71@college.ac.in,MECH,2025,2,4.22,At Risk,2,False
S07301,Ramesh Krishnan,ramesh.krishnan51@college.ac.in,CSE,2022,8,7.75,Good,0,False
S07302,Praveen Reddy,praveen.reddy94@college.ac.in,MECH,2022,8,7.28,Good,0,False
S07303,Rukhsar Selvam,rukhsar.selvam91@college.ac.in,CSE,2024,4,7.71,Good,0,False
S07304,Nisha Warrier,nisha.warrier73@college.ac.in,ECE,2025,2,5.97,Average,5,True
S07305,Zainab Arumugam,zainab.arumugam80@college.ac.in,ECE,2025,2,6.17,Average,1,True
S07306,Saranya Natarajan,saranya.natarajan65@college.ac.in,AIML,2023,6,7.14,Good,0,False
S07307,Deepak Gopalakrishnan,deepak.gopalakrishnan57@college.ac.in,CSE,2022,8,6.1,Average,3,True
S07308,Varun Iyer,varun.iyer83@college.ac.in,AIML,2025,2,8.18,Good,0,False
S07309,Sachin Hussain,sachin.hussain87@college.ac.in,CSE,2022,8,7.77,Good,0,False
S07310,Sathish Iyengar,sathish.iyengar64@college.ac.in,ECE,2024,4,5.68,Average,1,True
S07311,Sonal Velayudhan,sonal.velayudhan94@college.ac.in,MECH,2024,4,7.56,Good,0,False
S07312,Rahul Pillai,rahul.pillai37@college.ac.in,ECE,2022,8,6.69,Average,0,False
S07313,Praveen Shah,praveen.shah56@college.ac.in,MECH,2024,4,6.27,Average,2,True
S07314,Kritika Shetty,kritika.shetty83@college.ac.in,MECH,2024,3,4.72,At Risk,3,True
S07315,Harish Patel,harish.patel30@college.ac.in,CSE,2022,8,7.71,Good,0,False
S07316,Ramesh Murugan,ramesh.murugan95@college.ac.in,MECH,2023,6,7.87,Good,0,False
S07317,Aman Karunakaran,aman.karunakaran98@college.ac.in,CSE,2022,8,7.23,Good,0,False
S07318,Rohit Ansari,rohit.ansari38@college.ac.in,ECE,2024,4,6.18,Average,3,False
S07319,Sonal Khan,sonal.khan42@college.ac.in,MECH,2023,6,7.33,Good,2,False
S07320,Gaurav Nambiar,gaurav.nambiar80@college.ac.in,MECH,2025,2,6.5,Average,2,True
S07321,Kritika Pandey,kritika.pandey74@college.ac.in,MECH,2022,8,7.2,Good,0,False
S07322,Anjali Hussain,anjali.hussain20@college.ac.in,MECH,2025,2,6.55,Average,0,False
S07323,Babu Arumugam,babu.arumugam47@college.ac.in,MECH,2025,2,5.66,Average,2,True
S07324,Sana Das,sana.das75@college.ac.in,AIML,2024,4,7.26,Good,0,False
S07325,Suresh Mirza,suresh.mirza92@college.ac.in,CSE,2024,3,6.48,Average,0,False
S07326,Prerna Desai,prerna.desai72@college.ac.in,AIML,2022,8,5.55,Average,4,False
S07327,Menon Sharma,menon.sharma45@college.ac.in,AIML,2023,5,5.71,Average,3,True
S07328,Sachin Reddy,sachin.reddy93@college.ac.in,CSE,2023,5,7.21,Good,0,False
S07329,Saranya Mehta,saranya.mehta65@college.ac.in,AIML,2024,4,5.74,Average,2,True
S07330,Kavya Joshi,kavya.joshi90@college.ac.in,AIML,2022,8,8.15,Good,0,False
S07331,Vijay Chauhan,vijay.chauhan73@college.ac.in,AIML,2023,6,6.15,Average,4,True
S07332,Sathish Naidu,sathish.naidu33@college.ac.in,MECH,2023,6,5.74,Average,0,False
S07333,Kritika Nair,kritika.nair48@college.ac.in,AIML,2024,4,6.99,Average,0,False
S07334,Pallavi Menon,pallavi.menon54@college.ac.in,ECE,2024,4,6.39,Average,0,False
S07335,Vijay Pandey,vijay.pandey36@college.ac.in,CSE,2023,5,7.62,Good,0,False
S07336,Karthik Patel,karthik.patel87@college.ac.in,MECH,2024,3,4.15,At Risk,2,True
S07337,Rishita Siddiqui,rishita.siddiqui56@college.ac.in,AIML,2025,2,7.35,Good,2,False
S07338,Hiba Iyer,hiba.iyer14@college.ac.in,AIML,2024,4,6.2,Average,0,False
S07339,Vivek Chandrasekaran,vivek.chandrasekaran68@college.ac.in,CSE,2023,6,7.42,Good,0,False
S07340,Deepak Natarajan,deepak.natarajan62@college.ac.in,ECE,2023,6,6.17,Average,1,True
S07341,Nikhil Menon,nikhil.menon64@college.ac.in,ECE,2024,4,5.46,At Risk,5,True
S07342,Irfan Chauhan,irfan.chauhan37@college.ac.in,ECE,2024,4,6.93,Average,0,False
S07343,Rizwan Yadav,rizwan.yadav54@college.ac.in,CSE,2024,4,5.36,At Risk,3,True
S07344,Bilal Sheikh,bilal.sheikh60@college.ac.in,MECH,2023,6,5.63,Average,3,False
S07345,Pillai Subramaniam,pillai.subramaniam199@college.ac.in,CSE,2023,6,7.35,Good,0,False
S07346,Amina Prasad,amina.prasad28@college.ac.in,MECH,2024,4,6.45,Average,0,False
S07347,Syed Bhat,syed.bhat98@college.ac.in,CSE,2024,4,6.36,Average,0,False
S07348,Manoj Natarajan,manoj.natarajan56@college.ac.in,ECE,2024,3,6.67,Average,2,False
S07349,Piyush Malik,piyush.malik96@college.ac.in,MECH,2022,8,5.52,Average,4,True
S07350,Deepak Desai,deepak.desai77@college.ac.in,CSE,2023,6,6.93,Average,2,False
S07351,Shahid Joshi,shahid.joshi54@college.ac.in,MECH,2022,8,5.55,Average,4,True
S07352,Rizwan Joshi,rizwan.joshi11@college.ac.in,AIML,2022,8,7.45,Good,0,False
S07353,Piyush Karunakaran,piyush.karunakaran11@college.ac.in,CSE,2023,6,7.52,Good,0,False
S07354,Harish Reddy,harish.reddy26@college.ac.in,AIML,2023,6,7.85,Good,0,False
S07355,Shubham Rao,shubham.rao86@college.ac.in,AIML,2024,4,6.94,Average,1,False
S07356,Faisal Hegde,faisal.hegde935@college.ac.in,CSE,2024,4,6.43,Average,0,False
S07357,Piyush Dubey,piyush.dubey11@college.ac.in,CSE,2024,4,7.6,Good,0,False
S07358,Arjun Mirza,arjun.mirza36@college.ac.in,AIML,2025,2,6.94,Average,0,False
S07359,Sonal Chandrasekaran,sonal.chandrasekaran84@college.ac.in,MECH,2024,3,4.63,At Risk,5,True
S07360,Irfan Joshi,irfan.joshi94@college.ac.in,MECH,2025,2,7.57,Good,0,False
S07361,Arjun Pandey,arjun.pandey27@college.ac.in,AIML,2025,2,6.4,Average,5,False
S07362,Asif Murthy,asif.murthy75@college.ac.in,AIML,2024,4,6.56,Average,1,False
S07363,Madhan Hussain,madhan.hussain95@college.ac.in,MECH,2022,8,5.97,Average,1,True
S07364,Rahul Chandrasekaran,rahul.chandrasekaran95@college.ac.in,ECE,2023,5,8.16,Good,0,False
S07365,Swati Kumar,swati.kumar71@college.ac.in,CSE,2024,4,6.88,Average,0,False
S07366,Nair Mishra,nair.mishra21@college.ac.in,CSE,2022,8,6.45,Average,3,True
S07367,Akash Iyengar,akash.iyengar60@college.ac.in,AIML,2023,6,6.42,Average,0,False
S07368,Ganesh Naidu,ganesh.naidu80@college.ac.in,CSE,2023,6,7.87,Good,0,False
S07369,Rahul Patil,rahul.patil22@college.ac.in,ECE,2023,6,5.77,Average,6,True
S07370,Sonal Hussain,sonal.hussain64@college.ac.in,MECH,2022,8,7.62,Good,0,False
S07371,Nikhil Rao,nikhil.rao88@college.ac.in,CSE,2023,6,7.94,Good,0,False
S07372,Prerna Varma,prerna.varma94@college.ac.in,MECH,2024,4,5.32,At Risk,1,True
S07373,Madhan Bhat,madhan.bhat97@college.ac.in,CSE,2025,2,5.85,Average,5,True
S07374,Amit Nair,amit.nair79@college.ac.in,MECH,2025,2,5.87,Average,2,False
S07375,Revathi Gopalakrishnan,revathi.gopalakrishnan38@college.ac.in,AIML,2024,4,8.42,Good,0,False
S07376,Jithin Mirza,jithin.mirza36@college.ac.in,MECH,2024,4,4.16,At Risk,5,True
S07377,Kritika Qureshi,kritika.qureshi94@college.ac.in,ECE,2022,8,8.27,Good,0,False
S07378,Prithviraj Khan,prithviraj.khan24@college.ac.in,MECH,2025,2,8.72,Excellent,0,False
S07379,Manoj Velayudhan,manoj.velayudhan13@college.ac.in,ECE,2024,3,6.71,Average,0,False
S07380,Vivek Namboothiri,vivek.namboothiri88@college.ac.in,CSE,2025,2,7.39,Good,0,False
S07381,Rajan Siddiqui,rajan.siddiqui83@college.ac.in,MECH,2023,6,6.75,Average,0,False
S07382,Faisal Verma,faisal.verma82@college.ac.in,ECE,2023,6,6.05,Average,0,False
S07383,Farhan Hegde,farhan.hegde81@college.ac.in,ECE,2025,2,5.71,Average,3,True
S07384,Vivek Chauhan,vivek.chauhan13@college.ac.in,AIML,2025,2,6.56,Average,4,False
S07385,Sanjay Ansari,sanjay.ansari63@college.ac.in,ECE,2023,6,7.45,Good,0,False
S07386,Ayesha Hussain,ayesha.hussain10@college.ac.in,MECH,2025,2,7.9,Good,0,False
S07387,Varun Chauhan,varun.chauhan55@college.ac.in,CSE,2024,3,6.34,Average,4,False
S07388,Sneha Selvam,sneha.selvam32@college.ac.in,AIML,2023,6,6.72,Average,6,True
S07389,Manoj Chandrasekaran,manoj.chandrasekaran76@college.ac.in,ECE,2023,6,7.31,Good,0,False
S07390,Sonal Siddiqui,sonal.siddiqui72@college.ac.in,CSE,2023,6,7.24,Good,0,False
S07391,Karthik Iyer,karthik.iyer53@college.ac.in,AIML,2024,4,6.21,Average,0,False
S07392,Amal Naidu,amal.naidu26@college.ac.in,MECH,2023,5,4.94,At Risk,2,True
S07393,Amal Ansari,amal.ansari32@college.ac.in,CSE,2024,4,7.66,Good,0,False
S07394,Varun Chandrasekaran,varun.chandrasekaran19@college.ac.in,ECE,2025,2,7.38,Good,0,False
S07395,Aishwarya Nair,aishwarya.nair10@college.ac.in,AIML,2024,3,7.11,Good,0,False
S07396,Keerthi Gopalakrishnan,keerthi.gopalakrishnan22@college.ac.in,MECH,2022,8,5.18,At Risk,6,False
S07397,Amal Karunakaran,amal.karunakaran91@college.ac.in,ECE,2025,2,5.24,At Risk,3,True
S07398,Rajan Verma,rajan.verma17@college.ac.in,MECH,2025,2,4.89,At Risk,2,False
S07399,Rahul Rao,rahul.rao98@college.ac.in,ECE,2024,4,6.21,Average,0,False
S07400,Swati Yadav,swati.yadav89@college.ac.in,MECH,2022,8,5.56,Average,4,True
S07401,Asif Pandey,asif.pandey69@college.ac.in,AIML,2024,3,6.96,Average,2,False
S07402,Ananya Das,ananya.das50@college.ac.in,CSE,2025,2,6.64,Average,0,False
S07403,Varun Verma,varun.verma50@college.ac.in,AIML,2024,3,7.81,Good,0,False
S07404,Pooja Hussain,pooja.hussain10@college.ac.in,CSE,2024,3,6.67,Average,1,True
S07405,Revathi Mirza,revathi.mirza78@college.ac.in,AIML,2024,4,6.31,Average,2,True
S07406,Vishnu Yadav,vishnu.yadav46@college.ac.in,MECH,2022,8,6.82,Average,0,False
S07407,Siddharth Bhat,siddharth.bhat26@college.ac.in,MECH,2022,8,7.86,Good,0,False
S07408,Sneha Shah,sneha.shah75@college.ac.in,MECH,2025,2,6.28,Average,0,False
S07409,Shreya Kulkarni,shreya.kulkarni684@college.ac.in,CSE,2023,6,5.96,Average,4,True
S07410,Rajan Bhat,rajan.bhat25@college.ac.in,CSE,2023,6,6.79,Average,4,False
S07411,Sneha Namboothiri,sneha.namboothiri34@college.ac.in,CSE,2025,2,4.87,At Risk,4,True
S07412,Sathish Ansari,sathish.ansari28@college.ac.in,MECH,2022,8,7.21,Good,0,False
S07413,Piyush Nambiar,piyush.nambiar91@college.ac.in,MECH,2023,6,7.18,Good,0,False
S07414,Harish Patil,harish.patil63@college.ac.in,MECH,2022,8,6.91,Average,0,False
S07415,Shubham Sheikh,shubham.sheikh19@college.ac.in,CSE,2024,4,7.64,Good,0,False
S07416,Arun Iyengar,arun.iyengar93@college.ac.in,ECE,2024,4,6.03,Average,4,True
S07417,Arjun Pandey,arjun.pandey21@college.ac.in,MECH,2025,2,6.64,Average,5,False
S07418,Pillai Iyer,pillai.iyer73@college.ac.in,AIML,2025,2,7.04,Good,0,False
S07419,Ajith Kamath,ajith.kamath56@college.ac.in,AIML,2024,4,7.14,Good,0,False
S07420,Rahul Desai,rahul.desai77@college.ac.in,ECE,2025,2,7.93,Good,3,False
S07421,Piyush Venkataraman,piyush.venkataraman37@college.ac.in,MECH,2022,8,6.84,Average,5,False
S07422,Arjun Murugan,arjun.murugan53@college.ac.in,CSE,2022,8,7.78,Good,0,False
S07423,Prerna Joshi,prerna.joshi73@college.ac.in,CSE,2025,2,7.94,Good,0,False
S07424,Amit Namboothiri,amit.namboothiri20@college.ac.in,CSE,2022,8,6.58,Average,5,False
S07425,Athul Siddiqui,athul.siddiqui26@college.ac.in,CSE,2024,4,6.47,Average,0,False
S07426,Lakshmi Arumugam,lakshmi.arumugam21@college.ac.in,CSE,2024,4,5.47,At Risk,2,True
S07427,Harish Ansari,harish.ansari71@college.ac.in,ECE,2024,4,4.3,At Risk,3,False
S07428,Menon Hussain,menon.hussain71@college.ac.in,ECE,2023,6,5.72,Average,2,False
S07429,Nair Chetty,nair.chetty72@college.ac.in,CSE,2023,6,7.77,Good,0,False
S07430,Babu Desai,babu.desai82@college.ac.in,MECH,2025,2,7.63,Good,0,False
S07431,Nisha Menon,nisha.menon56@college.ac.in,MECH,2022,8,7.92,Good,0,False
S07432,Siddharth Karunakaran,siddharth.karunakaran15@college.ac.in,MECH,2024,4,7.04,Good,0,False
S07433,Revathi Rajan,revathi.rajan92@college.ac.in,AIML,2024,4,5.13,At Risk,6,True
S07434,Ananya Chandrasekaran,ananya.chandrasekaran92@college.ac.in,MECH,2023,6,5.39,At Risk,3,True
S07435,Ramya Hegde,ramya.hegde38@college.ac.in,CSE,2024,3,5.49,At Risk,2,True
S07436,Ramesh Rao,ramesh.rao70@college.ac.in,ECE,2023,6,5.38,At Risk,6,True
S07437,Salman Rao,salman.rao31@college.ac.in,CSE,2024,3,6.04,Average,5,False
S07438,Neha Mirza,neha.mirza61@college.ac.in,AIML,2023,6,5.86,Average,2,True
S07439,Ramya Tiwari,ramya.tiwari12@college.ac.in,ECE,2025,2,6.27,Average,0,False
S07440,Arun Nair,arun.nair79@college.ac.in,ECE,2024,4,7.04,Good,0,False
S07441,Aishwarya Singh,aishwarya.singh59@college.ac.in,ECE,2025,2,4.73,At Risk,3,True
S07442,Rukhsar Krishnan,rukhsar.krishnan37@college.ac.in,MECH,2022,8,6.48,Average,0,False
S07443,Asif Pillai,asif.pillai13@college.ac.in,CSE,2024,3,7.12,Good,0,False
S07444,Akash Qureshi,akash.qureshi73@college.ac.in,CSE,2023,5,8.08,Good,0,False
S07445,Vignesh Menon,vignesh.menon69@college.ac.in,ECE,2023,6,7.32,Good,0,False
S07446,Nithya Dubey,nithya.dubey98@college.ac.in,ECE,2022,8,7.17,Good,0,False
S07447,Shahid Nair,shahid.nair27@college.ac.in,MECH,2023,6,6.36,Average,0,False
S07448,Athul Murugan,athul.murugan77@college.ac.in,CSE,2024,4,6.54,Average,0,False
S07449,Zubair Gopalakrishnan,zubair.gopalakrishnan79@college.ac.in,ECE,2025,2,6.71,Average,0,False
S07450,Rajesh Karunakaran,rajesh.karunakaran73@college.ac.in,AIML,2023,6,5.74,Average,2,True
S07451,Ramesh Hussain,ramesh.hussain36@college.ac.in,CSE,2024,4,7.05,Good,0,False
S07452,Sreejith Rajan,sreejith.rajan68@college.ac.in,ECE,2025,2,8.51,Excellent,0,False
S07453,Ramya Verma,ramya.verma27@college.ac.in,AIML,2023,6,5.92,Average,1,True
S07454,Mansi Siddiqui,mansi.siddiqui24@college.ac.in,MECH,2024,4,6.71,Average,1,True
S07455,Babu Arumugam,babu.arumugam52@college.ac.in,AIML,2022,8,6.72,Average,0,False
S07456,Madhan Tiwari,madhan.tiwari53@college.ac.in,ECE,2024,4,7.4,Good,0,False
S07457,Nisha Krishnan,nisha.krishnan37@college.ac.in,CSE,2025,2,6.85,Average,0,False
S07458,Imran Hussain,imran.hussain17@college.ac.in,MECH,2025,2,6.4,Average,1,False
S07459,Usman Nair,usman.nair86@college.ac.in,MECH,2022,8,6.77,Average,4,True
S07460,Saranya Das,saranya.das64@college.ac.in,MECH,2024,4,5.46,At Risk,2,True
S07461,Rahul Das,rahul.das93@college.ac.in,MECH,2022,8,4.47,At Risk,4,True
S07462,Amina Kamath,amina.kamath93@college.ac.in,MECH,2023,6,5.93,Average,3,False
S07463,Lakshmi Krishnan,lakshmi.krishnan56@college.ac.in,MECH,2023,6,5.46,At Risk,5,True
S07464,Krishnan Siddiqui,krishnan.siddiqui88@college.ac.in,CSE,2023,5,6.56,Average,0,False
S07465,Vivek Subramaniam,vivek.subramaniam55@college.ac.in,MECH,2022,8,6.35,Average,0,False
S07466,Sanjay Gopalakrishnan,sanjay.gopalakrishnan20@college.ac.in,ECE,2023,6,6.32,Average,0,False
S07467,Ganesh Hegde,ganesh.hegde19@college.ac.in,CSE,2023,6,5.08,At Risk,6,True
S07468,Aman Menon,aman.menon84@college.ac.in,AIML,2022,8,6.16,Average,1,True
S07469,Surya Siddiqui,surya.siddiqui60@college.ac.in,ECE,2023,6,6.54,Average,1,False
S07470,Usman Venkataraman,usman.venkataraman18@college.ac.in,AIML,2023,6,4.73,At Risk,4,True
S07471,Farhan Rao,farhan.rao87@college.ac.in,ECE,2024,4,5.84,Average,1,False
S07472,Vivek Joshi,vivek.joshi22@college.ac.in,CSE,2023,6,7.87,Good,0,False
S07473,Sonal Prasad,sonal.prasad75@college.ac.in,MECH,2023,6,6.87,Average,0,False
S07474,Pallavi Natarajan,pallavi.natarajan76@college.ac.in,MECH,2024,4,5.55,Average,1,True
S07475,Rohit Namboothiri,rohit.namboothiri93@college.ac.in,CSE,2023,5,7.11,Good,0,False
S07476,Rishita Das,rishita.das67@college.ac.in,ECE,2024,4,4.59,At Risk,3,True
S07477,Meena Namboothiri,meena.namboothiri10@college.ac.in,ECE,2024,4,5.69,Average,3,False
S07478,Rukhsar Qureshi,rukhsar.qureshi89@college.ac.in,ECE,2023,6,5.72,Average,5,True
S07479,Vijay Nair,vijay.nair26@college.ac.in,CSE,2022,8,7.11,Good,3,True
S07480,Nithya Prasad,nithya.prasad46@college.ac.in,MECH,2023,6,6.32,Average,1,False
S07481,Mansi Sharma,mansi.sharma65@college.ac.in,CSE,2024,4,7.16,Good,0,False
S07482,Ramya Rao,ramya.rao16@college.ac.in,AIML,2023,6,7.0,Good,0,False
S07483,Shahid Velayudhan,shahid.velayudhan46@college.ac.in,ECE,2024,4,5.42,At Risk,4,True
S07484,Harish Bhat,harish.bhat93@college.ac.in,CSE,2024,4,7.24,Good,0,False
S07485,Prithviraj Arumugam,prithviraj.arumugam21@college.ac.in,ECE,2025,2,6.36,Average,5,False
S07486,Revathi Venkataraman,revathi.venkataraman72@college.ac.in,CSE,2025,2,7.72,Good,0,False
S07487,Rizwan Chauhan,rizwan.chauhan75@college.ac.in,MECH,2025,2,5.67,Average,4,True
S07488,Swati Qureshi,swati.qureshi21@college.ac.in,MECH,2023,5,6.3,Average,3,True
S07489,Abhijith Mishra,abhijith.mishra92@college.ac.in,MECH,2025,2,5.83,Average,3,True
S07490,Muralidhar Mehta,muralidhar.mehta98@college.ac.in,CSE,2024,4,5.49,At Risk,5,True
S07491,Amina Ansari,amina.ansari10@college.ac.in,CSE,2022,8,6.85,Average,0,False
S07492,Ramesh Rajan,ramesh.rajan40@college.ac.in,AIML,2025,2,6.67,Average,0,False
S07493,Sachin Dubey,sachin.dubey66@college.ac.in,CSE,2023,6,7.88,Good,0,False
S07494,Sonal Warrier,sonal.warrier42@college.ac.in,AIML,2023,6,6.87,Average,0,False
S07495,Vijay Das,vijay.das77@college.ac.in,MECH,2022,8,6.36,Average,1,False
S07496,Karthik Pandey,karthik.pandey54@college.ac.in,MECH,2023,6,5.33,At Risk,2,True
S07497,Riya Hussain,riya.hussain82@college.ac.in,CSE,2025,2,6.34,Average,0,False
S07498,Riya Yadav,riya.yadav41@college.ac.in,AIML,2022,8,7.0,Good,0,False
S07499,Gaurav Naidu,gaurav.naidu24@college.ac.in,CSE,2023,5,7.35,Good,0,False
S07500,Farhan Ansari,farhan.ansari80@college.ac.in,CSE,2023,6,7.28,Good,0,False
S07501,Naveen Varma,naveen.varma21@college.ac.in,ECE,2023,5,6.35,Average,0,False
S07502,Ankita Menon,ankita.menon56@college.ac.in,AIML,2025,2,6.99,Average,0,False
S07503,Rohit Joshi,rohit.joshi69@college.ac.in,ECE,2025,2,7.98,Good,0,False
S07504,Lakshmi Krishnan,lakshmi.krishnan77@college.ac.in,AIML,2025,2,7.81,Good,0,False
S07505,Menon Nambiar,menon.nambiar80@college.ac.in,AIML,2024,4,5.96,Average,2,False
S07506,Aman Sharma,aman.sharma67@college.ac.in,CSE,2024,4,7.7,Good,0,False
S07507,Avinash Siddiqui,avinash.siddiqui44@college.ac.in,CSE,2024,4,7.53,Good,0,False
S07508,Sathish Chauhan,sathish.chauhan15@college.ac.in,CSE,2023,6,8.0,Good,0,False
S07509,Ankit Karunakaran,ankit.karunakaran62@college.ac.in,CSE,2023,5,6.86,Average,0,False
S07510,Rohit Rajan,rohit.rajan38@college.ac.in,MECH,2025,2,7.75,Good,0,False
S07511,Anjali Subramaniam,anjali.subramaniam77@college.ac.in,CSE,2025,2,7.11,Good,0,False
S07512,Akash Namboothiri,akash.namboothiri56@college.ac.in,ECE,2023,5,4.82,At Risk,6,True
S07513,Akash Gupta,akash.gupta37@college.ac.in,MECH,2022,8,6.48,Average,0,False
S07514,Suresh Qureshi,suresh.qureshi86@college.ac.in,CSE,2023,5,7.32,Good,0,False
S07515,Swati Nair,swati.nair61@college.ac.in,MECH,2023,6,4.69,At Risk,5,True
S07516,Swathi Nair,swathi.nair98@college.ac.in,AIML,2022,8,7.54,Good,0,False
S07517,Ganesh Siddiqui,ganesh.siddiqui92@college.ac.in,CSE,2022,8,7.37,Good,0,False
S07518,Syed Pillai,syed.pillai69@college.ac.in,AIML,2024,4,6.09,Average,0,False
S07519,Gaurav Siddiqui,gaurav.siddiqui89@college.ac.in,MECH,2025,2,7.51,Good,0,False
S07520,Sreejith Varma,sreejith.varma94@college.ac.in,AIML,2024,4,5.96,Average,6,True
S07521,Pooja Bhat,pooja.bhat43@college.ac.in,MECH,2022,8,6.72,Average,0,False
S07522,Pallavi Subramaniam,pallavi.subramaniam56@college.ac.in,MECH,2023,6,5.39,At Risk,3,True
S07523,Anjali Ansari,anjali.ansari15@college.ac.in,MECH,2022,8,7.53,Good,0,False
S07524,Keerthi Singh,keerthi.singh78@college.ac.in,MECH,2023,5,7.22,Good,0,False
S07525,Sneha Shetty,sneha.shetty95@college.ac.in,AIML,2024,3,7.6,Good,0,False
S07526,Farhan Murthy,farhan.murthy24@college.ac.in,CSE,2022,8,7.15,Good,0,False
S07527,Neha Selvam,neha.selvam78@college.ac.in,AIML,2024,4,7.8,Good,0,False
S07528,Mohammed Kumar,mohammed.kumar41@college.ac.in,CSE,2023,6,7.42,Good,0,False
S07529,Swathi Khan,swathi.khan67@college.ac.in,AIML,2025,2,6.61,Average,1,True
S07530,Krishnan Sharma,krishnan.sharma32@college.ac.in,ECE,2025,2,6.19,Average,1,False
S07531,Amal Iyengar,amal.iyengar93@college.ac.in,CSE,2023,5,7.25,Good,0,False
S07532,Junaid Karunakaran,junaid.karunakaran81@college.ac.in,ECE,2024,4,6.56,Average,0,False
S07533,Babu Khan,babu.khan69@college.ac.in,CSE,2024,4,7.27,Good,0,False
S07534,Priya Khan,priya.khan43@college.ac.in,MECH,2024,3,5.13,At Risk,6,True
S07535,Dinesh Hegde,dinesh.hegde20@college.ac.in,CSE,2022,8,7.01,Good,0,False
S07536,Riya Sharma,riya.sharma608@college.ac.in,CSE,2024,4,5.89,Average,3,False
S07537,Junaid Pandey,junaid.pandey29@college.ac.in,ECE,2022,8,6.44,Average,3,False
S07538,Karthik Naidu,karthik.naidu99@college.ac.in,CSE,2022,8,6.84,Average,0,False
S07539,Naveen Kumar,naveen.kumar81@college.ac.in,MECH,2022,8,7.02,Good,0,False
S07540,Akash Rao,akash.rao94@college.ac.in,MECH,2022,8,6.47,Average,2,False
S07541,Madhan Malik,madhan.malik17@college.ac.in,ECE,2024,3,7.21,Good,0,False
S07542,Vikram Varma,vikram.varma31@college.ac.in,CSE,2025,2,5.28,At Risk,6,True
S07543,Ramya Rajan,ramya.rajan54@college.ac.in,CSE,2024,3,8.55,Excellent,0,False
S07544,Shahid Tiwari,shahid.tiwari50@college.ac.in,MECH,2024,3,6.43,Average,0,False
S07545,Ravi Sharma,ravi.sharma56@college.ac.in,CSE,2024,4,7.3,Good,0,False
S07546,Varun Krishnan,varun.krishnan67@college.ac.in,AIML,2023,6,6.61,Average,0,False
S07547,Aman Dubey,aman.dubey69@college.ac.in,ECE,2024,4,6.1,Average,0,False
S07548,Ankit Naidu,ankit.naidu74@college.ac.in,MECH,2024,4,7.54,Good,0,False
S07549,Fatima Desai,fatima.desai33@college.ac.in,CSE,2022,8,7.58,Good,0,False
S07550,Ayesha Namboothiri,ayesha.namboothiri50@college.ac.in,ECE,2022,8,5.48,At Risk,6,True
S07551,Piyush Kamath,piyush.kamath65@college.ac.in,AIML,2024,4,6.59,Average,0,False
S07552,Keerthi Kumar,keerthi.kumar64@college.ac.in,AIML,2024,4,6.71,Average,0,False
S07553,Nisha Khan,nisha.khan15@college.ac.in,CSE,2025,2,6.99,Average,0,False
S07554,Zainab Chandrasekaran,zainab.chandrasekaran91@college.ac.in,MECH,2022,8,5.63,Average,2,True
S07555,Tarun Gopalakrishnan,tarun.gopalakrishnan25@college.ac.in,CSE,2023,6,5.89,Average,0,False
S07556,Keerthi Verma,keerthi.verma21@college.ac.in,AIML,2022,8,6.95,Average,0,False
S07557,Rishita Subramaniam,rishita.subramaniam22@college.ac.in,ECE,2023,6,5.83,Average,2,True
S07558,Dinesh Subramaniam,dinesh.subramaniam86@college.ac.in,AIML,2023,6,7.28,Good,0,False
S07559,Ankit Verma,ankit.verma66@college.ac.in,ECE,2025,2,6.25,Average,0,False
S07560,Zainab Venkataraman,zainab.venkataraman77@college.ac.in,MECH,2022,8,5.37,At Risk,6,True
S07561,Prerna Babu,prerna.babu19@college.ac.in,CSE,2023,5,5.89,Average,6,True
S07562,Nikhil Iyer,nikhil.iyer86@college.ac.in,ECE,2023,6,7.33,Good,0,False
S07563,Aamir Khan,aamir.khan61@college.ac.in,MECH,2023,6,7.02,Good,0,False
S07564,Jithin Shah,jithin.shah24@college.ac.in,AIML,2023,6,5.3,At Risk,4,True
S07565,Sanjay Dubey,sanjay.dubey70@college.ac.in,ECE,2023,5,6.18,Average,0,False
S07566,Pooja Velayudhan,pooja.velayudhan91@college.ac.in,AIML,2024,4,6.14,Average,0,False
S07567,Amina Naidu,amina.naidu81@college.ac.in,MECH,2025,2,7.16,Good,0,False
S07568,Farhan Krishnan,farhan.krishnan68@college.ac.in,ECE,2023,5,6.28,Average,3,False
S07569,Varun Tiwari,varun.tiwari91@college.ac.in,ECE,2025,2,5.54,Average,5,True
S07570,Amina Natarajan,amina.natarajan82@college.ac.in,CSE,2022,8,7.3,Good,1,True
S07571,Athul Rao,athul.rao45@college.ac.in,AIML,2024,4,7.11,Good,0,False
S07572,Kavya Gupta,kavya.gupta84@college.ac.in,CSE,2022,8,6.48,Average,2,False
S07573,Nair Nair,nair.nair34@college.ac.in,MECH,2024,4,6.95,Average,0,False
S07574,Simran Chandrasekaran,simran.chandrasekaran36@college.ac.in,MECH,2024,3,5.67,Average,6,True
S07575,Zainab Yadav,zainab.yadav61@college.ac.in,MECH,2025,2,6.92,Average,0,False
S07576,Pillai Pillai,pillai.pillai12@college.ac.in,ECE,2022,8,7.89,Good,0,False
S07577,Vivek Siddiqui,vivek.siddiqui61@college.ac.in,MECH,2025,2,7.08,Good,5,True
S07578,Siddharth Yadav,siddharth.yadav70@college.ac.in,ECE,2025,2,6.51,Average,4,True
S07579,Vignesh Joshi,vignesh.joshi67@college.ac.in,MECH,2023,6,5.85,Average,2,False
S07580,Asif Siddiqui,asif.siddiqui54@college.ac.in,AIML,2022,8,7.41,Good,0,False
S07581,Mohammed Rao,mohammed.rao79@college.ac.in,ECE,2022,8,7.17,Good,0,False
S07582,Rizwan Arumugam,rizwan.arumugam46@college.ac.in,ECE,2023,6,5.45,At Risk,5,True
S07583,Adil Gopalakrishnan,adil.gopalakrishnan76@college.ac.in,CSE,2025,2,8.14,Good,0,False
S07584,Surya Dubey,surya.dubey24@college.ac.in,ECE,2024,4,7.25,Good,2,False
S07585,Ganesh Malik,ganesh.malik98@college.ac.in,ECE,2022,8,6.46,Average,0,False
S07586,Pallavi Kulkarni,pallavi.kulkarni89@college.ac.in,MECH,2023,6,5.91,Average,0,False
S07587,Syed Sheikh,syed.sheikh37@college.ac.in,CSE,2025,2,6.01,Average,1,True
S07588,Salman Warrier,salman.warrier16@college.ac.in,AIML,2024,3,7.38,Good,0,False
S07589,Rahul Kulkarni,rahul.kulkarni94@college.ac.in,ECE,2024,4,6.25,Average,4,True
S07590,Krishnan Subramaniam,krishnan.subramaniam34@college.ac.in,ECE,2022,8,7.31,Good,0,False
S07591,Ayesha Arumugam,ayesha.arumugam93@college.ac.in,ECE,2023,6,6.93,Average,0,False
S07592,Rahul Tiwari,rahul.tiwari17@college.ac.in,ECE,2023,6,6.55,Average,1,True
S07593,Asif Nambiar,asif.nambiar63@college.ac.in,MECH,2024,3,5.58,Average,6,False
S07594,Mohammed Dubey,mohammed.dubey45@college.ac.in,CSE,2025,2,5.57,Average,5,False
S07595,Asif Karunakaran,asif.karunakaran44@college.ac.in,AIML,2024,3,6.89,Average,0,False
S07596,Shubham Hussain,shubham.hussain75@college.ac.in,MECH,2025,2,6.32,Average,0,False
S07597,Zubair Krishnan,zubair.krishnan65@college.ac.in,ECE,2023,6,5.72,Average,4,True
S07598,Vikram Joshi,vikram.joshi46@college.ac.in,CSE,2025,2,7.59,Good,3,False
S07599,Arun Tiwari,arun.tiwari75@college.ac.in,ECE,2023,6,6.04,Average,1,True
S07600,Sanjay Kamath,sanjay.kamath15@college.ac.in,CSE,2024,3,6.39,Average,0,False
S07601,Harish Nair,harish.nair68@college.ac.in,ECE,2025,2,7.34,Good,0,False
S07602,Saranya Verma,saranya.verma71@college.ac.in,CSE,2024,3,7.27,Good,0,False
S07603,Rishita Mehta,rishita.mehta96@college.ac.in,ECE,2024,4,5.86,Average,3,False
S07604,Aamir Joshi,aamir.joshi35@college.ac.in,AIML,2024,4,7.31,Good,0,False
S07605,Logesh Reddy,logesh.reddy41@college.ac.in,AIML,2022,8,6.02,Average,4,True
S07606,Rohit Natarajan,rohit.natarajan65@college.ac.in,MECH,2025,2,5.14,At Risk,4,True
S07607,Swati Gopalakrishnan,swati.gopalakrishnan69@college.ac.in,AIML,2022,8,7.32,Good,0,False
S07608,Pallavi Shetty,pallavi.shetty86@college.ac.in,MECH,2025,2,4.86,At Risk,4,True
S07609,Sreejith Menon,sreejith.menon65@college.ac.in,CSE,2023,6,7.92,Good,0,False
S07610,Shahid Shah,shahid.shah17@college.ac.in,CSE,2022,8,7.3,Good,0,False
S07611,Madhan Nambiar,madhan.nambiar39@college.ac.in,AIML,2023,6,6.08,Average,3,False
S07612,Manoj Iyer,manoj.iyer96@college.ac.in,CSE,2022,8,6.81,Average,0,False
S07613,Sachin Hegde,sachin.hegde81@college.ac.in,AIML,2025,2,5.43,At Risk,2,True
S07614,Ramya Natarajan,ramya.natarajan39@college.ac.in,CSE,2022,8,6.89,Average,5,False
S07615,Karthik Dubey,karthik.dubey47@college.ac.in,MECH,2023,6,5.7,Average,1,True
S07616,Tanvi Chandrasekaran,tanvi.chandrasekaran38@college.ac.in,CSE,2022,8,8.35,Good,0,False
S07617,Rohit Mehta,rohit.mehta23@college.ac.in,ECE,2024,4,6.56,Average,0,False
S07618,Junaid Varma,junaid.varma30@college.ac.in,ECE,2023,6,7.8,Good,0,False
S07619,Nair Shah,nair.shah82@college.ac.in,AIML,2024,3,6.92,Average,0,False
S07620,Saranya Karunakaran,saranya.karunakaran23@college.ac.in,ECE,2025,2,7.0,Good,0,False
S07621,Dhanush Krishnan,dhanush.krishnan71@college.ac.in,CSE,2022,8,6.99,Average,0,False
S07622,Rizwan Murthy,rizwan.murthy60@college.ac.in,CSE,2024,4,5.56,Average,1,True
S07623,Ananya Nair,ananya.nair53@college.ac.in,MECH,2022,8,5.81,Average,1,True
S07624,Siddharth Reddy,siddharth.reddy45@college.ac.in,AIML,2024,4,7.65,Good,0,False
S07625,Pooja Ansari,pooja.ansari88@college.ac.in,CSE,2022,8,8.12,Good,0,False
S07626,Ramya Rao,ramya.rao91@college.ac.in,MECH,2024,4,5.67,Average,4,True
S07627,Amal Kamath,amal.kamath97@college.ac.in,CSE,2023,6,7.18,Good,0,False
S07628,Ganesh Natarajan,ganesh.natarajan92@college.ac.in,ECE,2023,6,6.73,Average,1,False
S07629,Nikhil Hussain,nikhil.hussain30@college.ac.in,CSE,2022,8,7.47,Good,0,False
S07630,Amit Dubey,amit.dubey29@college.ac.in,MECH,2024,3,4.94,At Risk,3,False
S07631,Karthik Karunakaran,karthik.karunakaran84@college.ac.in,CSE,2023,6,6.31,Average,2,False
S07632,Nithish Kumar,nithish.kumar53@college.ac.in,MECH,2024,4,6.11,Average,0,False
S07633,Athul Murthy,athul.murthy92@college.ac.in,AIML,2023,5,7.91,Good,0,False
S07634,Sathish Reddy,sathish.reddy63@college.ac.in,AIML,2023,6,7.01,Good,0,False
S07635,Syed Babu,syed.babu11@college.ac.in,CSE,2024,4,7.28,Good,0,False
S07636,Dhanush Naidu,dhanush.naidu19@college.ac.in,CSE,2023,5,6.18,Average,5,True
S07637,Sonal Nambiar,sonal.nambiar93@college.ac.in,CSE,2024,4,6.72,Average,2,False
S07638,Amal Dubey,amal.dubey68@college.ac.in,AIML,2023,6,5.97,Average,5,True
S07639,Ankita Singh,ankita.singh84@college.ac.in,AIML,2023,6,5.55,Average,1,False
S07640,Neha Desai,neha.desai44@college.ac.in,MECH,2023,6,7.19,Good,0,False
S07641,Revathi Shetty,revathi.shetty69@college.ac.in,ECE,2022,8,7.1,Good,0,False
S07642,Swathi Rao,swathi.rao80@college.ac.in,AIML,2023,6,8.24,Good,0,False
S07643,Deepak Pandey,deepak.pandey94@college.ac.in,CSE,2022,8,7.48,Good,0,False
S07644,Sanjay Venkataraman,sanjay.venkataraman24@college.ac.in,MECH,2023,5,6.35,Average,0,False
S07645,Zainab Murugan,zainab.murugan65@college.ac.in,AIML,2023,6,6.64,Average,0,False
S07646,Arun Natarajan,arun.natarajan49@college.ac.in,MECH,2023,6,6.81,Average,0,False
S07647,Nithish Krishnan,nithish.krishnan73@college.ac.in,CSE,2025,2,6.68,Average,3,True
S07648,Riya Murugan,riya.murugan81@college.ac.in,AIML,2025,2,6.0,Average,4,True
S07649,Ganesh Malik,ganesh.malik82@college.ac.in,MECH,2023,6,6.55,Average,0,False
S07650,Menon Arumugam,menon.arumugam38@college.ac.in,CSE,2024,4,7.6,Good,0,False
S07651,Kavya Reddy,kavya.reddy77@college.ac.in,ECE,2024,4,5.97,Average,2,True
S07652,Revathi Gupta,revathi.gupta61@college.ac.in,MECH,2022,8,5.85,Average,5,True
S07653,Junaid Shetty,junaid.shetty69@college.ac.in,ECE,2024,4,7.26,Good,3,False
S07654,Vishnu Das,vishnu.das24@college.ac.in,ECE,2022,8,6.9,Average,0,False
S07655,Prithviraj Murthy,prithviraj.murthy65@college.ac.in,AIML,2023,6,5.77,Average,2,False
S07656,Amit Chandrasekaran,amit.chandrasekaran98@college.ac.in,MECH,2023,5,5.53,Average,3,True
S07657,Aamir Iyer,aamir.iyer21@college.ac.in,MECH,2024,4,6.67,Average,0,False
S07658,Kritika Murthy,kritika.murthy13@college.ac.in,CSE,2023,6,6.02,Average,3,False
S07659,Aditi Nair,aditi.nair19@college.ac.in,AIML,2022,8,5.9,Average,3,True
S07660,Riya Velayudhan,riya.velayudhan50@college.ac.in,AIML,2022,8,7.29,Good,0,False
S07661,Rizwan Sharma,rizwan.sharma17@college.ac.in,AIML,2025,2,5.64,Average,1,True
S07662,Vignesh Sharma,vignesh.sharma83@college.ac.in,CSE,2024,4,6.3,Average,2,False
S07663,Aamir Das,aamir.das40@college.ac.in,MECH,2022,8,6.0,Average,0,False
S07664,Surya Gopalakrishnan,surya.gopalakrishnan92@college.ac.in,AIML,2025,2,7.72,Good,3,False
S07665,Ananya Naidu,ananya.naidu51@college.ac.in,CSE,2025,2,7.09,Good,0,False
S07666,Amit Sheikh,amit.sheikh21@college.ac.in,MECH,2023,6,6.66,Average,0,False
S07667,Sneha Murugan,sneha.murugan99@college.ac.in,MECH,2024,4,5.0,At Risk,4,True
S07668,Sathish Babu,sathish.babu24@college.ac.in,CSE,2022,8,7.41,Good,0,False
S07669,Farhan Kamath,farhan.kamath88@college.ac.in,MECH,2025,2,6.39,Average,1,False
S07670,Mohammed Rao,mohammed.rao63@college.ac.in,CSE,2024,4,6.2,Average,2,True
S07671,Riya Murthy,riya.murthy42@college.ac.in,CSE,2025,2,6.54,Average,2,False
S07672,Sana Joshi,sana.joshi50@college.ac.in,ECE,2022,8,7.79,Good,0,False
S07673,Saranya Kulkarni,saranya.kulkarni89@college.ac.in,ECE,2023,6,6.8,Average,0,False
S07674,Adil Kulkarni,adil.kulkarni67@college.ac.in,ECE,2024,4,5.54,Average,5,False
S07675,Deepak Shah,deepak.shah80@college.ac.in,MECH,2023,6,6.12,Average,3,False
S07676,Aditi Verma,aditi.verma86@college.ac.in,ECE,2025,2,8.34,Good,0,False
S07677,Fatima Tiwari,fatima.tiwari43@college.ac.in,ECE,2025,2,7.0,Good,0,False
S07678,Divya Sharma,divya.sharma38@college.ac.in,ECE,2022,8,6.05,Average,1,True
S07679,Karthik Sharma,karthik.sharma74@college.ac.in,MECH,2024,4,7.21,Good,0,False
S07680,Krishnan Sharma,krishnan.sharma91@college.ac.in,CSE,2025,2,8.72,Excellent,0,False
S07681,Nair Siddiqui,nair.siddiqui18@college.ac.in,CSE,2024,4,8.23,Good,0,False
S07682,Athul Naidu,athul.naidu47@college.ac.in,AIML,2024,4,5.21,At Risk,4,True
S07683,Hiba Rao,hiba.rao51@college.ac.in,MECH,2023,5,5.66,Average,3,True
S07684,Arun Pandey,arun.pandey18@college.ac.in,CSE,2023,6,7.52,Good,1,False
S07685,Saranya Tiwari,saranya.tiwari45@college.ac.in,AIML,2024,4,7.47,Good,0,False
S07686,Prithviraj Nambiar,prithviraj.nambiar69@college.ac.in,MECH,2022,8,6.26,Average,4,True
S07687,Swati Joshi,swati.joshi75@college.ac.in,MECH,2024,4,7.2,Good,0,False
S07688,Junaid Subramaniam,junaid.subramaniam20@college.ac.in,ECE,2024,4,6.75,Average,0,False
S07689,Nithya Mehta,nithya.mehta50@college.ac.in,MECH,2024,4,4.98,At Risk,6,True
S07690,Imran Nair,imran.nair13@college.ac.in,MECH,2023,6,4.62,At Risk,2,False
S07691,Ramya Mehta,ramya.mehta44@college.ac.in,AIML,2024,4,6.32,Average,4,False
S07692,Pillai Krishnan,pillai.krishnan13@college.ac.in,AIML,2023,6,6.74,Average,5,False
S07693,Bilal Ansari,bilal.ansari33@college.ac.in,CSE,2025,2,5.67,Average,2,False
S07694,Vishnu Joshi,vishnu.joshi11@college.ac.in,MECH,2024,3,6.44,Average,0,False
S07695,Varun Rajan,varun.rajan81@college.ac.in,ECE,2024,4,6.8,Average,0,False
S07696,Priya Mirza,priya.mirza52@college.ac.in,AIML,2023,6,6.8,Average,0,False
S07697,Ananya Reddy,ananya.reddy47@college.ac.in,AIML,2025,2,6.12,Average,3,False
S07698,Shubham Patel,shubham.patel72@college.ac.in,CSE,2024,4,5.27,At Risk,2,True
S07699,Sneha Nambiar,sneha.nambiar61@college.ac.in,AIML,2024,4,7.18,Good,0,False
S07700,Rukhsar Ansari,rukhsar.ansari94@college.ac.in,CSE,2023,5,6.67,Average,3,False
S07701,Sanjay Murthy,sanjay.murthy42@college.ac.in,AIML,2022,8,7.4,Good,0,False
S07702,Abhijith Natarajan,abhijith.natarajan70@college.ac.in,MECH,2023,6,7.29,Good,0,False
S07703,Nithish Krishnan,nithish.krishnan59@college.ac.in,ECE,2022,8,7.03,Good,0,False
S07704,Sathish Karunakaran,sathish.karunakaran36@college.ac.in,MECH,2022,8,7.86,Good,1,False
S07705,Anjali Varma,anjali.varma12@college.ac.in,MECH,2022,8,6.14,Average,5,False
S07706,Madhan Varma,madhan.varma89@college.ac.in,CSE,2024,4,8.12,Good,0,False
S07707,Athul Siddiqui,athul.siddiqui88@college.ac.in,ECE,2023,6,5.34,At Risk,6,True
S07708,Hiba Singh,hiba.singh82@college.ac.in,MECH,2025,2,6.95,Average,0,False
S07709,Zubair Rao,zubair.rao48@college.ac.in,MECH,2023,5,6.56,Average,0,False
S07710,Athul Prasad,athul.prasad34@college.ac.in,MECH,2025,2,5.1,At Risk,5,True
S07711,Vikram Ansari,vikram.ansari73@college.ac.in,ECE,2025,2,7.17,Good,0,False
S07712,Shubham Rajan,shubham.rajan21@college.ac.in,ECE,2022,8,5.87,Average,1,True
S07713,Rizwan Murthy,rizwan.murthy14@college.ac.in,ECE,2025,2,6.44,Average,5,False
S07714,Shreya Chauhan,shreya.chauhan86@college.ac.in,MECH,2024,3,6.95,Average,0,False
S07715,Hiba Shetty,hiba.shetty42@college.ac.in,AIML,2024,4,4.86,At Risk,2,True
S07716,Zubair Khan,zubair.khan21@college.ac.in,MECH,2023,5,7.16,Good,0,False
S07717,Ankit Kulkarni,ankit.kulkarni93@college.ac.in,CSE,2023,5,8.16,Good,0,False
S07718,Ankit Reddy,ankit.reddy70@college.ac.in,CSE,2025,2,7.26,Good,0,False
S07719,Rajesh Natarajan,rajesh.natarajan39@college.ac.in,CSE,2025,2,8.17,Good,0,False
S07720,Sonal Krishnan,sonal.krishnan78@college.ac.in,MECH,2023,6,7.21,Good,0,False
S07721,Siddharth Yadav,siddharth.yadav96@college.ac.in,ECE,2024,4,5.95,Average,3,False
S07722,Ramesh Namboothiri,ramesh.namboothiri54@college.ac.in,ECE,2025,2,5.59,Average,4,True
S07723,Ananya Bhat,ananya.bhat29@college.ac.in,AIML,2025,2,7.6,Good,3,False
S07724,Siddharth Velayudhan,siddharth.velayudhan49@college.ac.in,AIML,2025,2,8.62,Excellent,0,False
S07725,Ankita Khan,ankita.khan90@college.ac.in,AIML,2023,6,6.61,Average,0,False
S07726,Riya Dubey,riya.dubey16@college.ac.in,ECE,2022,8,7.22,Good,5,False
S07727,Pallavi Iyengar,pallavi.iyengar64@college.ac.in,ECE,2024,4,6.76,Average,0,False
S07728,Nair Subramaniam,nair.subramaniam83@college.ac.in,MECH,2023,5,6.3,Average,0,False
S07729,Arjun Chandrasekaran,arjun.chandrasekaran78@college.ac.in,MECH,2022,8,7.55,Good,0,False
S07730,Nithya Rao,nithya.rao87@college.ac.in,ECE,2024,4,6.23,Average,3,False
S07731,Ganesh Nambiar,ganesh.nambiar42@college.ac.in,ECE,2023,6,7.2,Good,3,True
S07732,Logesh Mehta,logesh.mehta29@college.ac.in,ECE,2024,4,5.85,Average,2,False
S07733,Rizwan Tiwari,rizwan.tiwari39@college.ac.in,AIML,2025,2,6.8,Average,2,False
S07734,Pooja Murugan,pooja.murugan27@college.ac.in,CSE,2022,8,6.27,Average,2,True
S07735,Gaurav Singh,gaurav.singh96@college.ac.in,CSE,2024,4,6.44,Average,0,False
S07736,Adil Sharma,adil.sharma88@college.ac.in,AIML,2024,4,6.94,Average,0,False
S07737,Suresh Joshi,suresh.joshi33@college.ac.in,ECE,2023,5,5.24,At Risk,3,True
S07738,Pooja Ansari,pooja.ansari99@college.ac.in,MECH,2025,2,7.07,Good,0,False
S07739,Sonal Verma,sonal.verma36@college.ac.in,CSE,2023,6,7.4,Good,0,False
S07740,Praveen Sheikh,praveen.sheikh85@college.ac.in,CSE,2023,6,6.74,Average,0,False
S07741,Prithviraj Dubey,prithviraj.dubey17@college.ac.in,AIML,2024,4,7.25,Good,0,False
S07742,Ramya Das,ramya.das13@college.ac.in,AIML,2023,6,4.9,At Risk,5,True
S07743,Junaid Menon,junaid.menon38@college.ac.in,AIML,2025,2,8.27,Good,0,False
S07744,Nadia Yadav,nadia.yadav24@college.ac.in,ECE,2023,6,5.64,Average,3,True
S07745,Ayesha Rajan,ayesha.rajan48@college.ac.in,CSE,2023,6,7.79,Good,0,False
S07746,Hiba Chauhan,hiba.chauhan63@college.ac.in,CSE,2022,8,7.29,Good,0,False
S07747,Suresh Velayudhan,suresh.velayudhan17@college.ac.in,CSE,2023,6,7.81,Good,0,False
S07748,Praveen Velayudhan,praveen.velayudhan30@college.ac.in,ECE,2025,2,4.27,At Risk,3,True
S07749,Rizwan Kulkarni,rizwan.kulkarni37@college.ac.in,CSE,2023,6,7.22,Good,0,False
S07750,Harikrishna Arumugam,harikrishna.arumugam21@college.ac.in,ECE,2025,2,7.63,Good,0,False
S07751,Kritika Hussain,kritika.hussain62@college.ac.in,AIML,2022,8,7.95,Good,0,False
S07752,Nadia Chetty,nadia.chetty75@college.ac.in,MECH,2022,8,7.09,Good,5,False
S07753,Rukhsar Nair,rukhsar.nair23@college.ac.in,ECE,2022,8,7.0,Good,3,False
S07754,Riya Chandrasekaran,riya.chandrasekaran23@college.ac.in,MECH,2025,2,7.11,Good,0,False
S07755,Ganesh Khan,ganesh.khan12@college.ac.in,ECE,2023,6,5.33,At Risk,6,True
S07756,Babu Verma,babu.verma51@college.ac.in,MECH,2025,2,7.38,Good,0,False
S07757,Arjun Kumar,arjun.kumar33@college.ac.in,ECE,2025,2,4.18,At Risk,2,True
S07758,Suresh Yadav,suresh.yadav25@college.ac.in,MECH,2023,6,7.03,Good,0,False
S07759,Amal Yadav,amal.yadav62@college.ac.in,AIML,2023,6,6.5,Average,0,False
S07760,Krishnan Qureshi,krishnan.qureshi32@college.ac.in,MECH,2024,4,6.99,Average,0,False
S07761,Sathish Qureshi,sathish.qureshi21@college.ac.in,ECE,2023,6,6.44,Average,1,True
S07762,Ajith Chetty,ajith.chetty31@college.ac.in,CSE,2025,2,7.26,Good,0,False
S07763,Arjun Murthy,arjun.murthy81@college.ac.in,CSE,2024,4,5.17,At Risk,2,True
S07764,Lakshmi Malik,lakshmi.malik45@college.ac.in,CSE,2025,2,4.66,At Risk,5,True
S07765,Nithish Mehta,nithish.mehta28@college.ac.in,CSE,2024,4,5.8,Average,2,False
S07766,Farhan Mehta,farhan.mehta71@college.ac.in,AIML,2022,8,6.24,Average,3,False
S07767,Vijay Chauhan,vijay.chauhan26@college.ac.in,MECH,2025,2,6.98,Average,0,False
S07768,Rukhsar Shah,rukhsar.shah94@college.ac.in,AIML,2024,4,5.42,At Risk,3,True
S07769,Tanvi Hegde,tanvi.hegde12@college.ac.in,ECE,2024,4,6.88,Average,0,False
S07770,Ramesh Ansari,ramesh.ansari99@college.ac.in,CSE,2024,4,5.59,Average,6,True
S07771,Meena Dubey,meena.dubey20@college.ac.in,CSE,2023,6,7.54,Good,0,False
S07772,Ananya Gupta,ananya.gupta63@college.ac.in,MECH,2024,4,5.21,At Risk,2,False
S07773,Rajesh Pillai,rajesh.pillai98@college.ac.in,ECE,2023,6,6.23,Average,0,False
S07774,Rahul Babu,rahul.babu82@college.ac.in,AIML,2024,4,7.76,Good,0,False
S07775,Asif Velayudhan,asif.velayudhan74@college.ac.in,CSE,2022,8,7.55,Good,0,False
S07776,Shubham Iyer,shubham.iyer84@college.ac.in,MECH,2022,8,6.77,Average,0,False
S07777,Nithya Desai,nithya.desai54@college.ac.in,AIML,2024,4,5.15,At Risk,5,False
S07778,Prerna Gopalakrishnan,prerna.gopalakrishnan60@college.ac.in,CSE,2023,6,6.72,Average,0,False
S07779,Naveen Murugan,naveen.murugan88@college.ac.in,AIML,2024,3,7.06,Good,0,False
S07780,Rukhsar Patel,rukhsar.patel59@college.ac.in,AIML,2023,6,6.99,Average,3,False
S07781,Mohammed Murugan,mohammed.murugan20@college.ac.in,AIML,2024,4,6.91,Average,0,False
S07782,Gaurav Warrier,gaurav.warrier16@college.ac.in,ECE,2025,2,5.72,Average,4,True
S07783,Shubham Shetty,shubham.shetty99@college.ac.in,CSE,2023,6,6.67,Average,0,False
S07784,Athul Bhat,athul.bhat533@college.ac.in,ECE,2022,8,7.17,Good,0,False
S07785,Arjun Murugan,arjun.murugan11@college.ac.in,AIML,2023,5,6.42,Average,1,False
S07786,Nisha Warrier,nisha.warrier63@college.ac.in,MECH,2022,8,6.26,Average,3,False
S07787,Salman Iyer,salman.iyer75@college.ac.in,CSE,2023,6,7.47,Good,0,False
S07788,Ajith Venkataraman,ajith.venkataraman44@college.ac.in,AIML,2023,6,6.76,Average,0,False
S07789,Hiba Warrier,hiba.warrier85@college.ac.in,AIML,2025,2,7.91,Good,0,False
S07790,Tarun Nambiar,tarun.nambiar55@college.ac.in,AIML,2023,5,7.08,Good,1,False
S07791,Swati Venkataraman,swati.venkataraman47@college.ac.in,MECH,2025,2,6.48,Average,0,False
S07792,Naveen Verma,naveen.verma36@college.ac.in,ECE,2025,2,5.38,At Risk,2,True
S07793,Ajith Chandrasekaran,ajith.chandrasekaran26@college.ac.in,CSE,2025,2,5.55,Average,2,True
S07794,Shubham Dubey,shubham.dubey84@college.ac.in,MECH,2023,6,4.48,At Risk,6,True
S07795,Pooja Mirza,pooja.mirza48@college.ac.in,MECH,2025,2,4.07,At Risk,4,True
S07796,Amina Arumugam,amina.arumugam73@college.ac.in,MECH,2023,6,6.15,Average,1,False
S07797,Siddharth Mehta,siddharth.mehta71@college.ac.in,ECE,2024,4,5.77,Average,1,True
S07798,Fatima Subramaniam,fatima.subramaniam49@college.ac.in,AIML,2023,6,7.91,Good,0,False
S07799,Swathi Namboothiri,swathi.namboothiri74@college.ac.in,CSE,2023,6,7.54,Good,0,False
S07800,Nisha Shetty,nisha.shetty33@college.ac.in,CSE,2023,6,7.54,Good,0,False
S07801,Syed Chandrasekaran,syed.chandrasekaran35@college.ac.in,ECE,2025,2,6.59,Average,1,True
S07802,Simran Nambiar,simran.nambiar77@college.ac.in,ECE,2022,8,6.07,Average,5,True
S07803,Varun Gupta,varun.gupta69@college.ac.in,CSE,2024,4,7.46,Good,0,False
S07804,Neha Kulkarni,neha.kulkarni12@college.ac.in,CSE,2024,4,8.2,Good,0,False
S07805,Kritika Chetty,kritika.chetty11@college.ac.in,ECE,2023,5,6.33,Average,0,False
S07806,Shubham Murthy,shubham.murthy16@college.ac.in,CSE,2022,8,6.89,Average,0,False
S07807,Asif Rao,asif.rao30@college.ac.in,CSE,2022,8,8.23,Good,0,False
S07808,Imran Iyer,imran.iyer77@college.ac.in,CSE,2025,2,6.76,Average,0,False
S07809,Sanjay Chetty,sanjay.chetty86@college.ac.in,CSE,2023,6,5.09,At Risk,3,True
S07810,Bilal Gupta,bilal.gupta13@college.ac.in,CSE,2025,2,7.4,Good,6,False
S07811,Sachin Subramaniam,sachin.subramaniam12@college.ac.in,CSE,2025,2,8.27,Good,0,False
S07812,Kritika Arumugam,kritika.arumugam77@college.ac.in,AIML,2024,4,7.4,Good,1,False
S07813,Rajan Singh,rajan.singh91@college.ac.in,ECE,2025,2,6.66,Average,0,False
S07814,Vivek Malik,vivek.malik23@college.ac.in,MECH,2022,8,7.61,Good,0,False
S07815,Mohammed Mehta,mohammed.mehta45@college.ac.in,MECH,2023,6,5.98,Average,2,False
S07816,Prerna Naidu,prerna.naidu89@college.ac.in,MECH,2024,4,6.28,Average,0,False
S07817,Saranya Tiwari,saranya.tiwari62@college.ac.in,ECE,2023,6,5.63,Average,1,False
S07818,Harish Chandrasekaran,harish.chandrasekaran25@college.ac.in,MECH,2024,4,5.68,Average,4,False
S07819,Abhijith Chandrasekaran,abhijith.chandrasekaran79@college.ac.in,CSE,2022,8,7.35,Good,0,False
S07820,Manoj Kulkarni,manoj.kulkarni92@college.ac.in,CSE,2025,2,7.93,Good,0,False
S07821,Manoj Qureshi,manoj.qureshi33@college.ac.in,ECE,2025,2,4.9,At Risk,5,True
S07822,Karthik Kumar,karthik.kumar28@college.ac.in,AIML,2022,8,6.34,Average,0,False
S07823,Nisha Pandey,nisha.pandey75@college.ac.in,MECH,2024,4,4.35,At Risk,3,True
S07824,Nadia Khan,nadia.khan47@college.ac.in,CSE,2025,2,6.94,Average,3,True
S07825,Rohit Selvam,rohit.selvam58@college.ac.in,AIML,2023,6,6.45,Average,0,False
S07826,Abhijith Warrier,abhijith.warrier14@college.ac.in,AIML,2022,8,6.9,Average,0,False
S07827,Revathi Ansari,revathi.ansari87@college.ac.in,CSE,2025,2,7.04,Good,0,False
S07828,Hiba Kulkarni,hiba.kulkarni74@college.ac.in,CSE,2025,2,8.73,Excellent,0,False
S07829,Fatima Das,fatima.das20@college.ac.in,CSE,2022,8,7.62,Good,0,False
S07830,Keerthi Sheikh,keerthi.sheikh54@college.ac.in,MECH,2025,2,6.66,Average,0,False
S07831,Sachin Desai,sachin.desai50@college.ac.in,ECE,2023,5,5.62,Average,3,True
S07832,Arjun Chetty,arjun.chetty63@college.ac.in,AIML,2024,4,6.24,Average,5,True
S07833,Zainab Desai,zainab.desai54@college.ac.in,AIML,2024,4,7.18,Good,0,False
S07834,Surya Das,surya.das46@college.ac.in,MECH,2023,6,4.58,At Risk,2,False
S07835,Vivek Pandey,vivek.pandey28@college.ac.in,MECH,2025,2,4.21,At Risk,4,True
S07836,Aamir Reddy,aamir.reddy20@college.ac.in,MECH,2025,2,7.05,Good,3,False
S07837,Pooja Mehta,pooja.mehta40@college.ac.in,ECE,2024,4,5.16,At Risk,4,True
S07838,Vivek Iyengar,vivek.iyengar22@college.ac.in,ECE,2022,8,6.67,Average,0,False
S07839,Pallavi Pillai,pallavi.pillai36@college.ac.in,AIML,2024,4,7.31,Good,5,False
S07840,Mohammed Khan,mohammed.khan48@college.ac.in,CSE,2025,2,6.37,Average,0,False
S07841,Nithish Chandrasekaran,nithish.chandrasekaran53@college.ac.in,CSE,2022,8,5.65,Average,6,True
S07842,Surya Varma,surya.varma48@college.ac.in,ECE,2024,4,6.85,Average,0,False
S07843,Faisal Sheikh,faisal.sheikh23@college.ac.in,CSE,2023,6,7.17,Good,0,False
S07844,Amal Natarajan,amal.natarajan11@college.ac.in,CSE,2023,6,8.14,Good,0,False
S07845,Faisal Kumar,faisal.kumar19@college.ac.in,AIML,2025,2,7.47,Good,0,False
S07846,Swathi Kumar,swathi.kumar58@college.ac.in,AIML,2024,4,7.25,Good,0,False
S07847,Nikhil Gopalakrishnan,nikhil.gopalakrishnan38@college.ac.in,CSE,2023,5,7.44,Good,0,False
S07848,Saranya Malik,saranya.malik36@college.ac.in,ECE,2024,4,7.32,Good,0,False
S07849,Suresh Prasad,suresh.prasad72@college.ac.in,MECH,2023,6,4.59,At Risk,3,True
S07850,Arjun Nair,arjun.nair98@college.ac.in,MECH,2023,6,6.69,Average,0,False
S07851,Keerthi Rao,keerthi.rao12@college.ac.in,ECE,2023,5,7.38,Good,0,False
S07852,Jithin Qureshi,jithin.qureshi71@college.ac.in,CSE,2025,2,8.99,Excellent,0,False
S07853,Pallavi Selvam,pallavi.selvam97@college.ac.in,ECE,2025,2,7.32,Good,0,False
S07854,Ramya Nambiar,ramya.nambiar10@college.ac.in,ECE,2024,4,6.29,Average,0,False
S07855,Junaid Hussain,junaid.hussain19@college.ac.in,ECE,2023,6,6.61,Average,1,False
S07856,Amal Nambiar,amal.nambiar24@college.ac.in,AIML,2025,2,8.06,Good,0,False
S07857,Rishita Nambiar,rishita.nambiar40@college.ac.in,MECH,2023,5,7.25,Good,0,False
S07858,Vivek Das,vivek.das13@college.ac.in,CSE,2024,4,5.66,Average,5,True
S07859,Rohit Chetty,rohit.chetty54@college.ac.in,CSE,2023,5,6.49,Average,0,False
S07860,Nadia Mishra,nadia.mishra69@college.ac.in,AIML,2022,8,6.12,Average,3,True
S07861,Nithish Shetty,nithish.shetty87@college.ac.in,AIML,2024,4,6.36,Average,0,False
S07862,Meena Hussain,meena.hussain84@college.ac.in,ECE,2024,4,6.66,Average,0,False
S07863,Tanvi Siddiqui,tanvi.siddiqui29@college.ac.in,MECH,2023,5,6.0,Average,4,False
S07864,Aditi Desai,aditi.desai38@college.ac.in,AIML,2023,6,7.35,Good,0,False
S07865,Swati Das,swati.das33@college.ac.in,MECH,2025,2,6.39,Average,2,False
S07866,Meena Kulkarni,meena.kulkarni70@college.ac.in,AIML,2024,3,6.89,Average,1,False
S07867,Hiba Nair,hiba.nair32@college.ac.in,AIML,2023,6,6.4,Average,0,False
S07868,Saranya Rajan,saranya.rajan99@college.ac.in,ECE,2022,8,6.17,Average,2,False
S07869,Sreejith Naidu,sreejith.naidu89@college.ac.in,AIML,2025,2,6.44,Average,0,False
S07870,Pooja Yadav,pooja.yadav35@college.ac.in,MECH,2022,8,5.55,Average,3,False
S07871,Priya Sharma,priya.sharma98@college.ac.in,CSE,2024,4,4.74,At Risk,3,True
S07872,Sneha Hegde,sneha.hegde25@college.ac.in,MECH,2022,8,5.72,Average,6,True
S07873,Rishita Bhat,rishita.bhat52@college.ac.in,MECH,2023,6,6.88,Average,0,False
S07874,Swati Singh,swati.singh94@college.ac.in,CSE,2025,2,6.32,Average,2,True
S07875,Menon Yadav,menon.yadav43@college.ac.in,ECE,2024,4,7.4,Good,1,False
S07876,Dinesh Khan,dinesh.khan74@college.ac.in,CSE,2022,8,7.83,Good,0,False
S07877,Aman Singh,aman.singh97@college.ac.in,MECH,2022,8,6.86,Average,3,True
S07878,Vikram Velayudhan,vikram.velayudhan14@college.ac.in,MECH,2022,8,6.28,Average,1,False
S07879,Praveen Karunakaran,praveen.karunakaran81@college.ac.in,AIML,2025,2,7.66,Good,0,False
S07880,Pooja Menon,pooja.menon38@college.ac.in,AIML,2024,4,7.18,Good,0,False
S07881,Neha Pandey,neha.pandey32@college.ac.in,CSE,2024,4,5.16,At Risk,5,True
S07882,Amina Pillai,amina.pillai70@college.ac.in,ECE,2022,8,7.24,Good,0,False
S07883,Arun Khan,arun.khan96@college.ac.in,MECH,2025,2,4.67,At Risk,6,True
S07884,Imran Rao,imran.rao84@college.ac.in,CSE,2023,6,7.37,Good,0,False
S07885,Surya Verma,surya.verma78@college.ac.in,ECE,2024,4,4.46,At Risk,5,True
S07886,Keerthi Siddiqui,keerthi.siddiqui81@college.ac.in,CSE,2024,4,5.69,Average,2,True
S07887,Rajan Arumugam,rajan.arumugam42@college.ac.in,ECE,2025,2,5.26,At Risk,4,False
S07888,Ravi Velayudhan,ravi.velayudhan67@college.ac.in,CSE,2023,6,7.42,Good,0,False
S07889,Ramya Singh,ramya.singh70@college.ac.in,MECH,2023,6,7.03,Good,0,False
S07890,Naveen Natarajan,naveen.natarajan49@college.ac.in,MECH,2024,4,6.71,Average,0,False
S07891,Swathi Dubey,swathi.dubey29@college.ac.in,MECH,2022,8,4.99,At Risk,5,True
S07892,Amit Murthy,amit.murthy39@college.ac.in,MECH,2022,8,5.38,At Risk,4,False
S07893,Ankit Das,ankit.das98@college.ac.in,MECH,2023,6,5.38,At Risk,5,False
S07894,Junaid Shetty,junaid.shetty37@college.ac.in,AIML,2024,4,4.8,At Risk,6,True
S07895,Naveen Murugan,naveen.murugan67@college.ac.in,CSE,2023,6,7.56,Good,0,False
S07896,Praveen Varma,praveen.varma40@college.ac.in,ECE,2024,4,7.83,Good,0,False
S07897,Prerna Prasad,prerna.prasad86@college.ac.in,AIML,2023,6,6.24,Average,0,False
S07898,Mansi Velayudhan,mansi.velayudhan26@college.ac.in,CSE,2023,5,7.39,Good,0,False
S07899,Rishita Iyengar,rishita.iyengar69@college.ac.in,ECE,2023,6,5.49,At Risk,5,True
S07900,Pooja Iyer,pooja.iyer67@college.ac.in,ECE,2022,8,5.43,At Risk,3,True
S07901,Ananya Warrier,ananya.warrier83@college.ac.in,AIML,2025,2,6.61,Average,1,True
S07902,Faisal Patil,faisal.patil32@college.ac.in,ECE,2025,2,8.22,Good,0,False
S07903,Sachin Mishra,sachin.mishra72@college.ac.in,CSE,2023,6,7.38,Good,0,False
S07904,Zubair Gupta,zubair.gupta25@college.ac.in,AIML,2024,3,6.63,Average,0,False
S07905,Shahid Pandey,shahid.pandey88@college.ac.in,CSE,2023,6,7.88,Good,0,False
S07906,Ramya Naidu,ramya.naidu40@college.ac.in,AIML,2022,8,8.07,Good,0,False
S07907,Aman Naidu,aman.naidu38@college.ac.in,MECH,2024,4,4.95,At Risk,6,False
S07908,Junaid Siddiqui,junaid.siddiqui90@college.ac.in,AIML,2024,4,7.07,Good,0,False
S07909,Adil Babu,adil.babu23@college.ac.in,ECE,2025,2,7.68,Good,0,False
S07910,Aman Rao,aman.rao11@college.ac.in,MECH,2025,2,6.68,Average,0,False
S07911,Akash Nambiar,akash.nambiar91@college.ac.in,MECH,2024,4,3.94,At Risk,1,True
S07912,Bilal Verma,bilal.verma11@college.ac.in,MECH,2025,2,7.31,Good,0,False
S07913,Arun Kamath,arun.kamath41@college.ac.in,CSE,2025,2,5.69,Average,1,False
S07914,Pallavi Singh,pallavi.singh85@college.ac.in,ECE,2023,6,7.33,Good,0,False
S07915,Ananya Iyer,ananya.iyer78@college.ac.in,MECH,2023,6,6.26,Average,0,False
S07916,Sana Rao,sana.rao11@college.ac.in,ECE,2024,4,4.78,At Risk,6,True
S07917,Shubham Chetty,shubham.chetty20@college.ac.in,CSE,2024,4,8.52,Excellent,0,False
S07918,Siddharth Arumugam,siddharth.arumugam80@college.ac.in,ECE,2024,3,5.83,Average,1,False
S07919,Arun Khan,arun.khan40@college.ac.in,CSE,2023,6,6.98,Average,0,False
S07920,Imran Shah,imran.shah65@college.ac.in,MECH,2025,2,7.59,Good,0,False
S07921,Menon Selvam,menon.selvam47@college.ac.in,AIML,2024,4,6.04,Average,0,False
S07922,Deepak Patil,deepak.patil17@college.ac.in,MECH,2024,4,4.86,At Risk,1,True
S07923,Mansi Yadav,mansi.yadav26@college.ac.in,ECE,2025,2,6.53,Average,0,False
S07924,Ankita Verma,ankita.verma28@college.ac.in,ECE,2025,2,4.92,At Risk,2,True
S07925,Amit Rao,amit.rao95@college.ac.in,CSE,2024,4,6.35,Average,4,False
S07926,Harikrishna Arumugam,harikrishna.arumugam16@college.ac.in,ECE,2023,6,6.61,Average,0,False
S07927,Ajith Rao,ajith.rao28@college.ac.in,MECH,2023,6,7.17,Good,0,False
S07928,Keerthi Shetty,keerthi.shetty91@college.ac.in,CSE,2023,6,7.24,Good,0,False
S07929,Rohit Rajan,rohit.rajan60@college.ac.in,MECH,2023,6,6.4,Average,0,False
S07930,Sreejith Subramaniam,sreejith.subramaniam72@college.ac.in,ECE,2024,4,7.58,Good,0,False
S07931,Dinesh Pillai,dinesh.pillai39@college.ac.in,CSE,2023,5,7.46,Good,0,False
S07932,Faisal Chetty,faisal.chetty26@college.ac.in,ECE,2025,2,5.99,Average,3,True
S07933,Nisha Rao,nisha.rao40@college.ac.in,ECE,2024,4,6.24,Average,0,False
S07934,Syed Patil,syed.patil88@college.ac.in,CSE,2023,6,6.66,Average,0,False
S07935,Suresh Siddiqui,suresh.siddiqui48@college.ac.in,AIML,2024,4,5.71,Average,3,True
S07936,Muralidhar Hussain,muralidhar.hussain97@college.ac.in,CSE,2023,6,7.7,Good,0,False
S07937,Priya Mirza,priya.mirza30@college.ac.in,ECE,2025,2,5.78,Average,3,True
S07938,Neha Krishnan,neha.krishnan88@college.ac.in,MECH,2022,8,6.18,Average,2,False
S07939,Vijay Reddy,vijay.reddy80@college.ac.in,CSE,2023,6,6.4,Average,6,True
S07940,Arjun Gopalakrishnan,arjun.gopalakrishnan86@college.ac.in,CSE,2024,4,5.28,At Risk,3,False
S07941,Babu Hussain,babu.hussain83@college.ac.in,CSE,2023,6,7.45,Good,0,False
S07942,Siddharth Murthy,siddharth.murthy49@college.ac.in,CSE,2023,6,6.74,Average,5,False
S07943,Jithin Bhat,jithin.bhat19@college.ac.in,AIML,2025,2,7.51,Good,0,False
S07944,Zainab Selvam,zainab.selvam41@college.ac.in,MECH,2022,8,7.28,Good,0,False
S07945,Vishnu Desai,vishnu.desai68@college.ac.in,MECH,2023,6,7.52,Good,0,False
S07946,Mansi Nambiar,mansi.nambiar33@college.ac.in,CSE,2024,4,5.42,At Risk,6,True
S07947,Vishnu Selvam,vishnu.selvam27@college.ac.in,MECH,2025,2,4.3,At Risk,2,False
S07948,Pallavi Selvam,pallavi.selvam13@college.ac.in,ECE,2024,4,6.51,Average,2,False
S07949,Pooja Kamath,pooja.kamath98@college.ac.in,MECH,2024,4,6.37,Average,3,False
S07950,Shubham Chauhan,shubham.chauhan54@college.ac.in,ECE,2024,4,7.06,Good,0,False
S07951,Ganesh Hegde,ganesh.hegde55@college.ac.in,ECE,2025,2,6.94,Average,3,True
S07952,Prerna Arumugam,prerna.arumugam75@college.ac.in,AIML,2024,4,5.98,Average,2,True
S07953,Shreya Dubey,shreya.dubey77@college.ac.in,CSE,2025,2,7.99,Good,0,False
S07954,Faisal Iyer,faisal.iyer75@college.ac.in,AIML,2024,4,7.06,Good,0,False
S07955,Suresh Kamath,suresh.kamath17@college.ac.in,ECE,2024,4,6.55,Average,0,False
S07956,Rishita Patel,rishita.patel99@college.ac.in,MECH,2025,2,7.05,Good,0,False
S07957,Hiba Yadav,hiba.yadav67@college.ac.in,MECH,2025,2,6.11,Average,5,False
S07958,Pillai Natarajan,pillai.natarajan98@college.ac.in,AIML,2025,2,5.44,At Risk,3,True
S07959,Pooja Rao,pooja.rao85@college.ac.in,MECH,2023,6,4.37,At Risk,6,True
S07960,Pallavi Krishnan,pallavi.krishnan25@college.ac.in,CSE,2025,2,8.57,Excellent,0,False
S07961,Ganesh Venkataraman,ganesh.venkataraman38@college.ac.in,AIML,2023,6,5.32,At Risk,5,True
S07962,Mansi Rao,mansi.rao37@college.ac.in,AIML,2022,8,8.19,Good,0,False
S07963,Ayesha Subramaniam,ayesha.subramaniam87@college.ac.in,ECE,2025,2,6.28,Average,6,True
S07964,Sachin Mehta,sachin.mehta82@college.ac.in,CSE,2023,6,6.62,Average,1,True
S07965,Anjali Desai,anjali.desai83@college.ac.in,ECE,2023,6,7.0,Good,0,False
S07966,Shreya Singh,shreya.singh87@college.ac.in,MECH,2024,3,6.67,Average,0,False
S07967,Rajesh Verma,rajesh.verma58@college.ac.in,AIML,2025,2,7.12,Good,4,False
S07968,Mansi Prasad,mansi.prasad12@college.ac.in,ECE,2024,4,6.13,Average,0,False
S07969,Gaurav Sharma,gaurav.sharma90@college.ac.in,CSE,2024,3,6.29,Average,5,False
S07970,Abhijith Chauhan,abhijith.chauhan14@college.ac.in,CSE,2024,4,6.5,Average,4,False
S07971,Logesh Kumar,logesh.kumar64@college.ac.in,AIML,2025,2,7.53,Good,0,False
S07972,Avinash Pandey,avinash.pandey85@college.ac.in,MECH,2023,6,5.9,Average,0,False
S07973,Sanjay Mehta,sanjay.mehta78@college.ac.in,AIML,2022,8,6.06,Average,0,False
S07974,Suresh Patil,suresh.patil29@college.ac.in,ECE,2024,4,6.89,Average,0,False
S07975,Simran Prasad,simran.prasad35@college.ac.in,AIML,2025,2,7.53,Good,0,False
S07976,Sreejith Krishnan,sreejith.krishnan71@college.ac.in,AIML,2024,4,6.35,Average,0,False
S07977,Manoj Pillai,manoj.pillai25@college.ac.in,AIML,2024,4,6.36,Average,3,True
S07978,Pallavi Venkataraman,pallavi.venkataraman74@college.ac.in,MECH,2024,4,4.98,At Risk,4,False
S07979,Ganesh Namboothiri,ganesh.namboothiri88@college.ac.in,CSE,2025,2,6.97,Average,3,False
S07980,Krishnan Das,krishnan.das64@college.ac.in,AIML,2023,6,6.46,Average,2,True
S07981,Pooja Patel,pooja.patel35@college.ac.in,CSE,2025,2,6.35,Average,3,False
S07982,Deepak Yadav,deepak.yadav61@college.ac.in,CSE,2024,4,7.35,Good,0,False
S07983,Nadia Patel,nadia.patel19@college.ac.in,AIML,2024,4,6.75,Average,5,False
S07984,Arun Venkataraman,arun.venkataraman23@college.ac.in,MECH,2023,6,7.71,Good,0,False
S07985,Zubair Qureshi,zubair.qureshi80@college.ac.in,ECE,2023,6,5.41,At Risk,4,True
S07986,Menon Sharma,menon.sharma23@college.ac.in,MECH,2022,8,7.59,Good,0,False
S07987,Nithish Rao,nithish.rao98@college.ac.in,ECE,2024,4,8.12,Good,0,False
S07988,Harish Joshi,harish.joshi28@college.ac.in,AIML,2023,6,6.02,Average,0,False
S07989,Varun Murthy,varun.murthy45@college.ac.in,AIML,2022,8,7.04,Good,0,False
S07990,Arun Kulkarni,arun.kulkarni80@college.ac.in,AIML,2023,6,7.89,Good,0,False
S07991,Sathish Iyengar,sathish.iyengar14@college.ac.in,CSE,2023,6,7.15,Good,0,False
S07992,Sonal Kamath,sonal.kamath91@college.ac.in,MECH,2025,2,8.52,Excellent,0,False
S07993,Swati Murthy,swati.murthy85@college.ac.in,CSE,2022,8,7.17,Good,0,False
S07994,Ayesha Rajan,ayesha.rajan21@college.ac.in,MECH,2022,8,5.27,At Risk,1,True
S07995,Usman Das,usman.das120@college.ac.in,ECE,2022,8,7.47,Good,0,False
S07996,Dhanush Rajan,dhanush.rajan48@college.ac.in,ECE,2024,4,7.26,Good,0,False
S07997,Nithish Malik,nithish.malik23@college.ac.in,ECE,2025,2,7.2,Good,0,False
S07998,Shahid Varma,shahid.varma22@college.ac.in,CSE,2024,4,6.84,Average,2,True
S07999,Siddharth Siddiqui,siddharth.siddiqui41@college.ac.in,CSE,2024,3,7.02,Good,0,False
S08000,Dhanush Kumar,dhanush.kumar43@college.ac.in,MECH,2022,8,5.89,Average,3,True
S08001,Swati Siddiqui,swati.siddiqui37@college.ac.in,AIML,2023,5,7.68,Good,0,False
S08002,Vikram Krishnan,vikram.krishnan72@college.ac.in,MECH,2025,2,7.19,Good,0,False
S08003,Nair Verma,nair.verma73@college.ac.in,MECH,2025,2,5.77,Average,3,True
S08004,Aamir Kumar,aamir.kumar52@college.ac.in,CSE,2024,3,7.45,Good,0,False
S08005,Irfan Das,irfan.das34@college.ac.in,MECH,2024,4,5.81,Average,2,True
S08006,Ankita Namboothiri,ankita.namboothiri38@college.ac.in,AIML,2024,4,8.09,Good,0,False
S08007,Sathish Siddiqui,sathish.siddiqui87@college.ac.in,CSE,2024,4,6.49,Average,2,True
S08008,Karthik Hussain,karthik.hussain33@college.ac.in,CSE,2024,3,4.92,At Risk,5,True
S08009,Ananya Mirza,ananya.mirza65@college.ac.in,CSE,2024,4,7.0,Good,5,False
S08010,Muralidhar Mehta,muralidhar.mehta28@college.ac.in,MECH,2023,6,5.03,At Risk,5,True
S08011,Pooja Karunakaran,pooja.karunakaran76@college.ac.in,AIML,2022,8,6.53,Average,0,False
S08012,Bilal Khan,bilal.khan59@college.ac.in,MECH,2023,6,6.56,Average,1,True
S08013,Aamir Menon,aamir.menon28@college.ac.in,CSE,2024,4,5.73,Average,4,False
S08014,Shahid Das,shahid.das37@college.ac.in,AIML,2023,5,6.9,Average,0,False
S08015,Imran Singh,imran.singh29@college.ac.in,AIML,2024,4,5.75,Average,3,False
S08016,Salman Nambiar,salman.nambiar80@college.ac.in,MECH,2025,2,6.91,Average,0,False
S08017,Hiba Desai,hiba.desai26@college.ac.in,CSE,2024,4,7.85,Good,0,False
S08018,Nisha Shah,nisha.shah62@college.ac.in,CSE,2024,4,8.46,Good,0,False
S08019,Shahid Iyer,shahid.iyer89@college.ac.in,AIML,2024,4,6.71,Average,0,False
S08020,Sathish Rajan,sathish.rajan92@college.ac.in,ECE,2025,2,6.98,Average,0,False
S08021,Asif Nair,asif.nair65@college.ac.in,MECH,2024,4,4.67,At Risk,3,True
S08022,Hiba Mirza,hiba.mirza77@college.ac.in,ECE,2024,4,7.19,Good,0,False
S08023,Nithish Ansari,nithish.ansari80@college.ac.in,ECE,2025,2,5.07,At Risk,2,True
S08024,Priya Chauhan,priya.chauhan18@college.ac.in,CSE,2023,6,8.39,Good,0,False
S08025,Rishita Velayudhan,rishita.velayudhan31@college.ac.in,MECH,2023,6,7.61,Good,0,False
S08026,Sneha Iyengar,sneha.iyengar30@college.ac.in,AIML,2024,3,7.5,Good,0,False
S08027,Vivek Qureshi,vivek.qureshi76@college.ac.in,CSE,2022,8,5.41,At Risk,4,False
S08028,Rohit Das,rohit.das36@college.ac.in,CSE,2024,4,7.28,Good,2,False
S08029,Asif Iyengar,asif.iyengar93@college.ac.in,ECE,2024,4,5.03,At Risk,4,True
S08030,Sonal Sharma,sonal.sharma23@college.ac.in,CSE,2024,3,6.07,Average,4,True
S08031,Deepak Chetty,deepak.chetty75@college.ac.in,AIML,2024,4,4.91,At Risk,5,True
S08032,Harikrishna Shah,harikrishna.shah21@college.ac.in,CSE,2025,2,7.12,Good,5,False
S08033,Fatima Mehta,fatima.mehta46@college.ac.in,MECH,2024,4,5.5,Average,1,True
S08034,Bilal Reddy,bilal.reddy93@college.ac.in,CSE,2023,6,6.96,Average,0,False
S08035,Amal Gupta,amal.gupta21@college.ac.in,CSE,2023,5,6.18,Average,2,True
S08036,Amina Yadav,amina.yadav90@college.ac.in,AIML,2023,6,5.81,Average,3,True
S08037,Simran Menon,simran.menon40@college.ac.in,ECE,2025,2,8.36,Good,0,False
S08038,Naveen Sheikh,naveen.sheikh38@college.ac.in,MECH,2025,2,6.11,Average,1,False
S08039,Madhan Iyengar,madhan.iyengar42@college.ac.in,ECE,2024,4,6.84,Average,0,False
S08040,Imran Das,imran.das87@college.ac.in,CSE,2023,6,5.75,Average,2,False
S08041,Revathi Joshi,revathi.joshi90@college.ac.in,ECE,2023,6,7.65,Good,0,False
S08042,Harish Hussain,harish.hussain53@college.ac.in,CSE,2022,8,7.23,Good,0,False
S08043,Avinash Namboothiri,avinash.namboothiri34@college.ac.in,MECH,2024,4,6.16,Average,3,True
S08044,Krishnan Patil,krishnan.patil75@college.ac.in,MECH,2023,6,7.23,Good,0,False
S08045,Faisal Chandrasekaran,faisal.chandrasekaran31@college.ac.in,CSE,2023,6,6.95,Average,0,False
S08046,Rizwan Rao,rizwan.rao36@college.ac.in,CSE,2024,4,6.32,Average,0,False
S08047,Aamir Varma,aamir.varma16@college.ac.in,ECE,2024,4,7.39,Good,0,False
S08048,Keerthi Qureshi,keerthi.qureshi23@college.ac.in,AIML,2025,2,6.74,Average,1,True
S08049,Revathi Das,revathi.das79@college.ac.in,MECH,2023,6,6.6,Average,1,False
S08050,Ganesh Joshi,ganesh.joshi79@college.ac.in,MECH,2023,6,7.11,Good,0,False
S08051,Kritika Rajan,kritika.rajan77@college.ac.in,MECH,2025,2,4.61,At Risk,4,True
S08052,Pooja Joshi,pooja.joshi50@college.ac.in,AIML,2025,2,8.28,Good,0,False
S08053,Amal Patil,amal.patil95@college.ac.in,ECE,2023,6,7.23,Good,0,False
S08054,Irfan Arumugam,irfan.arumugam58@college.ac.in,CSE,2024,4,7.0,Good,6,False
S08055,Shubham Karunakaran,shubham.karunakaran70@college.ac.in,CSE,2023,6,5.47,At Risk,5,True
S08056,Sanjay Velayudhan,sanjay.velayudhan42@college.ac.in,MECH,2024,4,5.95,Average,4,True
S08057,Lakshmi Varma,lakshmi.varma37@college.ac.in,AIML,2024,4,5.16,At Risk,3,True
S08058,Ramya Reddy,ramya.reddy68@college.ac.in,CSE,2024,3,5.12,At Risk,5,True
S08059,Ankit Mehta,ankit.mehta89@college.ac.in,ECE,2023,6,7.65,Good,0,False
S08060,Sathish Hegde,sathish.hegde42@college.ac.in,AIML,2022,8,8.01,Good,0,False
S08061,Tarun Chandrasekaran,tarun.chandrasekaran57@college.ac.in,CSE,2023,6,5.0,At Risk,6,False
S08062,Ankit Iyengar,ankit.iyengar69@college.ac.in,CSE,2024,4,6.83,Average,0,False
S08063,Siddharth Patil,siddharth.patil83@college.ac.in,ECE,2025,2,6.2,Average,0,False
S08064,Salman Patil,salman.patil70@college.ac.in,CSE,2023,6,6.28,Average,0,False
S08065,Suresh Tiwari,suresh.tiwari91@college.ac.in,AIML,2022,8,6.56,Average,0,False
S08066,Nadia Rao,nadia.rao80@college.ac.in,MECH,2023,6,4.55,At Risk,4,True
S08067,Amal Verma,amal.verma57@college.ac.in,CSE,2023,5,7.31,Good,0,False
S08068,Nithish Babu,nithish.babu17@college.ac.in,CSE,2024,4,5.34,At Risk,5,True
S08069,Ajith Singh,ajith.singh23@college.ac.in,AIML,2022,8,7.64,Good,0,False
S08070,Ajith Shetty,ajith.shetty38@college.ac.in,MECH,2025,2,6.54,Average,0,False
S08071,Gaurav Kamath,gaurav.kamath59@college.ac.in,MECH,2023,6,6.1,Average,0,False
S08072,Sachin Reddy,sachin.reddy23@college.ac.in,MECH,2023,6,7.78,Good,0,False
S08073,Krishnan Selvam,krishnan.selvam70@college.ac.in,MECH,2024,4,3.85,At Risk,6,True
S08074,Siddharth Patil,siddharth.patil52@college.ac.in,CSE,2023,6,6.22,Average,3,True
S08075,Pooja Venkataraman,pooja.venkataraman79@college.ac.in,ECE,2024,4,6.11,Average,0,False
S08076,Asif Das,asif.das99@college.ac.in,ECE,2024,3,5.53,Average,2,True
S08077,Arun Siddiqui,arun.siddiqui13@college.ac.in,CSE,2022,8,7.58,Good,0,False
S08078,Karthik Tiwari,karthik.tiwari32@college.ac.in,CSE,2022,8,6.67,Average,0,False
S08079,Varun Rao,varun.rao38@college.ac.in,CSE,2022,8,8.27,Good,0,False
S08080,Vignesh Mirza,vignesh.mirza47@college.ac.in,AIML,2025,2,5.19,At Risk,5,True
S08081,Siddharth Das,siddharth.das33@college.ac.in,ECE,2023,6,6.87,Average,0,False
S08082,Amal Velayudhan,amal.velayudhan27@college.ac.in,MECH,2023,6,5.87,Average,3,True
S08083,Riya Pillai,riya.pillai48@college.ac.in,CSE,2024,4,6.84,Average,0,False
S08084,Sanjay Qureshi,sanjay.qureshi51@college.ac.in,MECH,2022,8,6.78,Average,0,False
S08085,Swathi Mishra,swathi.mishra40@college.ac.in,AIML,2022,8,6.05,Average,0,False
S08086,Gaurav Mehta,gaurav.mehta57@college.ac.in,AIML,2024,4,5.27,At Risk,2,True
S08087,Rajesh Chetty,rajesh.chetty84@college.ac.in,ECE,2023,6,5.77,Average,6,True
S08088,Usman Nair,usman.nair46@college.ac.in,ECE,2025,2,7.59,Good,0,False
S08089,Sneha Mehta,sneha.mehta86@college.ac.in,AIML,2023,5,7.48,Good,0,False
S08090,Nair Chandrasekaran,nair.chandrasekaran37@college.ac.in,ECE,2023,6,5.73,Average,3,True
S08091,Keerthi Siddiqui,keerthi.siddiqui53@college.ac.in,ECE,2025,2,8.12,Good,0,False
S08092,Prithviraj Subramaniam,prithviraj.subramaniam70@college.ac.in,MECH,2025,2,5.31,At Risk,5,True
S08093,Zainab Shetty,zainab.shetty91@college.ac.in,ECE,2023,6,7.3,Good,0,False
S08094,Deepak Natarajan,deepak.natarajan15@college.ac.in,ECE,2023,6,5.31,At Risk,2,True
S08095,Harish Qureshi,harish.qureshi78@college.ac.in,ECE,2022,8,5.62,Average,3,True
S08096,Arun Patil,arun.patil22@college.ac.in,ECE,2025,2,8.05,Good,0,False
S08097,Salman Murugan,salman.murugan22@college.ac.in,ECE,2022,8,5.74,Average,4,True
S08098,Muralidhar Babu,muralidhar.babu73@college.ac.in,ECE,2022,8,7.39,Good,0,False
S08099,Syed Hussain,syed.hussain76@college.ac.in,CSE,2024,4,6.64,Average,0,False
S08100,Ajith Tiwari,ajith.tiwari18@college.ac.in,ECE,2023,5,7.37,Good,0,False
S08101,Nisha Patil,nisha.patil92@college.ac.in,MECH,2025,2,6.47,Average,0,False
S08102,Arjun Babu,arjun.babu18@college.ac.in,MECH,2024,4,6.39,Average,0,False
S08103,Sachin Menon,sachin.menon87@college.ac.in,CSE,2023,6,5.94,Average,3,True
S08104,Surya Bhat,surya.bhat13@college.ac.in,CSE,2024,4,6.63,Average,0,False
S08105,Siddharth Chandrasekaran,siddharth.chandrasekaran48@college.ac.in,AIML,2024,4,8.19,Good,0,False
S08106,Surya Desai,surya.desai88@college.ac.in,AIML,2023,6,6.66,Average,0,False
S08107,Karthik Natarajan,karthik.natarajan18@college.ac.in,MECH,2023,6,5.29,At Risk,6,False
S08108,Syed Tiwari,syed.tiwari38@college.ac.in,CSE,2024,3,5.07,At Risk,2,True
S08109,Aditi Chandrasekaran,aditi.chandrasekaran58@college.ac.in,ECE,2022,8,6.59,Average,0,False
S08110,Abhijith Babu,abhijith.babu27@college.ac.in,CSE,2023,6,5.65,Average,1,True
S08111,Kritika Joshi,kritika.joshi43@college.ac.in,CSE,2024,4,5.96,Average,3,True
S08112,Anjali Prasad,anjali.prasad61@college.ac.in,ECE,2023,6,6.11,Average,0,False
S08113,Shahid Hegde,shahid.hegde81@college.ac.in,MECH,2022,8,4.75,At Risk,4,False
S08114,Meena Naidu,meena.naidu43@college.ac.in,CSE,2024,4,8.2,Good,0,False
S08115,Deepak Patel,deepak.patel53@college.ac.in,CSE,2024,4,7.14,Good,0,False
S08116,Shreya Selvam,shreya.selvam86@college.ac.in,CSE,2022,8,7.56,Good,0,False
S08117,Prithviraj Prasad,prithviraj.prasad69@college.ac.in,ECE,2023,6,5.7,Average,6,True
S08118,Shubham Ansari,shubham.ansari78@college.ac.in,CSE,2022,8,6.91,Average,0,False
S08119,Akash Qureshi,akash.qureshi64@college.ac.in,ECE,2023,6,7.36,Good,0,False
S08120,Sathish Babu,sathish.babu60@college.ac.in,ECE,2023,6,6.82,Average,0,False
S08121,Keerthi Shah,keerthi.shah41@college.ac.in,AIML,2024,4,6.0,Average,4,False
S08122,Ayesha Pandey,ayesha.pandey75@college.ac.in,ECE,2023,6,7.26,Good,0,False
S08123,Ankit Warrier,ankit.warrier13@college.ac.in,AIML,2024,4,7.56,Good,0,False
S08124,Aman Siddiqui,aman.siddiqui43@college.ac.in,CSE,2023,6,7.61,Good,0,False
S08125,Pallavi Das,pallavi.das24@college.ac.in,CSE,2025,2,6.83,Average,0,False
S08126,Rajesh Tiwari,rajesh.tiwari89@college.ac.in,ECE,2022,8,6.74,Average,0,False
S08127,Nikhil Prasad,nikhil.prasad87@college.ac.in,AIML,2023,6,7.52,Good,0,False
S08128,Rishita Kamath,rishita.kamath80@college.ac.in,ECE,2022,8,6.15,Average,6,False
S08129,Sonal Patel,sonal.patel95@college.ac.in,MECH,2024,4,6.6,Average,0,False
S08130,Sana Rao,sana.rao83@college.ac.in,CSE,2022,8,6.91,Average,0,False
S08131,Swati Verma,swati.verma26@college.ac.in,MECH,2023,6,4.82,At Risk,1,False
S08132,Nisha Shetty,nisha.shetty38@college.ac.in,MECH,2024,3,4.74,At Risk,4,True
S08133,Rajesh Desai,rajesh.desai15@college.ac.in,AIML,2023,6,6.78,Average,0,False
S08134,Naveen Verma,naveen.verma57@college.ac.in,ECE,2024,4,5.65,Average,4,False
S08135,Abhijith Mehta,abhijith.mehta49@college.ac.in,ECE,2024,4,6.64,Average,0,False
S08136,Praveen Patil,praveen.patil90@college.ac.in,MECH,2024,4,5.73,Average,2,False
S08137,Sanjay Yadav,sanjay.yadav97@college.ac.in,CSE,2025,2,7.63,Good,0,False
S08138,Ankita Verma,ankita.verma89@college.ac.in,CSE,2024,4,5.32,At Risk,3,True
S08139,Praveen Naidu,praveen.naidu97@college.ac.in,MECH,2023,6,6.46,Average,0,False
S08140,Pooja Velayudhan,pooja.velayudhan58@college.ac.in,CSE,2023,6,7.62,Good,0,False
S08141,Vivek Chandrasekaran,vivek.chandrasekaran91@college.ac.in,AIML,2025,2,6.68,Average,3,True
S08142,Ayesha Pillai,ayesha.pillai14@college.ac.in,CSE,2022,8,7.7,Good,0,False
S08143,Sana Khan,sana.khan96@college.ac.in,ECE,2023,6,7.4,Good,4,True
S08144,Nithya Gopalakrishnan,nithya.gopalakrishnan50@college.ac.in,CSE,2024,4,7.58,Good,0,False
S08145,Sneha Qureshi,sneha.qureshi84@college.ac.in,MECH,2022,8,6.53,Average,2,False
S08146,Neha Rao,neha.rao77@college.ac.in,MECH,2022,8,5.73,Average,4,False
S08147,Arjun Selvam,arjun.selvam39@college.ac.in,ECE,2025,2,7.3,Good,0,False
S08148,Praveen Joshi,praveen.joshi15@college.ac.in,AIML,2023,6,7.38,Good,0,False
S08149,Kavya Natarajan,kavya.natarajan94@college.ac.in,MECH,2023,6,5.76,Average,4,False
S08150,Ramesh Gopalakrishnan,ramesh.gopalakrishnan64@college.ac.in,ECE,2023,6,6.59,Average,0,False
S08151,Vishnu Reddy,vishnu.reddy23@college.ac.in,ECE,2025,2,7.11,Good,0,False
S08152,Suresh Gopalakrishnan,suresh.gopalakrishnan33@college.ac.in,ECE,2022,8,5.79,Average,2,True
S08153,Aamir Prasad,aamir.prasad17@college.ac.in,CSE,2022,8,6.93,Average,4,False
S08154,Logesh Nair,logesh.nair58@college.ac.in,MECH,2023,6,7.25,Good,0,False
S08155,Ganesh Dubey,ganesh.dubey61@college.ac.in,MECH,2025,2,6.02,Average,2,False
S08156,Abhijith Venkataraman,abhijith.venkataraman13@college.ac.in,CSE,2025,2,6.5,Average,6,False
S08157,Syed Prasad,syed.prasad25@college.ac.in,MECH,2023,6,4.79,At Risk,4,True
S08158,Ananya Kulkarni,ananya.kulkarni88@college.ac.in,ECE,2023,5,6.79,Average,2,False
S08159,Pallavi Sharma,pallavi.sharma95@college.ac.in,MECH,2023,6,6.31,Average,3,True
S08160,Mohammed Malik,mohammed.malik91@college.ac.in,AIML,2025,2,6.84,Average,0,False
S08161,Ravi Velayudhan,ravi.velayudhan84@college.ac.in,MECH,2023,6,6.85,Average,5,False
S08162,Pillai Hussain,pillai.hussain88@college.ac.in,AIML,2022,8,6.17,Average,0,False
S08163,Aishwarya Yadav,aishwarya.yadav80@college.ac.in,AIML,2024,4,7.03,Good,4,False
S08164,Piyush Khan,piyush.khan48@college.ac.in,MECH,2022,8,6.07,Average,2,True
S08165,Akash Iyengar,akash.iyengar627@college.ac.in,CSE,2023,6,6.96,Average,0,False
S08166,Amina Naidu,amina.naidu57@college.ac.in,AIML,2024,4,7.57,Good,0,False
S08167,Ravi Desai,ravi.desai67@college.ac.in,CSE,2024,4,8.08,Good,0,False
S08168,Aamir Mehta,aamir.mehta96@college.ac.in,ECE,2025,2,8.72,Excellent,0,False
S08169,Rajesh Mehta,rajesh.mehta72@college.ac.in,CSE,2023,6,7.79,Good,3,False
S08170,Naveen Subramaniam,naveen.subramaniam68@college.ac.in,MECH,2024,4,5.92,Average,2,True
S08171,Nithish Shah,nithish.shah64@college.ac.in,AIML,2022,8,7.14,Good,5,False
S08172,Sana Namboothiri,sana.namboothiri83@college.ac.in,AIML,2025,2,5.47,At Risk,2,True
S08173,Pooja Pandey,pooja.pandey79@college.ac.in,AIML,2025,2,6.64,Average,4,False
S08174,Shreya Prasad,shreya.prasad78@college.ac.in,ECE,2024,3,7.47,Good,0,False
S08175,Kavya Mishra,kavya.mishra45@college.ac.in,CSE,2023,6,7.33,Good,0,False
S08176,Sreejith Venkataraman,sreejith.venkataraman80@college.ac.in,AIML,2023,6,8.05,Good,0,False
S08177,Varun Mirza,varun.mirza26@college.ac.in,CSE,2024,4,6.74,Average,6,True
S08178,Nikhil Sheikh,nikhil.sheikh65@college.ac.in,CSE,2025,2,8.25,Good,0,False
S08179,Faisal Nair,faisal.nair79@college.ac.in,ECE,2023,6,7.22,Good,0,False
S08180,Priya Chauhan,priya.chauhan88@college.ac.in,AIML,2024,3,7.55,Good,0,False
S08181,Abhijith Babu,abhijith.babu95@college.ac.in,CSE,2023,6,7.31,Good,0,False
S08182,Ganesh Chetty,ganesh.chetty69@college.ac.in,CSE,2022,8,6.9,Average,1,False
S08183,Bilal Gupta,bilal.gupta12@college.ac.in,ECE,2022,8,7.76,Good,0,False
S08184,Vikram Pandey,vikram.pandey95@college.ac.in,AIML,2022,8,7.64,Good,0,False
S08185,Sneha Kamath,sneha.kamath27@college.ac.in,CSE,2023,6,7.1,Good,0,False
S08186,Ganesh Reddy,ganesh.reddy809@college.ac.in,ECE,2023,5,6.78,Average,0,False
S08187,Muralidhar Prasad,muralidhar.prasad38@college.ac.in,CSE,2023,6,7.8,Good,0,False
S08188,Aditi Rao,aditi.rao97@college.ac.in,ECE,2022,8,7.0,Good,0,False
S08189,Rajesh Patel,rajesh.patel23@college.ac.in,AIML,2023,6,7.85,Good,0,False
S08190,Nithya Pillai,nithya.pillai49@college.ac.in,MECH,2022,8,7.56,Good,0,False
S08191,Ganesh Babu,ganesh.babu34@college.ac.in,CSE,2023,6,6.75,Average,0,False
S08192,Ravi Desai,ravi.desai17@college.ac.in,MECH,2022,8,6.42,Average,1,False
S08193,Ayesha Varma,ayesha.varma77@college.ac.in,MECH,2025,2,5.23,At Risk,5,True
S08194,Syed Naidu,syed.naidu12@college.ac.in,CSE,2023,6,6.4,Average,0,False
S08195,Zubair Bhat,zubair.bhat33@college.ac.in,MECH,2025,2,7.05,Good,0,False
S08196,Ajith Gupta,ajith.gupta79@college.ac.in,ECE,2024,4,7.13,Good,0,False
S08197,Asif Pillai,asif.pillai66@college.ac.in,CSE,2024,4,6.2,Average,3,True
S08198,Neha Menon,neha.menon75@college.ac.in,CSE,2024,4,5.65,Average,2,True
S08199,Swathi Subramaniam,swathi.subramaniam99@college.ac.in,CSE,2023,6,6.77,Average,0,False
S08200,Suresh Bhat,suresh.bhat43@college.ac.in,AIML,2024,3,6.33,Average,0,False
S08201,Rajan Shetty,rajan.shetty59@college.ac.in,ECE,2023,6,7.61,Good,0,False
S08202,Sneha Das,sneha.das31@college.ac.in,ECE,2025,2,7.04,Good,0,False
S08203,Harikrishna Kulkarni,harikrishna.kulkarni27@college.ac.in,ECE,2023,5,7.69,Good,0,False
S08204,Dinesh Kumar,dinesh.kumar18@college.ac.in,MECH,2024,4,6.44,Average,0,False
S08205,Swati Murthy,swati.murthy50@college.ac.in,CSE,2025,2,7.72,Good,0,False
S08206,Sachin Warrier,sachin.warrier36@college.ac.in,CSE,2023,6,7.68,Good,1,False
S08207,Hiba Prasad,hiba.prasad34@college.ac.in,ECE,2022,8,6.59,Average,0,False
S08208,Rajesh Gopalakrishnan,rajesh.gopalakrishnan47@college.ac.in,AIML,2022,8,7.31,Good,0,False
S08209,Adil Kulkarni,adil.kulkarni77@college.ac.in,MECH,2025,2,6.8,Average,0,False
S08210,Naveen Babu,naveen.babu71@college.ac.in,CSE,2024,4,5.91,Average,2,False
S08211,Athul Naidu,athul.naidu63@college.ac.in,CSE,2024,3,6.05,Average,2,False
S08212,Sachin Mirza,sachin.mirza11@college.ac.in,MECH,2024,3,4.15,At Risk,2,False
S08213,Bilal Reddy,bilal.reddy59@college.ac.in,ECE,2025,2,7.05,Good,0,False
S08214,Avinash Siddiqui,avinash.siddiqui10@college.ac.in,MECH,2025,2,6.28,Average,3,True
S08215,Hiba Selvam,hiba.selvam64@college.ac.in,CSE,2024,4,7.51,Good,0,False
S08216,Akash Rajan,akash.rajan45@college.ac.in,AIML,2025,2,7.09,Good,0,False
S08217,Aditi Hussain,aditi.hussain97@college.ac.in,CSE,2022,8,7.9,Good,0,False
S08218,Pooja Dubey,pooja.dubey719@college.ac.in,AIML,2025,2,5.27,At Risk,5,True
S08219,Pooja Reddy,pooja.reddy31@college.ac.in,AIML,2023,6,6.3,Average,2,True
S08220,Anjali Venkataraman,anjali.venkataraman27@college.ac.in,MECH,2023,6,7.41,Good,0,False
S08221,Arun Nambiar,arun.nambiar29@college.ac.in,MECH,2025,2,7.34,Good,5,False
S08222,Mansi Subramaniam,mansi.subramaniam22@college.ac.in,ECE,2023,5,5.66,Average,3,True
S08223,Nadia Gupta,nadia.gupta93@college.ac.in,CSE,2022,8,7.37,Good,0,False
S08224,Rahul Selvam,rahul.selvam64@college.ac.in,ECE,2022,8,7.7,Good,0,False
S08225,Revathi Reddy,revathi.reddy32@college.ac.in,ECE,2024,4,6.82,Average,0,False
S08226,Pallavi Namboothiri,pallavi.namboothiri19@college.ac.in,ECE,2023,6,5.89,Average,5,True
S08227,Sanjay Rajan,sanjay.rajan52@college.ac.in,CSE,2023,6,4.86,At Risk,4,False
S08228,Amal Malik,amal.malik81@college.ac.in,ECE,2023,6,5.73,Average,2,True
S08229,Fatima Das,fatima.das55@college.ac.in,CSE,2024,3,6.92,Average,0,False
S08230,Sanjay Khan,sanjay.khan50@college.ac.in,MECH,2025,2,8.37,Good,0,False
S08231,Mansi Chetty,mansi.chetty81@college.ac.in,CSE,2023,6,5.9,Average,4,False
S08232,Simran Karunakaran,simran.karunakaran48@college.ac.in,MECH,2023,6,5.19,At Risk,6,True
S08233,Akash Mishra,akash.mishra86@college.ac.in,ECE,2023,6,7.11,Good,0,False
S08234,Simran Patil,simran.patil20@college.ac.in,MECH,2023,6,6.42,Average,0,False
S08235,Rajan Natarajan,rajan.natarajan32@college.ac.in,AIML,2022,8,5.52,Average,2,True
S08236,Swati Warrier,swati.warrier54@college.ac.in,CSE,2024,4,6.87,Average,0,False
S08237,Fatima Ansari,fatima.ansari73@college.ac.in,ECE,2024,4,6.53,Average,0,False
S08238,Vikram Nambiar,vikram.nambiar52@college.ac.in,AIML,2023,6,7.93,Good,0,False
S08239,Dhanush Gopalakrishnan,dhanush.gopalakrishnan74@college.ac.in,ECE,2024,4,6.57,Average,0,False
S08240,Pooja Dubey,pooja.dubey23@college.ac.in,CSE,2023,6,7.08,Good,0,False
S08241,Rohit Singh,rohit.singh72@college.ac.in,ECE,2024,3,6.56,Average,5,False
S08242,Vikram Warrier,vikram.warrier21@college.ac.in,ECE,2023,5,5.27,At Risk,5,False
S08243,Athul Khan,athul.khan50@college.ac.in,CSE,2023,6,8.13,Good,0,False
S08244,Ayesha Namboothiri,ayesha.namboothiri88@college.ac.in,CSE,2023,6,7.44,Good,0,False
S08245,Muralidhar Siddiqui,muralidhar.siddiqui27@college.ac.in,ECE,2022,8,6.53,Average,0,False
S08246,Sachin Chandrasekaran,sachin.chandrasekaran85@college.ac.in,ECE,2024,3,7.28,Good,0,False
S08247,Salman Yadav,salman.yadav24@college.ac.in,CSE,2025,2,7.54,Good,0,False
S08248,Kavya Tiwari,kavya.tiwari14@college.ac.in,CSE,2023,6,6.62,Average,0,False
S08249,Naveen Singh,naveen.singh88@college.ac.in,ECE,2023,6,5.25,At Risk,4,False
S08250,Babu Menon,babu.menon34@college.ac.in,CSE,2023,6,5.5,Average,6,True
S08251,Farhan Murugan,farhan.murugan99@college.ac.in,ECE,2024,4,6.44,Average,0,False
S08252,Naveen Patil,naveen.patil49@college.ac.in,ECE,2025,2,8.18,Good,0,False
S08253,Anjali Siddiqui,anjali.siddiqui32@college.ac.in,CSE,2025,2,7.92,Good,0,False
S08254,Menon Tiwari,menon.tiwari68@college.ac.in,MECH,2025,2,7.54,Good,0,False
S08255,Faisal Varma,faisal.varma60@college.ac.in,CSE,2024,4,6.75,Average,3,False
S08256,Meena Patel,meena.patel99@college.ac.in,CSE,2023,6,6.7,Average,0,False
S08257,Aishwarya Verma,aishwarya.verma82@college.ac.in,AIML,2022,8,6.65,Average,1,False
S08258,Saranya Hegde,saranya.hegde71@college.ac.in,MECH,2024,4,6.94,Average,0,False
S08259,Swathi Yadav,swathi.yadav41@college.ac.in,MECH,2025,2,7.18,Good,0,False
S08260,Shreya Venkataraman,shreya.venkataraman55@college.ac.in,ECE,2025,2,7.57,Good,0,False
S08261,Naveen Venkataraman,naveen.venkataraman10@college.ac.in,MECH,2025,2,5.28,At Risk,2,True
S08262,Syed Dubey,syed.dubey20@college.ac.in,CSE,2024,3,7.35,Good,0,False
S08263,Junaid Sharma,junaid.sharma10@college.ac.in,ECE,2022,8,8.05,Good,0,False
S08264,Dhanush Karunakaran,dhanush.karunakaran68@college.ac.in,AIML,2022,8,6.25,Average,0,False
S08265,Salman Mishra,salman.mishra95@college.ac.in,CSE,2023,6,6.43,Average,0,False
S08266,Rukhsar Krishnan,rukhsar.krishnan43@college.ac.in,MECH,2023,5,7.38,Good,0,False
S08267,Athul Pandey,athul.pandey39@college.ac.in,AIML,2024,4,7.31,Good,0,False
S08268,Sneha Karunakaran,sneha.karunakaran66@college.ac.in,ECE,2023,5,5.66,Average,3,True
S08269,Rishita Gupta,rishita.gupta21@college.ac.in,AIML,2023,5,6.58,Average,2,True
S08270,Babu Murugan,babu.murugan63@college.ac.in,ECE,2025,2,7.97,Good,4,False
S08271,Athul Das,athul.das47@college.ac.in,CSE,2024,3,7.01,Good,0,False
S08272,Saranya Tiwari,saranya.tiwari34@college.ac.in,CSE,2023,6,6.91,Average,2,False
S08273,Priya Khan,priya.khan76@college.ac.in,ECE,2023,6,5.48,At Risk,4,True
S08274,Faisal Kamath,faisal.kamath30@college.ac.in,MECH,2023,5,5.03,At Risk,5,False
S08275,Menon Bhat,menon.bhat81@college.ac.in,MECH,2023,5,7.22,Good,0,False
S08276,Prithviraj Nair,prithviraj.nair14@college.ac.in,AIML,2024,4,7.29,Good,0,False
S08277,Lakshmi Rajan,lakshmi.rajan42@college.ac.in,ECE,2023,6,5.97,Average,2,False
S08278,Amal Chauhan,amal.chauhan33@college.ac.in,CSE,2023,6,7.04,Good,0,False
S08279,Pillai Desai,pillai.desai81@college.ac.in,CSE,2024,4,6.47,Average,1,False
S08280,Suresh Pandey,suresh.pandey58@college.ac.in,CSE,2024,4,7.02,Good,0,False
S08281,Sachin Chetty,sachin.chetty59@college.ac.in,ECE,2022,8,7.17,Good,0,False
S08282,Sachin Pillai,sachin.pillai37@college.ac.in,ECE,2024,4,5.92,Average,2,True
S08283,Naveen Shetty,naveen.shetty339@college.ac.in,CSE,2024,4,7.38,Good,0,False
S08284,Sonal Namboothiri,sonal.namboothiri32@college.ac.in,AIML,2022,8,7.36,Good,0,False
S08285,Aman Mirza,aman.mirza69@college.ac.in,CSE,2025,2,8.31,Good,0,False
S08286,Hiba Yadav,hiba.yadav65@college.ac.in,ECE,2023,6,6.5,Average,0,False
S08287,Ayesha Gupta,ayesha.gupta56@college.ac.in,CSE,2025,2,6.15,Average,4,False
S08288,Nadia Menon,nadia.menon96@college.ac.in,ECE,2023,5,7.57,Good,0,False
S08289,Amit Varma,amit.varma36@college.ac.in,MECH,2023,5,6.59,Average,0,False
S08290,Asif Kumar,asif.kumar96@college.ac.in,CSE,2023,6,7.61,Good,0,False
S08291,Asif Kumar,asif.kumar20@college.ac.in,ECE,2023,6,8.34,Good,0,False
S08292,Dinesh Kamath,dinesh.kamath60@college.ac.in,ECE,2025,2,7.39,Good,1,False
S08293,Neha Subramaniam,neha.subramaniam40@college.ac.in,CSE,2024,4,7.66,Good,0,False
S08294,Vishnu Mirza,vishnu.mirza87@college.ac.in,AIML,2023,6,8.08,Good,0,False
S08295,Ankit Iyengar,ankit.iyengar92@college.ac.in,CSE,2025,2,7.09,Good,0,False
S08296,Vignesh Patil,vignesh.patil61@college.ac.in,MECH,2023,6,7.53,Good,0,False
S08297,Vignesh Das,vignesh.das77@college.ac.in,MECH,2023,6,6.25,Average,0,False
S08298,Ananya Hegde,ananya.hegde69@college.ac.in,MECH,2022,8,6.89,Average,0,False
S08299,Ayesha Siddiqui,ayesha.siddiqui56@college.ac.in,AIML,2024,4,7.36,Good,0,False
S08300,Mohammed Rao,mohammed.rao80@college.ac.in,AIML,2025,2,6.94,Average,4,False
S08301,Sachin Nambiar,sachin.nambiar72@college.ac.in,ECE,2023,6,8.17,Good,0,False
S08302,Shreya Arumugam,shreya.arumugam98@college.ac.in,CSE,2022,8,6.26,Average,3,True
S08303,Sonal Naidu,sonal.naidu94@college.ac.in,CSE,2023,5,7.56,Good,0,False
S08304,Naveen Sharma,naveen.sharma86@college.ac.in,MECH,2023,6,7.35,Good,0,False
S08305,Divya Siddiqui,divya.siddiqui71@college.ac.in,CSE,2024,4,7.35,Good,0,False
S08306,Nithish Murugan,nithish.murugan76@college.ac.in,CSE,2024,4,8.23,Good,0,False
S08307,Arjun Singh,arjun.singh87@college.ac.in,MECH,2024,4,5.02,At Risk,3,False
S08308,Sonal Gopalakrishnan,sonal.gopalakrishnan86@college.ac.in,AIML,2024,4,7.28,Good,0,False
S08309,Deepak Kulkarni,deepak.kulkarni29@college.ac.in,CSE,2023,6,7.94,Good,0,False
S08310,Lakshmi Gupta,lakshmi.gupta73@college.ac.in,AIML,2022,8,7.29,Good,0,False
S08311,Harikrishna Desai,harikrishna.desai46@college.ac.in,CSE,2025,2,5.69,Average,5,True
S08312,Farhan Iyengar,farhan.iyengar67@college.ac.in,AIML,2024,4,6.05,Average,4,False
S08313,Fatima Singh,fatima.singh65@college.ac.in,AIML,2024,4,6.03,Average,4,True
S08314,Vivek Karunakaran,vivek.karunakaran87@college.ac.in,CSE,2025,2,6.87,Average,0,False
S08315,Prerna Shah,prerna.shah60@college.ac.in,CSE,2023,6,6.83,Average,0,False
S08316,Swati Menon,swati.menon57@college.ac.in,CSE,2022,8,7.82,Good,0,False
S08317,Rajesh Chandrasekaran,rajesh.chandrasekaran58@college.ac.in,AIML,2024,4,5.79,Average,3,True
S08318,Sanjay Malik,sanjay.malik30@college.ac.in,AIML,2024,4,6.59,Average,1,True
S08319,Adil Menon,adil.menon81@college.ac.in,AIML,2024,4,7.66,Good,0,False
S08320,Nisha Siddiqui,nisha.siddiqui22@college.ac.in,AIML,2023,6,6.61,Average,0,False
S08321,Tarun Namboothiri,tarun.namboothiri97@college.ac.in,AIML,2022,8,5.97,Average,5,False
S08322,Gaurav Varma,gaurav.varma30@college.ac.in,CSE,2023,5,7.7,Good,1,False
S08323,Nithish Mirza,nithish.mirza12@college.ac.in,CSE,2022,8,7.36,Good,0,False
S08324,Rizwan Prasad,rizwan.prasad54@college.ac.in,ECE,2024,3,6.8,Average,0,False
S08325,Pooja Verma,pooja.verma32@college.ac.in,CSE,2023,6,8.07,Good,0,False
S08326,Manoj Babu,manoj.babu97@college.ac.in,MECH,2025,2,7.43,Good,0,False
S08327,Tarun Das,tarun.das63@college.ac.in,MECH,2024,3,6.4,Average,0,False
S08328,Aamir Nambiar,aamir.nambiar93@college.ac.in,AIML,2024,4,7.81,Good,0,False
S08329,Nikhil Krishnan,nikhil.krishnan53@college.ac.in,MECH,2024,4,4.04,At Risk,3,True
S08330,Deepak Karunakaran,deepak.karunakaran174@college.ac.in,ECE,2023,5,6.44,Average,1,False
S08331,Abhijith Das,abhijith.das51@college.ac.in,ECE,2022,8,7.69,Good,0,False
S08332,Mohammed Chetty,mohammed.chetty37@college.ac.in,MECH,2023,6,6.31,Average,4,False
S08333,Priya Nair,priya.nair41@college.ac.in,CSE,2025,2,6.55,Average,0,False
S08334,Naveen Shah,naveen.shah61@college.ac.in,ECE,2024,4,6.5,Average,3,False
S08335,Gaurav Prasad,gaurav.prasad73@college.ac.in,MECH,2025,2,7.41,Good,0,False
S08336,Praveen Velayudhan,praveen.velayudhan66@college.ac.in,CSE,2025,2,4.61,At Risk,3,True
S08337,Jithin Ansari,jithin.ansari49@college.ac.in,ECE,2024,4,6.64,Average,0,False
S08338,Aishwarya Chauhan,aishwarya.chauhan10@college.ac.in,CSE,2025,2,8.07,Good,0,False
S08339,Nikhil Iyengar,nikhil.iyengar20@college.ac.in,CSE,2023,6,8.21,Good,0,False
S08340,Rahul Siddiqui,rahul.siddiqui92@college.ac.in,MECH,2024,4,7.99,Good,0,False
S08341,Rajan Chauhan,rajan.chauhan58@college.ac.in,MECH,2023,5,6.89,Average,0,False
S08342,Saranya Krishnan,saranya.krishnan33@college.ac.in,CSE,2024,4,7.42,Good,0,False
S08343,Nair Chauhan,nair.chauhan74@college.ac.in,CSE,2024,4,6.27,Average,0,False
S08344,Pooja Chandrasekaran,pooja.chandrasekaran50@college.ac.in,ECE,2024,4,6.65,Average,0,False
S08345,Suresh Bhat,suresh.bhat99@college.ac.in,AIML,2022,8,7.66,Good,0,False
S08346,Amit Tiwari,amit.tiwari24@college.ac.in,AIML,2024,3,7.57,Good,0,False
S08347,Asif Natarajan,asif.natarajan89@college.ac.in,ECE,2024,4,5.39,At Risk,4,True
S08348,Vikram Natarajan,vikram.natarajan56@college.ac.in,CSE,2024,4,6.62,Average,0,False
S08349,Pallavi Murthy,pallavi.murthy97@college.ac.in,ECE,2023,6,5.94,Average,2,False
S08350,Adil Tiwari,adil.tiwari21@college.ac.in,MECH,2025,2,7.49,Good,0,False
S08351,Pillai Chetty,pillai.chetty89@college.ac.in,MECH,2025,2,4.91,At Risk,4,False
S08352,Simran Arumugam,simran.arumugam65@college.ac.in,MECH,2024,4,5.79,Average,0,False
S08353,Praveen Iyengar,praveen.iyengar78@college.ac.in,AIML,2022,8,7.46,Good,0,False
S08354,Riya Hegde,riya.hegde19@college.ac.in,MECH,2023,6,5.77,Average,1,True
S08355,Karthik Nair,karthik.nair94@college.ac.in,ECE,2024,3,6.33,Average,4,True
S08356,Vignesh Patel,vignesh.patel58@college.ac.in,AIML,2025,2,8.25,Good,0,False
S08357,Bilal Khan,bilal.khan20@college.ac.in,AIML,2025,2,6.37,Average,0,False
S08358,Jithin Das,jithin.das48@college.ac.in,ECE,2023,6,6.7,Average,0,False
S08359,Babu Chetty,babu.chetty17@college.ac.in,ECE,2024,4,6.07,Average,0,False
S08360,Kavya Natarajan,kavya.natarajan93@college.ac.in,AIML,2024,4,6.95,Average,4,False
S08361,Nisha Malik,nisha.malik38@college.ac.in,CSE,2025,2,7.49,Good,0,False
S08362,Arjun Subramaniam,arjun.subramaniam27@college.ac.in,MECH,2024,4,6.02,Average,1,False
S08363,Ankit Joshi,ankit.joshi54@college.ac.in,CSE,2025,2,6.37,Average,0,False
S08364,Nair Iyer,nair.iyer79@college.ac.in,AIML,2024,4,7.59,Good,0,False
S08365,Ananya Arumugam,ananya.arumugam98@college.ac.in,CSE,2023,6,7.19,Good,0,False
S08366,Faisal Kamath,faisal.kamath31@college.ac.in,MECH,2023,6,6.95,Average,0,False
S08367,Piyush Chauhan,piyush.chauhan10@college.ac.in,ECE,2024,4,6.26,Average,0,False
S08368,Sneha Das,sneha.das77@college.ac.in,ECE,2022,8,7.93,Good,0,False
S08369,Muralidhar Mirza,muralidhar.mirza96@college.ac.in,ECE,2024,4,5.21,At Risk,5,True
S08370,Dhanush Natarajan,dhanush.natarajan56@college.ac.in,CSE,2024,4,6.87,Average,1,False
S08371,Harish Mehta,harish.mehta81@college.ac.in,ECE,2023,6,6.16,Average,1,True
S08372,Jithin Pandey,jithin.pandey92@college.ac.in,CSE,2022,8,6.44,Average,6,True
S08373,Vignesh Rao,vignesh.rao86@college.ac.in,MECH,2023,6,5.59,Average,1,True
S08374,Keerthi Kamath,keerthi.kamath43@college.ac.in,ECE,2025,2,6.96,Average,0,False
S08375,Swati Chauhan,swati.chauhan82@college.ac.in,MECH,2024,4,8.23,Good,0,False
S08376,Manoj Sharma,manoj.sharma50@college.ac.in,CSE,2024,4,7.59,Good,0,False
S08377,Avinash Mirza,avinash.mirza15@college.ac.in,CSE,2024,4,7.08,Good,4,True
S08378,Hiba Subramaniam,hiba.subramaniam66@college.ac.in,ECE,2022,8,6.38,Average,2,True
S08379,Nikhil Yadav,nikhil.yadav34@college.ac.in,ECE,2023,6,5.79,Average,3,True
S08380,Amal Patil,amal.patil64@college.ac.in,ECE,2022,8,7.14,Good,0,False
S08381,Rohit Natarajan,rohit.natarajan98@college.ac.in,ECE,2023,6,5.93,Average,1,True
S08382,Junaid Chandrasekaran,junaid.chandrasekaran51@college.ac.in,CSE,2024,4,8.11,Good,0,False
S08383,Riya Desai,riya.desai92@college.ac.in,ECE,2022,8,6.01,Average,0,False
S08384,Avinash Hegde,avinash.hegde20@college.ac.in,CSE,2025,2,7.48,Good,0,False
S08385,Nithish Siddiqui,nithish.siddiqui69@college.ac.in,ECE,2022,8,7.11,Good,0,False
S08386,Madhan Dubey,madhan.dubey26@college.ac.in,CSE,2023,6,7.0,Good,0,False
S08387,Vishnu Babu,vishnu.babu74@college.ac.in,ECE,2023,6,7.62,Good,0,False
S08388,Mansi Hussain,mansi.hussain80@college.ac.in,ECE,2025,2,7.75,Good,0,False
S08389,Rukhsar Hegde,rukhsar.hegde74@college.ac.in,MECH,2023,5,5.18,At Risk,5,True
S08390,Madhan Murthy,madhan.murthy44@college.ac.in,MECH,2025,2,7.78,Good,0,False
S08391,Ramya Iyer,ramya.iyer26@college.ac.in,CSE,2023,5,6.73,Average,0,False
S08392,Hiba Qureshi,hiba.qureshi27@college.ac.in,MECH,2025,2,7.09,Good,0,False
S08393,Junaid Mehta,junaid.mehta29@college.ac.in,ECE,2022,8,6.29,Average,0,False
S08394,Abhijith Mishra,abhijith.mishra14@college.ac.in,CSE,2023,6,7.66,Good,0,False
S08395,Rahul Hussain,rahul.hussain89@college.ac.in,ECE,2024,4,6.85,Average,0,False
S08396,Meena Varma,meena.varma35@college.ac.in,MECH,2022,8,5.49,At Risk,2,False
S08397,Riya Mirza,riya.mirza49@college.ac.in,MECH,2023,6,7.0,Good,3,False
S08398,Logesh Varma,logesh.varma64@college.ac.in,ECE,2024,4,6.06,Average,1,False
S08399,Logesh Natarajan,logesh.natarajan19@college.ac.in,AIML,2022,8,7.47,Good,0,False
S08400,Amina Rao,amina.rao12@college.ac.in,ECE,2024,4,6.29,Average,4,True
S08401,Rukhsar Prasad,rukhsar.prasad72@college.ac.in,CSE,2022,8,7.91,Good,0,False
S08402,Gaurav Chauhan,gaurav.chauhan50@college.ac.in,MECH,2023,6,6.39,Average,1,False
S08403,Amit Gupta,amit.gupta70@college.ac.in,AIML,2024,4,5.75,Average,1,False
S08404,Arun Dubey,arun.dubey13@college.ac.in,AIML,2024,4,6.74,Average,0,False
S08405,Harish Yadav,harish.yadav91@college.ac.in,ECE,2022,8,7.61,Good,0,False
S08406,Saranya Hegde,saranya.hegde32@college.ac.in,ECE,2025,2,6.42,Average,3,True
S08407,Amal Singh,amal.singh87@college.ac.in,MECH,2024,4,6.1,Average,0,False
S08408,Shubham Murthy,shubham.murthy35@college.ac.in,MECH,2023,5,5.52,Average,3,True
S08409,Imran Natarajan,imran.natarajan43@college.ac.in,AIML,2025,2,6.87,Average,0,False
S08410,Nair Joshi,nair.joshi80@college.ac.in,MECH,2025,2,7.6,Good,0,False
S08411,Aditi Hussain,aditi.hussain16@college.ac.in,AIML,2022,8,6.83,Average,0,False
S08412,Tarun Iyer,tarun.iyer74@college.ac.in,AIML,2024,4,7.07,Good,2,False
S08413,Rukhsar Iyer,rukhsar.iyer74@college.ac.in,AIML,2023,5,7.52,Good,0,False
S08414,Ankita Warrier,ankita.warrier42@college.ac.in,ECE,2023,6,7.01,Good,0,False
S08415,Praveen Verma,praveen.verma51@college.ac.in,MECH,2024,4,6.16,Average,0,False
S08416,Zubair Rao,zubair.rao95@college.ac.in,MECH,2023,6,6.52,Average,0,False
S08417,Aishwarya Karunakaran,aishwarya.karunakaran99@college.ac.in,ECE,2024,4,5.67,Average,3,True
S08418,Sachin Murugan,sachin.murugan25@college.ac.in,CSE,2022,8,8.1,Good,0,False
S08419,Siddharth Naidu,siddharth.naidu424@college.ac.in,CSE,2025,2,5.94,Average,1,False
S08420,Rishita Verma,rishita.verma63@college.ac.in,CSE,2024,4,6.67,Average,1,True
S08421,Surya Hegde,surya.hegde33@college.ac.in,CSE,2023,6,6.98,Average,0,False
S08422,Sanjay Sharma,sanjay.sharma67@college.ac.in,MECH,2023,6,6.06,Average,0,False
S08423,Revathi Tiwari,revathi.tiwari59@college.ac.in,CSE,2022,8,6.75,Average,2,False
S08424,Irfan Gupta,irfan.gupta98@college.ac.in,AIML,2025,2,7.28,Good,0,False
S08425,Zainab Mehta,zainab.mehta37@college.ac.in,MECH,2025,2,5.78,Average,2,False
S08426,Amit Bhat,amit.bhat25@college.ac.in,ECE,2022,8,7.01,Good,0,False
S08427,Akash Das,akash.das49@college.ac.in,CSE,2025,2,6.47,Average,0,False
S08428,Rishita Dubey,rishita.dubey34@college.ac.in,MECH,2025,2,7.64,Good,0,False
S08429,Ramesh Pillai,ramesh.pillai37@college.ac.in,MECH,2023,6,6.08,Average,0,False
S08430,Arun Singh,arun.singh19@college.ac.in,ECE,2022,8,7.65,Good,0,False
S08431,Pallavi Pandey,pallavi.pandey47@college.ac.in,MECH,2022,8,7.47,Good,0,False
S08432,Neha Gopalakrishnan,neha.gopalakrishnan61@college.ac.in,CSE,2024,4,7.73,Good,0,False
S08433,Ankita Bhat,ankita.bhat60@college.ac.in,MECH,2023,6,5.36,At Risk,6,False
S08434,Hiba Babu,hiba.babu91@college.ac.in,ECE,2023,5,7.38,Good,0,False
S08435,Rohit Reddy,rohit.reddy57@college.ac.in,MECH,2022,8,7.33,Good,0,False
S08436,Simran Patil,simran.patil77@college.ac.in,MECH,2024,4,5.54,Average,2,True
S08437,Aamir Joshi,aamir.joshi65@college.ac.in,CSE,2023,6,6.72,Average,0,False
S08438,Vivek Desai,vivek.desai69@college.ac.in,AIML,2023,6,5.99,Average,4,True
S08439,Avinash Das,avinash.das84@college.ac.in,MECH,2025,2,6.65,Average,0,False
S08440,Rohit Rajan,rohit.rajan87@college.ac.in,CSE,2022,8,7.43,Good,0,False
S08441,Keerthi Shetty,keerthi.shetty80@college.ac.in,AIML,2022,8,5.76,Average,3,False
S08442,Riya Chandrasekaran,riya.chandrasekaran99@college.ac.in,CSE,2022,8,5.52,Average,6,True
S08443,Mohammed Subramaniam,mohammed.subramaniam59@college.ac.in,CSE,2025,2,5.36,At Risk,3,True
S08444,Rukhsar Yadav,rukhsar.yadav41@college.ac.in,ECE,2025,2,7.57,Good,0,False
S08445,Junaid Karunakaran,junaid.karunakaran58@college.ac.in,CSE,2023,6,5.54,Average,3,False
S08446,Naveen Ansari,naveen.ansari85@college.ac.in,ECE,2025,2,6.62,Average,0,False
S08447,Swathi Warrier,swathi.warrier27@college.ac.in,CSE,2024,3,6.28,Average,2,False
S08448,Hiba Malik,hiba.malik84@college.ac.in,ECE,2022,8,5.53,Average,5,True
S08449,Tanvi Reddy,tanvi.reddy94@college.ac.in,CSE,2023,6,6.7,Average,0,False
S08450,Farhan Pillai,farhan.pillai73@college.ac.in,CSE,2023,6,7.75,Good,0,False
S08451,Zainab Bhat,zainab.bhat95@college.ac.in,ECE,2024,4,6.83,Average,2,False
S08452,Priya Rao,priya.rao61@college.ac.in,MECH,2022,8,6.58,Average,0,False
S08453,Ankit Rao,ankit.rao48@college.ac.in,CSE,2024,4,6.35,Average,0,False
S08454,Naveen Sharma,naveen.sharma48@college.ac.in,CSE,2022,8,6.21,Average,2,True
S08455,Swathi Venkataraman,swathi.venkataraman81@college.ac.in,AIML,2023,6,7.44,Good,2,False
S08456,Junaid Dubey,junaid.dubey90@college.ac.in,AIML,2024,4,7.77,Good,0,False
S08457,Lakshmi Sharma,lakshmi.sharma33@college.ac.in,AIML,2022,8,7.07,Good,0,False
S08458,Syed Rao,syed.rao92@college.ac.in,AIML,2024,4,5.95,Average,4,False
S08459,Vijay Siddiqui,vijay.siddiqui22@college.ac.in,AIML,2023,6,5.14,At Risk,4,True
S08460,Priya Selvam,priya.selvam70@college.ac.in,AIML,2024,3,8.48,Good,0,False
S08461,Rahul Nambiar,rahul.nambiar64@college.ac.in,AIML,2025,2,7.37,Good,0,False
S08462,Swati Ansari,swati.ansari58@college.ac.in,MECH,2024,4,6.72,Average,4,False
S08463,Nikhil Varma,nikhil.varma43@college.ac.in,ECE,2022,8,6.12,Average,2,True
S08464,Amina Babu,amina.babu90@college.ac.in,MECH,2025,2,6.56,Average,0,False
S08465,Aishwarya Hegde,aishwarya.hegde54@college.ac.in,CSE,2022,8,6.03,Average,4,True
S08466,Salman Reddy,salman.reddy33@college.ac.in,ECE,2024,4,7.01,Good,0,False
S08467,Rajan Mishra,rajan.mishra36@college.ac.in,CSE,2025,2,7.47,Good,0,False
S08468,Imran Pillai,imran.pillai65@college.ac.in,AIML,2023,6,6.08,Average,3,True
S08469,Krishnan Ansari,krishnan.ansari60@college.ac.in,MECH,2022,8,6.39,Average,0,False
S08470,Hiba Chandrasekaran,hiba.chandrasekaran69@college.ac.in,CSE,2025,2,6.71,Average,3,True
S08471,Piyush Siddiqui,piyush.siddiqui82@college.ac.in,CSE,2024,3,5.73,Average,1,False
S08472,Ankita Ansari,ankita.ansari35@college.ac.in,AIML,2025,2,7.6,Good,0,False
S08473,Dinesh Naidu,dinesh.naidu72@college.ac.in,CSE,2025,2,7.74,Good,0,False
S08474,Riya Shetty,riya.shetty55@college.ac.in,MECH,2023,6,6.46,Average,5,True
S08475,Riya Velayudhan,riya.velayudhan39@college.ac.in,CSE,2023,6,7.41,Good,0,False
S08476,Ayesha Mirza,ayesha.mirza65@college.ac.in,AIML,2022,8,6.38,Average,0,False
S08477,Sonal Krishnan,sonal.krishnan57@college.ac.in,CSE,2024,4,6.8,Average,1,True
S08478,Amal Chauhan,amal.chauhan73@college.ac.in,CSE,2023,6,7.89,Good,0,False
S08479,Prithviraj Selvam,prithviraj.selvam82@college.ac.in,AIML,2025,2,5.84,Average,4,True
S08480,Sneha Rao,sneha.rao13@college.ac.in,AIML,2023,5,7.11,Good,0,False
S08481,Vikram Kamath,vikram.kamath33@college.ac.in,AIML,2024,4,7.33,Good,0,False
S08482,Nadia Reddy,nadia.reddy92@college.ac.in,ECE,2025,2,6.78,Average,0,False
S08483,Naveen Joshi,naveen.joshi77@college.ac.in,ECE,2022,8,6.93,Average,2,False
S08484,Athul Gopalakrishnan,athul.gopalakrishnan54@college.ac.in,MECH,2023,6,5.49,At Risk,2,True
S08485,Menon Mishra,menon.mishra64@college.ac.in,MECH,2023,5,7.1,Good,0,False
S08486,Arjun Ansari,arjun.ansari61@college.ac.in,ECE,2023,6,6.63,Average,0,False
S08487,Nisha Pandey,nisha.pandey15@college.ac.in,CSE,2023,6,8.0,Good,0,False
S08488,Irfan Patel,irfan.patel56@college.ac.in,MECH,2024,4,6.23,Average,0,False
S08489,Arun Gopalakrishnan,arun.gopalakrishnan14@college.ac.in,AIML,2025,2,4.66,At Risk,3,True
S08490,Rohit Mehta,rohit.mehta25@college.ac.in,AIML,2024,4,6.07,Average,4,True
S08491,Avinash Desai,avinash.desai80@college.ac.in,ECE,2024,3,5.37,At Risk,4,True
S08492,Divya Siddiqui,divya.siddiqui15@college.ac.in,MECH,2023,5,5.78,Average,3,True
S08493,Faisal Natarajan,faisal.natarajan86@college.ac.in,CSE,2025,2,4.79,At Risk,5,True
S08494,Karthik Hussain,karthik.hussain82@college.ac.in,AIML,2024,4,5.31,At Risk,5,True
S08495,Tanvi Prasad,tanvi.prasad38@college.ac.in,ECE,2023,6,6.21,Average,4,False
S08496,Suresh Rajan,suresh.rajan64@college.ac.in,ECE,2025,2,6.76,Average,0,False
S08497,Asif Mishra,asif.mishra67@college.ac.in,CSE,2024,4,6.48,Average,0,False
S08498,Nithish Sheikh,nithish.sheikh18@college.ac.in,MECH,2023,6,5.81,Average,3,False
S08499,Varun Pandey,varun.pandey45@college.ac.in,AIML,2023,6,7.23,Good,0,False
S08500,Sanjay Iyengar,sanjay.iyengar82@college.ac.in,CSE,2025,2,7.77,Good,0,False
S08501,Manoj Patil,manoj.patil83@college.ac.in,CSE,2024,4,8.07,Good,0,False
S08502,Madhan Yadav,madhan.yadav54@college.ac.in,CSE,2025,2,7.52,Good,0,False
S08503,Ankit Patil,ankit.patil70@college.ac.in,MECH,2023,6,6.92,Average,0,False
S08504,Avinash Arumugam,avinash.arumugam95@college.ac.in,AIML,2024,4,8.83,Excellent,0,False
S08505,Piyush Sheikh,piyush.sheikh74@college.ac.in,MECH,2024,4,7.11,Good,0,False
S08506,Muralidhar Venkataraman,muralidhar.venkataraman19@college.ac.in,CSE,2024,3,7.76,Good,0,False
S08507,Aman Hussain,aman.hussain24@college.ac.in,CSE,2025,2,5.2,At Risk,2,True
S08508,Ankita Das,ankita.das86@college.ac.in,CSE,2023,6,7.68,Good,1,False
S08509,Bilal Natarajan,bilal.natarajan96@college.ac.in,ECE,2023,6,6.53,Average,0,False
S08510,Vivek Varma,vivek.varma90@college.ac.in,CSE,2023,6,7.76,Good,0,False
S08511,Vijay Bhat,vijay.bhat12@college.ac.in,CSE,2023,6,7.04,Good,0,False
S08512,Piyush Siddiqui,piyush.siddiqui54@college.ac.in,AIML,2024,4,5.56,Average,5,False
S08513,Mansi Chetty,mansi.chetty13@college.ac.in,CSE,2023,6,7.23,Good,0,False
S08514,Muralidhar Venkataraman,muralidhar.venkataraman57@college.ac.in,ECE,2024,4,7.12,Good,0,False
S08515,Vivek Shetty,vivek.shetty80@college.ac.in,ECE,2022,8,7.48,Good,0,False
S08516,Shahid Nair,shahid.nair90@college.ac.in,AIML,2024,3,7.07,Good,0,False
S08517,Pooja Sharma,pooja.sharma57@college.ac.in,MECH,2022,8,6.69,Average,0,False
S08518,Vignesh Khan,vignesh.khan70@college.ac.in,CSE,2024,4,7.89,Good,0,False
S08519,Kritika Pillai,kritika.pillai61@college.ac.in,AIML,2022,8,7.21,Good,1,False
S08520,Avinash Pillai,avinash.pillai21@college.ac.in,CSE,2023,6,6.5,Average,4,True
S08521,Fatima Sharma,fatima.sharma39@college.ac.in,CSE,2023,6,6.96,Average,0,False
S08522,Lakshmi Iyer,lakshmi.iyer40@college.ac.in,AIML,2023,6,5.07,At Risk,6,True
S08523,Priya Krishnan,priya.krishnan45@college.ac.in,ECE,2023,6,5.96,Average,5,True
S08524,Pillai Iyer,pillai.iyer69@college.ac.in,ECE,2025,2,6.73,Average,1,False
S08525,Madhan Gupta,madhan.gupta77@college.ac.in,ECE,2024,4,6.48,Average,0,False
S08526,Logesh Joshi,logesh.joshi19@college.ac.in,AIML,2023,6,6.83,Average,0,False
S08527,Sachin Krishnan,sachin.krishnan12@college.ac.in,ECE,2023,6,6.72,Average,0,False
S08528,Babu Sharma,babu.sharma55@college.ac.in,CSE,2024,4,6.33,Average,0,False
S08529,Menon Nambiar,menon.nambiar10@college.ac.in,AIML,2024,4,6.46,Average,0,False
S08530,Pooja Menon,pooja.menon53@college.ac.in,CSE,2022,8,7.57,Good,0,False
S08531,Junaid Rao,junaid.rao14@college.ac.in,MECH,2025,2,7.43,Good,0,False
S08532,Divya Prasad,divya.prasad17@college.ac.in,AIML,2025,2,7.94,Good,0,False
S08533,Junaid Menon,junaid.menon70@college.ac.in,MECH,2024,4,7.19,Good,0,False
S08534,Asif Iyer,asif.iyer31@college.ac.in,MECH,2022,8,5.21,At Risk,2,False
S08535,Avinash Joshi,avinash.joshi40@college.ac.in,CSE,2023,6,6.16,Average,3,False
S08536,Rajan Chauhan,rajan.chauhan71@college.ac.in,ECE,2024,4,5.55,Average,1,True
S08537,Sneha Shetty,sneha.shetty73@college.ac.in,AIML,2024,4,7.33,Good,0,False
S08538,Vivek Verma,vivek.verma58@college.ac.in,CSE,2024,4,7.26,Good,0,False
S08539,Gaurav Hussain,gaurav.hussain28@college.ac.in,AIML,2022,8,7.13,Good,0,False
S08540,Amal Dubey,amal.dubey61@college.ac.in,CSE,2023,6,7.28,Good,0,False
S08541,Amit Dubey,amit.dubey82@college.ac.in,MECH,2024,4,6.29,Average,0,False
S08542,Meena Malik,meena.malik43@college.ac.in,CSE,2024,4,6.41,Average,0,False
S08543,Vivek Subramaniam,vivek.subramaniam97@college.ac.in,ECE,2024,4,6.62,Average,6,False
S08544,Asif Chetty,asif.chetty51@college.ac.in,CSE,2023,6,7.99,Good,0,False
S08545,Asif Arumugam,asif.arumugam89@college.ac.in,AIML,2022,8,5.19,At Risk,5,True
S08546,Manoj Krishnan,manoj.krishnan54@college.ac.in,ECE,2024,4,5.13,At Risk,5,False
S08547,Ankit Varma,ankit.varma80@college.ac.in,CSE,2023,6,6.18,Average,5,True
S08548,Sana Rajan,sana.rajan97@college.ac.in,MECH,2023,6,7.51,Good,0,False
S08549,Nithish Kamath,nithish.kamath62@college.ac.in,CSE,2024,4,6.92,Average,0,False
S08550,Divya Kulkarni,divya.kulkarni90@college.ac.in,AIML,2024,4,6.38,Average,0,False
S08551,Ayesha Selvam,ayesha.selvam67@college.ac.in,MECH,2022,8,7.53,Good,0,False
S08552,Pooja Ansari,pooja.ansari38@college.ac.in,ECE,2024,4,4.79,At Risk,4,True
S08553,Aishwarya Naidu,aishwarya.naidu20@college.ac.in,ECE,2022,8,7.8,Good,0,False
S08554,Faisal Sharma,faisal.sharma72@college.ac.in,ECE,2024,4,6.3,Average,0,False
S08555,Kavya Nambiar,kavya.nambiar38@college.ac.in,ECE,2022,8,6.92,Average,0,False
S08556,Revathi Krishnan,revathi.krishnan31@college.ac.in,ECE,2024,4,8.12,Good,0,False
S08557,Pallavi Desai,pallavi.desai49@college.ac.in,MECH,2024,4,4.82,At Risk,3,False
S08558,Nithya Iyer,nithya.iyer30@college.ac.in,AIML,2024,4,7.07,Good,0,False
S08559,Sneha Shetty,sneha.shetty22@college.ac.in,CSE,2023,5,7.29,Good,0,False
S08560,Avinash Varma,avinash.varma92@college.ac.in,AIML,2024,4,8.17,Good,4,False
S08561,Rukhsar Khan,rukhsar.khan34@college.ac.in,AIML,2024,4,7.34,Good,0,False
S08562,Nikhil Siddiqui,nikhil.siddiqui42@college.ac.in,CSE,2023,6,7.55,Good,0,False
S08563,Naveen Pandey,naveen.pandey88@college.ac.in,CSE,2025,2,4.32,At Risk,3,True
S08564,Aditi Patil,aditi.patil67@college.ac.in,ECE,2023,5,6.85,Average,0,False
S08565,Pillai Rao,pillai.rao98@college.ac.in,MECH,2023,6,7.09,Good,0,False
S08566,Rahul Reddy,rahul.reddy56@college.ac.in,ECE,2022,8,7.17,Good,0,False
S08567,Sreejith Varma,sreejith.varma96@college.ac.in,ECE,2023,6,4.98,At Risk,2,True
S08568,Karthik Velayudhan,karthik.velayudhan65@college.ac.in,AIML,2025,2,7.22,Good,0,False
S08569,Junaid Gupta,junaid.gupta92@college.ac.in,AIML,2022,8,6.94,Average,0,False
S08570,Mansi Naidu,mansi.naidu72@college.ac.in,ECE,2024,4,6.08,Average,0,False
S08571,Bilal Gupta,bilal.gupta43@college.ac.in,MECH,2022,8,5.26,At Risk,6,False
S08572,Nadia Mehta,nadia.mehta367@college.ac.in,ECE,2023,5,6.42,Average,0,False
S08573,Surya Gopalakrishnan,surya.gopalakrishnan52@college.ac.in,ECE,2022,8,6.37,Average,0,False
S08574,Akash Bhat,akash.bhat94@college.ac.in,MECH,2023,5,5.86,Average,4,False
S08575,Harikrishna Murugan,harikrishna.murugan83@college.ac.in,AIML,2025,2,5.86,Average,3,True
S08576,Priya Joshi,priya.joshi27@college.ac.in,ECE,2025,2,6.72,Average,3,False
S08577,Ayesha Murugan,ayesha.murugan68@college.ac.in,ECE,2024,4,5.26,At Risk,3,True
S08578,Divya Dubey,divya.dubey21@college.ac.in,ECE,2023,6,8.21,Good,0,False
S08579,Babu Rao,babu.rao23@college.ac.in,CSE,2025,2,5.94,Average,1,True
S08580,Krishnan Kulkarni,krishnan.kulkarni28@college.ac.in,AIML,2023,5,7.44,Good,0,False
S08581,Aishwarya Chauhan,aishwarya.chauhan32@college.ac.in,CSE,2025,2,7.68,Good,0,False
S08582,Harish Kulkarni,harish.kulkarni52@college.ac.in,AIML,2024,4,7.19,Good,0,False
S08583,Rajesh Das,rajesh.das61@college.ac.in,AIML,2025,2,7.6,Good,0,False
S08584,Rohit Natarajan,rohit.natarajan57@college.ac.in,MECH,2025,2,5.61,Average,1,True
S08585,Gaurav Chetty,gaurav.chetty44@college.ac.in,AIML,2022,8,6.78,Average,4,False
S08586,Prithviraj Gopalakrishnan,prithviraj.gopalakrishnan53@college.ac.in,CSE,2024,4,6.21,Average,3,True
S08587,Nithya Gupta,nithya.gupta74@college.ac.in,AIML,2024,4,5.17,At Risk,4,False
S08588,Saranya Yadav,saranya.yadav53@college.ac.in,ECE,2022,8,7.11,Good,3,False
S08589,Amal Mishra,amal.mishra82@college.ac.in,ECE,2022,8,7.11,Good,0,False
S08590,Faisal Shetty,faisal.shetty20@college.ac.in,CSE,2025,2,5.72,Average,5,True
S08591,Hiba Das,hiba.das23@college.ac.in,CSE,2025,2,5.07,At Risk,5,True
S08592,Amina Velayudhan,amina.velayudhan94@college.ac.in,CSE,2024,3,6.41,Average,0,False
S08593,Pallavi Singh,pallavi.singh94@college.ac.in,AIML,2022,8,7.09,Good,0,False
S08594,Athul Joshi,athul.joshi85@college.ac.in,AIML,2025,2,6.6,Average,0,False
S08595,Ganesh Singh,ganesh.singh46@college.ac.in,ECE,2024,4,5.97,Average,3,False
S08596,Sathish Reddy,sathish.reddy31@college.ac.in,ECE,2022,8,6.51,Average,5,True
S08597,Saranya Qureshi,saranya.qureshi262@college.ac.in,CSE,2024,4,6.42,Average,2,False
S08598,Mohammed Kamath,mohammed.kamath72@college.ac.in,CSE,2024,4,7.3,Good,0,False
S08599,Sana Kulkarni,sana.kulkarni28@college.ac.in,CSE,2023,5,8.18,Good,0,False
S08600,Keerthi Singh,keerthi.singh41@college.ac.in,ECE,2025,2,7.52,Good,0,False
S08601,Athul Yadav,athul.yadav42@college.ac.in,AIML,2022,8,7.6,Good,0,False
S08602,Rizwan Namboothiri,rizwan.namboothiri80@college.ac.in,CSE,2025,2,8.38,Good,0,False
S08603,Adil Reddy,adil.reddy97@college.ac.in,CSE,2023,6,6.28,Average,5,True
S08604,Divya Babu,divya.babu80@college.ac.in,CSE,2024,4,6.79,Average,4,True
S08605,Shubham Mehta,shubham.mehta99@college.ac.in,ECE,2024,4,6.97,Average,0,False
S08606,Syed Hegde,syed.hegde44@college.ac.in,CSE,2025,2,6.33,Average,4,False
S08607,Krishnan Karunakaran,krishnan.karunakaran23@college.ac.in,ECE,2025,2,6.0,Average,2,True
S08608,Rishita Rao,rishita.rao78@college.ac.in,ECE,2025,2,5.4,At Risk,5,True
S08609,Shubham Prasad,shubham.prasad40@college.ac.in,ECE,2023,6,6.14,Average,4,True
S08610,Rishita Sharma,rishita.sharma57@college.ac.in,AIML,2022,8,5.33,At Risk,6,False
S08611,Rukhsar Patel,rukhsar.patel12@college.ac.in,AIML,2024,3,5.45,At Risk,5,True
S08612,Amit Iyengar,amit.iyengar24@college.ac.in,ECE,2023,6,5.98,Average,5,True
S08613,Meena Murugan,meena.murugan87@college.ac.in,ECE,2023,6,6.5,Average,3,True
S08614,Irfan Dubey,irfan.dubey30@college.ac.in,MECH,2023,6,5.26,At Risk,1,True
S08615,Sonal Mehta,sonal.mehta63@college.ac.in,CSE,2023,6,7.75,Good,0,False
S08616,Rukhsar Iyengar,rukhsar.iyengar49@college.ac.in,CSE,2024,3,6.86,Average,0,False
S08617,Muralidhar Reddy,muralidhar.reddy51@college.ac.in,AIML,2023,6,5.27,At Risk,4,False
S08618,Usman Nambiar,usman.nambiar36@college.ac.in,CSE,2023,6,7.28,Good,0,False
S08619,Rajan Chetty,rajan.chetty35@college.ac.in,ECE,2024,4,7.09,Good,0,False
S08620,Imran Singh,imran.singh41@college.ac.in,ECE,2024,4,7.34,Good,0,False
S08621,Madhan Sheikh,madhan.sheikh30@college.ac.in,ECE,2023,6,6.38,Average,5,False
S08622,Siddharth Varma,siddharth.varma83@college.ac.in,AIML,2025,2,6.54,Average,4,False
S08623,Sreejith Subramaniam,sreejith.subramaniam23@college.ac.in,MECH,2022,8,6.67,Average,0,False
S08624,Mansi Qureshi,mansi.qureshi68@college.ac.in,AIML,2025,2,4.92,At Risk,6,False
S08625,Ganesh Hegde,ganesh.hegde17@college.ac.in,AIML,2022,8,7.07,Good,0,False
S08626,Pooja Joshi,pooja.joshi69@college.ac.in,ECE,2023,6,6.41,Average,2,False
S08627,Gaurav Naidu,gaurav.naidu63@college.ac.in,ECE,2024,4,4.94,At Risk,1,False
S08628,Nithya Venkataraman,nithya.venkataraman90@college.ac.in,AIML,2023,5,5.4,At Risk,5,True
S08629,Ganesh Venkataraman,ganesh.venkataraman29@college.ac.in,ECE,2024,4,6.84,Average,0,False
S08630,Swati Singh,swati.singh62@college.ac.in,CSE,2024,4,7.28,Good,5,False
S08631,Rohit Gopalakrishnan,rohit.gopalakrishnan44@college.ac.in,MECH,2025,2,5.42,At Risk,3,True
S08632,Sachin Namboothiri,sachin.namboothiri19@college.ac.in,AIML,2022,8,5.73,Average,1,False
S08633,Praveen Naidu,praveen.naidu88@college.ac.in,MECH,2025,2,6.71,Average,0,False
S08634,Pallavi Siddiqui,pallavi.siddiqui45@college.ac.in,MECH,2024,4,5.39,At Risk,4,True
S08635,Tanvi Shetty,tanvi.shetty52@college.ac.in,CSE,2025,2,6.84,Average,0,False
S08636,Krishnan Siddiqui,krishnan.siddiqui55@college.ac.in,AIML,2023,5,6.79,Average,2,True
S08637,Nisha Patil,nisha.patil89@college.ac.in,MECH,2022,8,6.18,Average,4,False
S08638,Abhijith Naidu,abhijith.naidu27@college.ac.in,CSE,2025,2,8.1,Good,0,False
S08639,Saranya Murthy,saranya.murthy18@college.ac.in,AIML,2022,8,6.47,Average,0,False
S08640,Divya Pillai,divya.pillai82@college.ac.in,AIML,2024,4,7.7,Good,0,False
S08641,Shreya Das,shreya.das86@college.ac.in,CSE,2025,2,7.76,Good,0,False
S08642,Vishnu Joshi,vishnu.joshi62@college.ac.in,ECE,2023,6,5.84,Average,6,False
S08643,Rohit Murthy,rohit.murthy94@college.ac.in,ECE,2024,4,7.19,Good,0,False
S08644,Kavya Shah,kavya.shah37@college.ac.in,CSE,2022,8,6.58,Average,0,False
S08645,Rukhsar Malik,rukhsar.malik89@college.ac.in,MECH,2024,4,6.46,Average,0,False
S08646,Nadia Tiwari,nadia.tiwari48@college.ac.in,MECH,2022,8,6.74,Average,0,False
S08647,Sachin Patil,sachin.patil96@college.ac.in,CSE,2024,4,6.76,Average,0,False
S08648,Amina Venkataraman,amina.venkataraman78@college.ac.in,MECH,2024,4,4.98,At Risk,1,False
S08649,Hiba Kumar,hiba.kumar88@college.ac.in,MECH,2024,4,6.23,Average,0,False
S08650,Kavya Chandrasekaran,kavya.chandrasekaran66@college.ac.in,CSE,2025,2,6.72,Average,0,False
S08651,Nithya Patil,nithya.patil53@college.ac.in,CSE,2024,4,5.6,Average,3,True
S08652,Junaid Sheikh,junaid.sheikh19@college.ac.in,AIML,2022,8,6.35,Average,0,False
S08653,Pooja Chetty,pooja.chetty95@college.ac.in,AIML,2023,5,6.29,Average,0,False
S08654,Akash Warrier,akash.warrier720@college.ac.in,CSE,2022,8,7.55,Good,0,False
S08655,Ganesh Karunakaran,ganesh.karunakaran93@college.ac.in,CSE,2025,2,7.32,Good,0,False
S08656,Riya Krishnan,riya.krishnan41@college.ac.in,ECE,2022,8,6.33,Average,0,False
S08657,Kritika Prasad,kritika.prasad75@college.ac.in,MECH,2024,4,7.58,Good,0,False
S08658,Harish Murugan,harish.murugan16@college.ac.in,AIML,2022,8,6.19,Average,0,False
S08659,Divya Khan,divya.khan74@college.ac.in,ECE,2024,4,6.49,Average,0,False
S08660,Abhijith Iyengar,abhijith.iyengar61@college.ac.in,AIML,2025,2,5.01,At Risk,2,True
S08661,Muralidhar Kulkarni,muralidhar.kulkarni70@college.ac.in,MECH,2025,2,4.41,At Risk,1,True
S08662,Dinesh Warrier,dinesh.warrier72@college.ac.in,AIML,2024,4,7.01,Good,0,False
S08663,Karthik Gopalakrishnan,karthik.gopalakrishnan55@college.ac.in,CSE,2023,6,7.04,Good,0,False
S08664,Sanjay Patil,sanjay.patil78@college.ac.in,ECE,2023,6,6.99,Average,0,False
S08665,Naveen Murugan,naveen.murugan23@college.ac.in,CSE,2025,2,6.38,Average,5,False
S08666,Sachin Yadav,sachin.yadav51@college.ac.in,AIML,2025,2,5.52,Average,3,True
S08667,Naveen Kamath,naveen.kamath13@college.ac.in,CSE,2022,8,6.9,Average,0,False
S08668,Asif Mirza,asif.mirza71@college.ac.in,MECH,2022,8,6.67,Average,5,False
S08669,Kritika Warrier,kritika.warrier34@college.ac.in,ECE,2024,4,7.25,Good,4,False
S08670,Pillai Karunakaran,pillai.karunakaran85@college.ac.in,CSE,2024,4,6.92,Average,0,False
S08671,Arjun Nair,arjun.nair37@college.ac.in,MECH,2023,6,6.08,Average,2,False
S08672,Farhan Iyer,farhan.iyer99@college.ac.in,CSE,2023,6,8.09,Good,0,False
S08673,Deepak Velayudhan,deepak.velayudhan99@college.ac.in,AIML,2023,6,5.19,At Risk,2,True
S08674,Athul Mirza,athul.mirza83@college.ac.in,CSE,2024,4,6.72,Average,0,False
S08675,Tanvi Selvam,tanvi.selvam95@college.ac.in,ECE,2023,6,7.28,Good,0,False
S08676,Usman Hussain,usman.hussain34@college.ac.in,CSE,2022,8,8.01,Good,0,False
S08677,Gaurav Kamath,gaurav.kamath36@college.ac.in,ECE,2022,8,6.62,Average,2,True
S08678,Shahid Tiwari,shahid.tiwari88@college.ac.in,MECH,2024,4,6.24,Average,0,False
S08679,Tarun Arumugam,tarun.arumugam81@college.ac.in,AIML,2023,6,6.51,Average,0,False
S08680,Ramesh Desai,ramesh.desai17@college.ac.in,ECE,2022,8,6.88,Average,0,False
S08681,Sathish Kamath,sathish.kamath53@college.ac.in,CSE,2024,4,6.99,Average,0,False
S08682,Arjun Hegde,arjun.hegde85@college.ac.in,MECH,2025,2,6.01,Average,5,True
S08683,Asif Gupta,asif.gupta37@college.ac.in,ECE,2025,2,4.66,At Risk,3,True
S08684,Athul Kulkarni,athul.kulkarni56@college.ac.in,CSE,2024,4,6.18,Average,2,True
S08685,Swathi Warrier,swathi.warrier58@college.ac.in,MECH,2022,8,6.95,Average,3,True
S08686,Nisha Siddiqui,nisha.siddiqui27@college.ac.in,CSE,2024,3,7.24,Good,4,True
S08687,Akash Chandrasekaran,akash.chandrasekaran58@college.ac.in,ECE,2024,4,6.92,Average,0,False
S08688,Siddharth Kamath,siddharth.kamath60@college.ac.in,MECH,2022,8,7.38,Good,3,False
S08689,Asif Hegde,asif.hegde25@college.ac.in,AIML,2025,2,6.86,Average,0,False
S08690,Prithviraj Kamath,prithviraj.kamath26@college.ac.in,AIML,2023,6,7.46,Good,0,False
S08691,Pillai Hegde,pillai.hegde64@college.ac.in,MECH,2023,6,5.1,At Risk,5,True
S08692,Neha Varma,neha.varma30@college.ac.in,MECH,2024,4,7.41,Good,0,False
S08693,Faisal Namboothiri,faisal.namboothiri38@college.ac.in,CSE,2023,5,7.48,Good,0,False
S08694,Tanvi Murthy,tanvi.murthy24@college.ac.in,ECE,2025,2,5.69,Average,2,True
S08695,Logesh Kamath,logesh.kamath99@college.ac.in,MECH,2024,4,6.74,Average,0,False
S08696,Vikram Tiwari,vikram.tiwari33@college.ac.in,CSE,2025,2,7.47,Good,0,False
S08697,Ganesh Venkataraman,ganesh.venkataraman52@college.ac.in,MECH,2023,6,5.22,At Risk,3,True
S08698,Sanjay Chetty,sanjay.chetty67@college.ac.in,AIML,2022,8,7.86,Good,0,False
S08699,Prithviraj Subramaniam,prithviraj.subramaniam40@college.ac.in,ECE,2022,8,8.06,Good,0,False
S08700,Nadia Sharma,nadia.sharma53@college.ac.in,ECE,2024,3,7.8,Good,0,False
S08701,Anjali Desai,anjali.desai45@college.ac.in,CSE,2023,6,6.68,Average,0,False
S08702,Jithin Nair,jithin.nair10@college.ac.in,ECE,2022,8,6.64,Average,3,False
S08703,Mohammed Kumar,mohammed.kumar80@college.ac.in,AIML,2022,8,7.79,Good,0,False
S08704,Vivek Babu,vivek.babu96@college.ac.in,MECH,2025,2,6.85,Average,0,False
S08705,Nithya Patil,nithya.patil18@college.ac.in,CSE,2024,4,5.32,At Risk,2,True
S08706,Faisal Tiwari,faisal.tiwari33@college.ac.in,AIML,2024,4,7.61,Good,3,False
S08707,Amal Mirza,amal.mirza87@college.ac.in,CSE,2023,6,7.53,Good,0,False
S08708,Ramya Kamath,ramya.kamath41@college.ac.in,ECE,2024,4,5.75,Average,4,True
S08709,Jithin Qureshi,jithin.qureshi27@college.ac.in,MECH,2025,2,7.63,Good,0,False
S08710,Pillai Naidu,pillai.naidu75@college.ac.in,MECH,2024,4,6.24,Average,0,False
S08711,Adil Krishnan,adil.krishnan51@college.ac.in,AIML,2024,4,6.05,Average,4,True
S08712,Ankit Iyer,ankit.iyer42@college.ac.in,AIML,2023,6,6.62,Average,0,False
S08713,Priya Selvam,priya.selvam67@college.ac.in,MECH,2025,2,5.9,Average,3,True
S08714,Ayesha Arumugam,ayesha.arumugam35@college.ac.in,MECH,2022,8,6.32,Average,4,False
S08715,Nair Sharma,nair.sharma87@college.ac.in,CSE,2022,8,7.37,Good,0,False
S08716,Ayesha Das,ayesha.das27@college.ac.in,CSE,2023,6,5.58,Average,3,True
S08717,Riya Malik,riya.malik35@college.ac.in,AIML,2022,8,5.38,At Risk,6,True
S08718,Nisha Nair,nisha.nair35@college.ac.in,MECH,2024,4,5.74,Average,3,True
S08719,Arun Gupta,arun.gupta10@college.ac.in,CSE,2023,6,6.91,Average,0,False
S08720,Swathi Patel,swathi.patel36@college.ac.in,ECE,2023,6,6.9,Average,0,False
S08721,Siddharth Subramaniam,siddharth.subramaniam49@college.ac.in,CSE,2022,8,6.91,Average,0,False
S08722,Sana Bhat,sana.bhat43@college.ac.in,ECE,2024,4,5.19,At Risk,6,True
S08723,Nithish Prasad,nithish.prasad60@college.ac.in,ECE,2024,4,5.32,At Risk,3,True
S08724,Simran Verma,simran.verma36@college.ac.in,CSE,2024,4,6.37,Average,0,False
S08725,Amal Naidu,amal.naidu37@college.ac.in,MECH,2023,6,5.1,At Risk,4,False
S08726,Varun Hussain,varun.hussain31@college.ac.in,ECE,2023,6,6.53,Average,1,False
S08727,Logesh Ansari,logesh.ansari81@college.ac.in,CSE,2023,5,6.73,Average,1,False
S08728,Nithya Rao,nithya.rao47@college.ac.in,MECH,2023,6,7.1,Good,2,False
S08729,Zubair Singh,zubair.singh31@college.ac.in,CSE,2022,8,7.59,Good,0,False
S08730,Siddharth Iyengar,siddharth.iyengar19@college.ac.in,CSE,2025,2,7.16,Good,5,True
S08731,Ayesha Rao,ayesha.rao98@college.ac.in,AIML,2023,6,6.23,Average,3,False
S08732,Junaid Desai,junaid.desai29@college.ac.in,CSE,2024,3,7.2,Good,0,False
S08733,Dhanush Khan,dhanush.khan48@college.ac.in,MECH,2022,8,5.72,Average,2,True
S08734,Priya Bhat,priya.bhat69@college.ac.in,AIML,2024,4,6.28,Average,4,True
S08735,Amina Varma,amina.varma55@college.ac.in,ECE,2024,4,4.9,At Risk,2,True
S08736,Avinash Hegde,avinash.hegde37@college.ac.in,MECH,2022,8,6.41,Average,1,True
S08737,Mohammed Chauhan,mohammed.chauhan47@college.ac.in,AIML,2023,6,6.26,Average,4,True
S08738,Ravi Venkataraman,ravi.venkataraman96@college.ac.in,ECE,2025,2,7.19,Good,0,False
S08739,Mansi Mishra,mansi.mishra60@college.ac.in,CSE,2023,6,5.54,Average,2,True
S08740,Kavya Karunakaran,kavya.karunakaran92@college.ac.in,AIML,2023,6,7.76,Good,0,False
S08741,Madhan Kulkarni,madhan.kulkarni84@college.ac.in,AIML,2025,2,5.1,At Risk,4,True
S08742,Ayesha Mehta,ayesha.mehta98@college.ac.in,ECE,2024,3,5.7,Average,1,False
S08743,Krishnan Natarajan,krishnan.natarajan11@college.ac.in,ECE,2024,4,7.58,Good,0,False
S08744,Sreejith Nair,sreejith.nair36@college.ac.in,CSE,2024,4,7.48,Good,0,False
S08745,Sreejith Murthy,sreejith.murthy17@college.ac.in,MECH,2025,2,7.56,Good,0,False
S08746,Adil Pillai,adil.pillai14@college.ac.in,ECE,2022,8,7.92,Good,0,False
S08747,Vignesh Mishra,vignesh.mishra21@college.ac.in,MECH,2024,4,7.05,Good,0,False
S08748,Suresh Babu,suresh.babu45@college.ac.in,ECE,2024,4,6.24,Average,0,False
S08749,Junaid Dubey,junaid.dubey52@college.ac.in,MECH,2024,3,7.25,Good,0,False
S08750,Kritika Hussain,kritika.hussain55@college.ac.in,CSE,2023,6,8.28,Good,0,False
S08751,Rajan Kamath,rajan.kamath71@college.ac.in,ECE,2024,4,6.11,Average,4,True
S08752,Amal Patil,amal.patil21@college.ac.in,ECE,2022,8,6.29,Average,4,True
S08753,Madhan Gupta,madhan.gupta43@college.ac.in,CSE,2023,6,8.22,Good,0,False
S08754,Revathi Pillai,revathi.pillai93@college.ac.in,AIML,2024,4,6.64,Average,0,False
S08755,Krishnan Venkataraman,krishnan.venkataraman39@college.ac.in,MECH,2022,8,7.31,Good,0,False
S08756,Vignesh Kulkarni,vignesh.kulkarni44@college.ac.in,CSE,2025,2,5.28,At Risk,4,True
S08757,Pooja Babu,pooja.babu58@college.ac.in,CSE,2023,5,6.93,Average,0,False
S08758,Nithish Singh,nithish.singh59@college.ac.in,AIML,2022,8,6.87,Average,0,False
S08759,Nisha Prasad,nisha.prasad46@college.ac.in,CSE,2023,5,6.97,Average,0,False
S08760,Nadia Iyer,nadia.iyer22@college.ac.in,ECE,2022,8,7.65,Good,3,False
S08761,Ananya Khan,ananya.khan80@college.ac.in,ECE,2025,2,4.83,At Risk,6,True
S08762,Kavya Patil,kavya.patil59@college.ac.in,CSE,2023,6,6.29,Average,3,True
S08763,Vishnu Varma,vishnu.varma32@college.ac.in,AIML,2024,4,7.85,Good,0,False
S08764,Piyush Ansari,piyush.ansari20@college.ac.in,MECH,2023,6,6.66,Average,0,False
S08765,Praveen Kulkarni,praveen.kulkarni72@college.ac.in,MECH,2025,2,5.79,Average,2,True
S08766,Prerna Joshi,prerna.joshi78@college.ac.in,MECH,2024,4,5.24,At Risk,1,True
S08767,Tanvi Rao,tanvi.rao97@college.ac.in,CSE,2024,4,6.13,Average,0,False
S08768,Shreya Sheikh,shreya.sheikh49@college.ac.in,MECH,2022,8,5.46,At Risk,4,True
S08769,Nisha Mishra,nisha.mishra11@college.ac.in,MECH,2024,4,5.99,Average,3,False
S08770,Sachin Das,sachin.das44@college.ac.in,MECH,2024,4,4.79,At Risk,4,True
S08771,Deepak Tiwari,deepak.tiwari43@college.ac.in,CSE,2025,2,8.77,Excellent,0,False
S08772,Nikhil Joshi,nikhil.joshi40@college.ac.in,ECE,2024,4,5.09,At Risk,4,False
S08773,Akash Mishra,akash.mishra28@college.ac.in,MECH,2024,4,7.37,Good,0,False
S08774,Karthik Hegde,karthik.hegde41@college.ac.in,AIML,2023,6,7.08,Good,0,False
S08775,Asif Hussain,asif.hussain76@college.ac.in,CSE,2025,2,6.57,Average,0,False
S08776,Surya Prasad,surya.prasad57@college.ac.in,CSE,2025,2,8.1,Good,0,False
S08777,Rohit Bhat,rohit.bhat95@college.ac.in,AIML,2023,6,6.15,Average,0,False
S08778,Aman Tiwari,aman.tiwari20@college.ac.in,AIML,2023,5,7.49,Good,0,False
S08779,Avinash Chetty,avinash.chetty53@college.ac.in,MECH,2022,8,5.36,At Risk,3,True
S08780,Sana Murthy,sana.murthy49@college.ac.in,CSE,2025,2,7.84,Good,0,False
S08781,Simran Yadav,simran.yadav31@college.ac.in,AIML,2025,2,7.34,Good,0,False
S08782,Sana Kulkarni,sana.kulkarni17@college.ac.in,AIML,2024,3,6.55,Average,0,False
S08783,Nithya Warrier,nithya.warrier63@college.ac.in,CSE,2024,4,6.67,Average,1,False
S08784,Akash Singh,akash.singh95@college.ac.in,MECH,2025,2,5.53,Average,5,True
S08785,Simran Velayudhan,simran.velayudhan70@college.ac.in,AIML,2024,4,5.87,Average,2,True
S08786,Muralidhar Kumar,muralidhar.kumar81@college.ac.in,ECE,2024,4,6.09,Average,2,True
S08787,Sreejith Siddiqui,sreejith.siddiqui38@college.ac.in,CSE,2024,4,6.76,Average,0,False
S08788,Bilal Varma,bilal.varma24@college.ac.in,CSE,2023,6,6.89,Average,5,False
S08789,Swati Nambiar,swati.nambiar716@college.ac.in,ECE,2022,8,6.5,Average,0,False
S08790,Sonal Kulkarni,sonal.kulkarni37@college.ac.in,CSE,2023,6,6.94,Average,0,False
S08791,Nisha Varma,nisha.varma40@college.ac.in,ECE,2024,4,5.91,Average,1,True
S08792,Asif Mirza,asif.mirza32@college.ac.in,AIML,2022,8,6.93,Average,0,False
S08793,Ramya Menon,ramya.menon22@college.ac.in,AIML,2022,8,7.9,Good,0,False
S08794,Ananya Reddy,ananya.reddy60@college.ac.in,CSE,2025,2,7.63,Good,5,True
S08795,Prithviraj Reddy,prithviraj.reddy12@college.ac.in,ECE,2025,2,5.82,Average,6,True
S08796,Ganesh Iyer,ganesh.iyer51@college.ac.in,MECH,2022,8,7.76,Good,0,False
S08797,Vishnu Siddiqui,vishnu.siddiqui46@college.ac.in,MECH,2024,4,4.15,At Risk,3,False
S08798,Sana Mirza,sana.mirza90@college.ac.in,MECH,2024,4,5.3,At Risk,5,True
S08799,Ankita Natarajan,ankita.natarajan17@college.ac.in,ECE,2025,2,4.51,At Risk,5,True
S08800,Rizwan Dubey,rizwan.dubey630@college.ac.in,ECE,2022,8,6.44,Average,2,False
S08801,Rishita Shah,rishita.shah56@college.ac.in,CSE,2022,8,7.01,Good,3,False
S08802,Nisha Mishra,nisha.mishra48@college.ac.in,CSE,2025,2,6.59,Average,0,False
S08803,Tanvi Selvam,tanvi.selvam75@college.ac.in,AIML,2023,5,6.62,Average,4,False
S08804,Prerna Selvam,prerna.selvam56@college.ac.in,MECH,2025,2,5.9,Average,1,True
S08805,Praveen Singh,praveen.singh74@college.ac.in,ECE,2022,8,6.03,Average,2,True
S08806,Dinesh Siddiqui,dinesh.siddiqui37@college.ac.in,AIML,2023,6,5.17,At Risk,3,True
S08807,Manoj Chetty,manoj.chetty81@college.ac.in,AIML,2025,2,6.42,Average,0,False
S08808,Rohit Chetty,rohit.chetty81@college.ac.in,CSE,2025,2,7.19,Good,0,False
S08809,Dinesh Dubey,dinesh.dubey84@college.ac.in,MECH,2022,8,7.88,Good,0,False
S08810,Rizwan Chandrasekaran,rizwan.chandrasekaran99@college.ac.in,AIML,2025,2,4.83,At Risk,5,False
S08811,Nair Natarajan,nair.natarajan61@college.ac.in,AIML,2024,4,5.93,Average,5,True
S08812,Ajith Nambiar,ajith.nambiar92@college.ac.in,CSE,2025,2,5.96,Average,2,False
S08813,Saranya Patel,saranya.patel18@college.ac.in,ECE,2025,2,6.58,Average,0,False
S08814,Manoj Yadav,manoj.yadav73@college.ac.in,ECE,2022,8,6.2,Average,1,True
S08815,Arjun Arumugam,arjun.arumugam67@college.ac.in,MECH,2022,8,7.35,Good,2,False
S08816,Vishnu Subramaniam,vishnu.subramaniam98@college.ac.in,MECH,2025,2,6.45,Average,5,False
S08817,Siddharth Yadav,siddharth.yadav16@college.ac.in,MECH,2024,4,6.1,Average,0,False
S08818,Rizwan Kamath,rizwan.kamath32@college.ac.in,CSE,2023,6,7.68,Good,0,False
S08819,Asif Gopalakrishnan,asif.gopalakrishnan77@college.ac.in,ECE,2022,8,6.86,Average,0,False
S08820,Dhanush Das,dhanush.das25@college.ac.in,MECH,2023,6,6.33,Average,0,False
S08821,Farhan Velayudhan,farhan.velayudhan18@college.ac.in,ECE,2023,6,4.91,At Risk,4,False
S08822,Asif Subramaniam,asif.subramaniam32@college.ac.in,CSE,2022,8,6.9,Average,0,False
S08823,Manoj Mishra,manoj.mishra59@college.ac.in,ECE,2024,4,6.89,Average,0,False
S08824,Vijay Prasad,vijay.prasad15@college.ac.in,MECH,2023,6,7.03,Good,0,False
S08825,Ravi Pandey,ravi.pandey408@college.ac.in,ECE,2024,4,5.71,Average,4,True
S08826,Nikhil Qureshi,nikhil.qureshi79@college.ac.in,CSE,2022,8,7.47,Good,0,False
S08827,Farhan Bhat,farhan.bhat79@college.ac.in,CSE,2023,6,6.96,Average,0,False
S08828,Ayesha Verma,ayesha.verma26@college.ac.in,CSE,2022,8,7.71,Good,0,False
S08829,Gaurav Sharma,gaurav.sharma75@college.ac.in,MECH,2022,8,7.32,Good,0,False
S08830,Arun Sharma,arun.sharma25@college.ac.in,ECE,2023,6,6.82,Average,1,False
S08831,Zainab Prasad,zainab.prasad15@college.ac.in,MECH,2025,2,5.7,Average,2,True
S08832,Amina Pandey,amina.pandey47@college.ac.in,CSE,2023,6,6.66,Average,3,True
S08833,Irfan Das,irfan.das92@college.ac.in,CSE,2023,6,5.32,At Risk,2,True
S08834,Arjun Selvam,arjun.selvam44@college.ac.in,CSE,2024,4,7.42,Good,5,False
S08835,Manoj Sheikh,manoj.sheikh25@college.ac.in,CSE,2022,8,5.8,Average,3,True
S08836,Shahid Tiwari,shahid.tiwari21@college.ac.in,MECH,2023,5,6.61,Average,0,False
S08837,Ankita Venkataraman,ankita.venkataraman27@college.ac.in,ECE,2024,3,6.87,Average,1,False
S08838,Ganesh Bhat,ganesh.bhat36@college.ac.in,AIML,2023,6,6.68,Average,0,False
S08839,Nikhil Menon,nikhil.menon56@college.ac.in,AIML,2023,6,5.98,Average,4,True
S08840,Rizwan Bhat,rizwan.bhat18@college.ac.in,AIML,2023,6,6.82,Average,0,False
S08841,Aman Rajan,aman.rajan37@college.ac.in,MECH,2023,5,5.79,Average,5,True
S08842,Rizwan Iyer,rizwan.iyer60@college.ac.in,ECE,2023,6,6.8,Average,0,False
S08843,Asif Kamath,asif.kamath12@college.ac.in,CSE,2023,6,5.35,At Risk,3,True
S08844,Pallavi Venkataraman,pallavi.venkataraman55@college.ac.in,MECH,2023,6,6.57,Average,1,False
S08845,Keerthi Siddiqui,keerthi.siddiqui88@college.ac.in,AIML,2024,3,6.26,Average,3,True
S08846,Sachin Iyer,sachin.iyer82@college.ac.in,ECE,2024,3,6.5,Average,0,False
S08847,Rahul Rao,rahul.rao60@college.ac.in,CSE,2022,8,7.1,Good,0,False
S08848,Amal Rao,amal.rao31@college.ac.in,AIML,2023,5,7.27,Good,2,False
S08849,Vijay Venkataraman,vijay.venkataraman57@college.ac.in,MECH,2022,8,5.49,At Risk,4,False
S08850,Junaid Gopalakrishnan,junaid.gopalakrishnan18@college.ac.in,CSE,2025,2,8.4,Good,0,False
S08851,Bilal Kumar,bilal.kumar11@college.ac.in,CSE,2023,6,5.9,Average,4,True
S08852,Swati Hegde,swati.hegde47@college.ac.in,ECE,2023,6,6.68,Average,2,False
S08853,Varun Kumar,varun.kumar85@college.ac.in,CSE,2024,4,6.64,Average,0,False
S08854,Keerthi Kulkarni,keerthi.kulkarni63@college.ac.in,MECH,2024,4,6.48,Average,0,False
S08855,Pooja Kumar,pooja.kumar72@college.ac.in,ECE,2022,8,6.94,Average,1,False
S08856,Nadia Mehta,nadia.mehta50@college.ac.in,AIML,2024,4,5.43,At Risk,6,True
S08857,Vijay Shetty,vijay.shetty38@college.ac.in,AIML,2024,4,4.1,At Risk,5,True
S08858,Harish Nair,harish.nair59@college.ac.in,MECH,2022,8,6.5,Average,0,False
S08859,Syed Kumar,syed.kumar82@college.ac.in,AIML,2024,4,8.0,Good,0,False
S08860,Irfan Hussain,irfan.hussain92@college.ac.in,AIML,2023,6,7.88,Good,0,False
S08861,Gaurav Menon,gaurav.menon54@college.ac.in,CSE,2025,2,3.37,At Risk,5,True
S08862,Farhan Varma,farhan.varma90@college.ac.in,CSE,2025,2,5.1,At Risk,3,True
S08863,Abhijith Namboothiri,abhijith.namboothiri40@college.ac.in,AIML,2023,6,4.74,At Risk,6,False
S08864,Harikrishna Babu,harikrishna.babu31@college.ac.in,AIML,2024,4,7.26,Good,1,False
S08865,Babu Kulkarni,babu.kulkarni92@college.ac.in,CSE,2022,8,5.86,Average,3,True
S08866,Divya Arumugam,divya.arumugam61@college.ac.in,CSE,2024,4,5.54,Average,4,True
S08867,Shreya Bhat,shreya.bhat33@college.ac.in,MECH,2024,4,7.09,Good,0,False
S08868,Ravi Gopalakrishnan,ravi.gopalakrishnan62@college.ac.in,ECE,2025,2,7.46,Good,0,False
S08869,Shubham Mehta,shubham.mehta22@college.ac.in,MECH,2022,8,7.95,Good,0,False
S08870,Zubair Qureshi,zubair.qureshi74@college.ac.in,MECH,2023,5,6.17,Average,1,False
S08871,Lakshmi Rajan,lakshmi.rajan30@college.ac.in,CSE,2023,6,7.38,Good,0,False
S08872,Nithya Prasad,nithya.prasad38@college.ac.in,MECH,2024,4,6.14,Average,5,True
S08873,Ramesh Singh,ramesh.singh74@college.ac.in,MECH,2025,2,5.78,Average,4,True
S08874,Fatima Iyer,fatima.iyer36@college.ac.in,AIML,2024,4,6.14,Average,0,False
S08875,Nithish Gupta,nithish.gupta44@college.ac.in,CSE,2025,2,8.42,Good,0,False
S08876,Pallavi Desai,pallavi.desai20@college.ac.in,AIML,2024,4,6.24,Average,0,False
S08877,Hiba Reddy,hiba.reddy45@college.ac.in,CSE,2023,6,6.83,Average,0,False
S08878,Vignesh Yadav,vignesh.yadav72@college.ac.in,MECH,2025,2,3.97,At Risk,5,False
S08879,Fatima Varma,fatima.varma32@college.ac.in,CSE,2023,5,7.62,Good,5,False
S08880,Mohammed Pandey,mohammed.pandey11@college.ac.in,MECH,2022,8,6.73,Average,0,False
S08881,Dhanush Menon,dhanush.menon32@college.ac.in,MECH,2022,8,7.04,Good,0,False
S08882,Priya Chauhan,priya.chauhan23@college.ac.in,ECE,2025,2,4.68,At Risk,3,True
S08883,Rajan Krishnan,rajan.krishnan11@college.ac.in,CSE,2024,4,4.2,At Risk,5,True
S08884,Sreejith Gopalakrishnan,sreejith.gopalakrishnan90@college.ac.in,ECE,2022,8,6.33,Average,0,False
S08885,Arjun Singh,arjun.singh63@college.ac.in,ECE,2022,8,6.46,Average,5,False
S08886,Prerna Joshi,prerna.joshi23@college.ac.in,CSE,2023,6,6.59,Average,3,True
S08887,Sanjay Natarajan,sanjay.natarajan70@college.ac.in,MECH,2022,8,7.63,Good,0,False
S08888,Nikhil Kumar,nikhil.kumar75@college.ac.in,MECH,2024,4,6.02,Average,0,False
S08889,Salman Desai,salman.desai55@college.ac.in,CSE,2024,4,7.15,Good,0,False
S08890,Hiba Nair,hiba.nair29@college.ac.in,ECE,2025,2,7.92,Good,0,False
S08891,Adil Chandrasekaran,adil.chandrasekaran40@college.ac.in,ECE,2022,8,4.98,At Risk,1,True
S08892,Ankita Varma,ankita.varma15@college.ac.in,AIML,2023,6,7.07,Good,0,False
S08893,Nithya Hussain,nithya.hussain26@college.ac.in,ECE,2024,4,6.86,Average,0,False
S08894,Vishnu Subramaniam,vishnu.subramaniam10@college.ac.in,CSE,2022,8,6.14,Average,5,True
S08895,Amina Sharma,amina.sharma93@college.ac.in,ECE,2025,2,6.04,Average,3,False
S08896,Shubham Venkataraman,shubham.venkataraman92@college.ac.in,AIML,2023,6,7.25,Good,0,False
S08897,Abhijith Mirza,abhijith.mirza63@college.ac.in,MECH,2022,8,6.53,Average,3,True
S08898,Harikrishna Siddiqui,harikrishna.siddiqui10@college.ac.in,AIML,2024,4,6.89,Average,0,False
S08899,Vivek Qureshi,vivek.qureshi91@college.ac.in,AIML,2024,4,6.17,Average,0,False
S08900,Dinesh Rao,dinesh.rao85@college.ac.in,MECH,2023,6,6.2,Average,0,False
S08901,Dhanush Hussain,dhanush.hussain20@college.ac.in,AIML,2024,4,4.73,At Risk,4,True
S08902,Irfan Rao,irfan.rao63@college.ac.in,CSE,2023,5,5.81,Average,4,True
S08903,Mansi Hegde,mansi.hegde58@college.ac.in,CSE,2023,6,6.59,Average,5,False
S08904,Prerna Shah,prerna.shah44@college.ac.in,MECH,2025,2,6.14,Average,4,False
S08905,Naveen Menon,naveen.menon32@college.ac.in,MECH,2023,6,5.61,Average,2,True
S08906,Ramesh Natarajan,ramesh.natarajan51@college.ac.in,CSE,2022,8,7.39,Good,0,False
S08907,Gaurav Yadav,gaurav.yadav80@college.ac.in,MECH,2024,4,7.41,Good,0,False
S08908,Lakshmi Joshi,lakshmi.joshi39@college.ac.in,AIML,2022,8,7.95,Good,0,False
S08909,Pillai Ansari,pillai.ansari40@college.ac.in,AIML,2024,4,7.7,Good,0,False
S08910,Bilal Bhat,bilal.bhat48@college.ac.in,MECH,2024,4,7.59,Good,0,False
S08911,Manoj Krishnan,manoj.krishnan18@college.ac.in,AIML,2023,6,7.95,Good,0,False
S08912,Ganesh Kulkarni,ganesh.kulkarni90@college.ac.in,CSE,2023,6,6.89,Average,0,False
S08913,Piyush Nair,piyush.nair24@college.ac.in,AIML,2022,8,6.32,Average,0,False
S08914,Mohammed Das,mohammed.das92@college.ac.in,ECE,2025,2,5.83,Average,4,True
S08915,Revathi Dubey,revathi.dubey49@college.ac.in,MECH,2022,8,6.53,Average,0,False
S08916,Vishnu Pillai,vishnu.pillai65@college.ac.in,ECE,2024,4,7.35,Good,0,False
S08917,Zubair Naidu,zubair.naidu75@college.ac.in,MECH,2025,2,7.45,Good,0,False
S08918,Siddharth Rao,siddharth.rao76@college.ac.in,ECE,2025,2,6.53,Average,1,True
S08919,Menon Qureshi,menon.qureshi26@college.ac.in,MECH,2023,6,6.83,Average,0,False
S08920,Rukhsar Nair,rukhsar.nair21@college.ac.in,CSE,2023,6,6.2,Average,0,False
S08921,Suresh Dubey,suresh.dubey62@college.ac.in,MECH,2023,6,5.79,Average,1,True
S08922,Avinash Malik,avinash.malik19@college.ac.in,AIML,2025,2,5.47,At Risk,5,True
S08923,Rizwan Natarajan,rizwan.natarajan99@college.ac.in,MECH,2025,2,8.52,Excellent,0,False
S08924,Pillai Chauhan,pillai.chauhan49@college.ac.in,AIML,2024,4,4.97,At Risk,2,True
S08925,Vignesh Joshi,vignesh.joshi79@college.ac.in,MECH,2023,5,6.87,Average,0,False
S08926,Ananya Hussain,ananya.hussain67@college.ac.in,CSE,2023,6,7.77,Good,0,False
S08927,Nadia Dubey,nadia.dubey65@college.ac.in,ECE,2023,6,5.29,At Risk,2,True
S08928,Sachin Chauhan,sachin.chauhan87@college.ac.in,ECE,2023,6,6.92,Average,4,False
S08929,Deepak Iyer,deepak.iyer63@college.ac.in,CSE,2023,5,6.79,Average,0,False
S08930,Ganesh Mehta,ganesh.mehta37@college.ac.in,ECE,2024,4,6.86,Average,0,False
S08931,Faisal Tiwari,faisal.tiwari87@college.ac.in,CSE,2024,4,6.35,Average,3,False
S08932,Farhan Kamath,farhan.kamath78@college.ac.in,AIML,2022,8,8.0,Good,0,False
S08933,Aditi Ansari,aditi.ansari16@college.ac.in,CSE,2023,6,7.72,Good,0,False
S08934,Farhan Rao,farhan.rao40@college.ac.in,MECH,2024,3,6.35,Average,1,False
S08935,Ajith Chauhan,ajith.chauhan60@college.ac.in,CSE,2022,8,8.08,Good,0,False
S08936,Sathish Mirza,sathish.mirza81@college.ac.in,CSE,2025,2,7.56,Good,0,False
S08937,Neha Pandey,neha.pandey37@college.ac.in,CSE,2024,4,6.06,Average,5,False
S08938,Nithish Sharma,nithish.sharma71@college.ac.in,ECE,2022,8,5.33,At Risk,6,True
S08939,Rukhsar Sheikh,rukhsar.sheikh57@college.ac.in,MECH,2022,8,7.77,Good,0,False
S08940,Saranya Joshi,saranya.joshi79@college.ac.in,CSE,2023,6,7.32,Good,0,False
S08941,Nisha Chandrasekaran,nisha.chandrasekaran32@college.ac.in,MECH,2023,6,6.29,Average,0,False
S08942,Vikram Shetty,vikram.shetty47@college.ac.in,ECE,2023,6,6.41,Average,0,False
S08943,Fatima Gupta,fatima.gupta88@college.ac.in,AIML,2023,6,7.09,Good,0,False
S08944,Ankit Singh,ankit.singh72@college.ac.in,ECE,2024,4,5.32,At Risk,2,False
S08945,Avinash Tiwari,avinash.tiwari92@college.ac.in,AIML,2024,3,5.39,At Risk,2,False
S08946,Vignesh Karunakaran,vignesh.karunakaran77@college.ac.in,CSE,2024,4,7.33,Good,0,False
S08947,Nikhil Ansari,nikhil.ansari40@college.ac.in,AIML,2025,2,4.44,At Risk,1,True
S08948,Piyush Varma,piyush.varma71@college.ac.in,ECE,2022,8,7.28,Good,0,False
S08949,Hiba Rajan,hiba.rajan17@college.ac.in,CSE,2022,8,6.1,Average,4,True
S08950,Usman Patil,usman.patil53@college.ac.in,MECH,2023,6,7.9,Good,0,False
S08951,Asif Mehta,asif.mehta45@college.ac.in,ECE,2024,3,3.59,At Risk,2,True
S08952,Surya Rao,surya.rao82@college.ac.in,CSE,2022,8,6.79,Average,0,False
S08953,Logesh Kamath,logesh.kamath24@college.ac.in,CSE,2024,4,6.3,Average,6,False
S08954,Junaid Nair,junaid.nair97@college.ac.in,CSE,2024,4,7.36,Good,0,False
S08955,Meena Shetty,meena.shetty16@college.ac.in,MECH,2024,3,5.79,Average,3,True
S08956,Nithish Gupta,nithish.gupta34@college.ac.in,AIML,2024,4,7.6,Good,2,False
S08957,Nair Verma,nair.verma76@college.ac.in,MECH,2023,6,5.54,Average,3,True
S08958,Harikrishna Bhat,harikrishna.bhat30@college.ac.in,MECH,2022,8,6.33,Average,1,False
S08959,Surya Naidu,surya.naidu80@college.ac.in,ECE,2025,2,6.71,Average,0,False
S08960,Rizwan Shetty,rizwan.shetty43@college.ac.in,AIML,2024,4,6.96,Average,0,False
S08961,Ramya Natarajan,ramya.natarajan30@college.ac.in,ECE,2023,6,7.0,Good,0,False
S08962,Athul Shetty,athul.shetty94@college.ac.in,CSE,2024,4,5.01,At Risk,3,True
S08963,Muralidhar Tiwari,muralidhar.tiwari73@college.ac.in,CSE,2025,2,7.28,Good,0,False
S08964,Aishwarya Mehta,aishwarya.mehta38@college.ac.in,MECH,2023,6,6.83,Average,0,False
S08965,Aman Iyengar,aman.iyengar10@college.ac.in,MECH,2024,4,4.56,At Risk,5,True
S08966,Siddharth Joshi,siddharth.joshi47@college.ac.in,CSE,2024,4,8.18,Good,0,False
S08967,Aditi Patel,aditi.patel15@college.ac.in,ECE,2024,4,6.72,Average,0,False
S08968,Manoj Babu,manoj.babu15@college.ac.in,CSE,2025,2,8.64,Excellent,0,False
S08969,Manoj Rao,manoj.rao34@college.ac.in,AIML,2022,8,7.85,Good,0,False
S08970,Praveen Shah,praveen.shah83@college.ac.in,CSE,2023,6,7.61,Good,0,False
S08971,Vijay Pillai,vijay.pillai30@college.ac.in,MECH,2025,2,7.28,Good,0,False
S08972,Rukhsar Hegde,rukhsar.hegde45@college.ac.in,CSE,2024,4,6.97,Average,0,False
S08973,Rishita Verma,rishita.verma91@college.ac.in,ECE,2025,2,7.89,Good,0,False
S08974,Nikhil Tiwari,nikhil.tiwari16@college.ac.in,CSE,2022,8,5.99,Average,2,True
S08975,Babu Dubey,babu.dubey25@college.ac.in,MECH,2023,6,6.84,Average,0,False
S08976,Ganesh Dubey,ganesh.dubey67@college.ac.in,CSE,2025,2,6.4,Average,0,False
S08977,Aishwarya Gopalakrishnan,aishwarya.gopalakrishnan31@college.ac.in,MECH,2023,6,5.47,At Risk,1,True
S08978,Ankita Natarajan,ankita.natarajan54@college.ac.in,CSE,2025,2,6.78,Average,2,True
S08979,Tanvi Singh,tanvi.singh24@college.ac.in,AIML,2023,6,6.38,Average,0,False
S08980,Ananya Naidu,ananya.naidu95@college.ac.in,CSE,2023,6,7.86,Good,2,False
S08981,Akash Velayudhan,akash.velayudhan43@college.ac.in,AIML,2025,2,2.29,At Risk,2,True
S08982,Prithviraj Qureshi,prithviraj.qureshi98@college.ac.in,MECH,2023,6,6.19,Average,4,True
S08983,Saranya Natarajan,saranya.natarajan74@college.ac.in,CSE,2024,3,7.24,Good,5,False
S08984,Arjun Rao,arjun.rao35@college.ac.in,AIML,2022,8,7.72,Good,0,False
S08985,Pillai Rao,pillai.rao62@college.ac.in,ECE,2023,6,7.83,Good,0,False
S08986,Prerna Gopalakrishnan,prerna.gopalakrishnan95@college.ac.in,ECE,2023,6,5.44,At Risk,2,True
S08987,Zubair Chetty,zubair.chetty88@college.ac.in,ECE,2023,6,5.13,At Risk,4,True
S08988,Sreejith Nambiar,sreejith.nambiar92@college.ac.in,MECH,2024,4,6.18,Average,0,False
S08989,Mansi Verma,mansi.verma82@college.ac.in,MECH,2023,5,4.72,At Risk,4,True
S08990,Tanvi Siddiqui,tanvi.siddiqui65@college.ac.in,MECH,2023,6,6.71,Average,0,False
S08991,Vijay Sheikh,vijay.sheikh75@college.ac.in,CSE,2023,6,8.0,Good,0,False
S08992,Vivek Malik,vivek.malik21@college.ac.in,CSE,2025,2,7.12,Good,0,False
S08993,Amit Chandrasekaran,amit.chandrasekaran53@college.ac.in,AIML,2024,4,4.86,At Risk,2,True
S08994,Vivek Rajan,vivek.rajan62@college.ac.in,ECE,2024,4,6.82,Average,0,False
S08995,Adil Siddiqui,adil.siddiqui44@college.ac.in,CSE,2024,4,6.08,Average,4,False
S08996,Surya Natarajan,surya.natarajan17@college.ac.in,ECE,2022,8,6.16,Average,4,True
S08997,Akash Kulkarni,akash.kulkarni95@college.ac.in,ECE,2024,4,6.85,Average,0,False
S08998,Saranya Rajan,saranya.rajan32@college.ac.in,ECE,2022,8,6.65,Average,3,True
S08999,Ramesh Chauhan,ramesh.chauhan35@college.ac.in,CSE,2022,8,5.73,Average,2,True
S09000,Sanjay Mishra,sanjay.mishra25@college.ac.in,CSE,2024,4,8.06,Good,0,False
S09001,Rajan Pandey,rajan.pandey15@college.ac.in,CSE,2023,6,7.49,Good,0,False
S09002,Farhan Chandrasekaran,farhan.chandrasekaran92@college.ac.in,CSE,2025,2,6.22,Average,0,False
S09003,Shahid Shah,shahid.shah10@college.ac.in,MECH,2022,8,7.8,Good,0,False
S09004,Lakshmi Gupta,lakshmi.gupta87@college.ac.in,ECE,2024,3,5.43,At Risk,3,True
S09005,Aamir Namboothiri,aamir.namboothiri59@college.ac.in,CSE,2025,2,7.27,Good,0,False
S09006,Usman Hussain,usman.hussain76@college.ac.in,AIML,2022,8,6.31,Average,3,True
S09007,Nikhil Nambiar,nikhil.nambiar99@college.ac.in,ECE,2023,5,6.9,Average,0,False
S09008,Vijay Shetty,vijay.shetty55@college.ac.in,CSE,2024,4,6.79,Average,4,False
S09009,Jithin Pillai,jithin.pillai67@college.ac.in,AIML,2023,6,6.37,Average,1,False
S09010,Jithin Ansari,jithin.ansari78@college.ac.in,AIML,2022,8,6.54,Average,0,False
S09011,Amit Gopalakrishnan,amit.gopalakrishnan35@college.ac.in,CSE,2022,8,6.12,Average,4,True
S09012,Fatima Joshi,fatima.joshi65@college.ac.in,MECH,2025,2,7.31,Good,0,False
S09013,Shubham Reddy,shubham.reddy11@college.ac.in,ECE,2025,2,7.09,Good,0,False
S09014,Sachin Yadav,sachin.yadav72@college.ac.in,CSE,2024,4,6.21,Average,5,False
S09015,Avinash Tiwari,avinash.tiwari39@college.ac.in,AIML,2024,4,6.51,Average,0,False
S09016,Ganesh Desai,ganesh.desai43@college.ac.in,MECH,2025,2,6.33,Average,0,False
S09017,Dhanush Pillai,dhanush.pillai58@college.ac.in,ECE,2024,4,5.43,At Risk,2,True
S09018,Aishwarya Krishnan,aishwarya.krishnan23@college.ac.in,AIML,2022,8,6.18,Average,3,True
S09019,Kritika Tiwari,kritika.tiwari84@college.ac.in,MECH,2024,4,5.05,At Risk,5,True
S09020,Dhanush Rajan,dhanush.rajan28@college.ac.in,ECE,2024,4,7.5,Good,1,True
S09021,Ayesha Naidu,ayesha.naidu20@college.ac.in,AIML,2024,3,6.32,Average,5,False
S09022,Logesh Subramaniam,logesh.subramaniam53@college.ac.in,ECE,2025,2,6.56,Average,0,False
S09023,Shreya Nambiar,shreya.nambiar40@college.ac.in,AIML,2022,8,5.76,Average,5,True
S09024,Junaid Tiwari,junaid.tiwari26@college.ac.in,CSE,2023,6,6.66,Average,0,False
S09025,Sanjay Mehta,sanjay.mehta91@college.ac.in,MECH,2024,4,6.14,Average,0,False
S09026,Rohit Naidu,rohit.naidu67@college.ac.in,CSE,2023,6,7.76,Good,0,False
S09027,Jithin Krishnan,jithin.krishnan97@college.ac.in,CSE,2022,8,6.2,Average,4,False
S09028,Ankita Dubey,ankita.dubey73@college.ac.in,CSE,2025,2,7.8,Good,0,False
S09029,Simran Pandey,simran.pandey69@college.ac.in,MECH,2025,2,5.35,At Risk,4,True
S09030,Ramesh Arumugam,ramesh.arumugam35@college.ac.in,MECH,2022,8,7.45,Good,0,False
S09031,Suresh Warrier,suresh.warrier11@college.ac.in,CSE,2025,2,6.35,Average,2,False
S09032,Rishita Subramaniam,rishita.subramaniam98@college.ac.in,MECH,2022,8,6.07,Average,1,False
S09033,Harish Iyengar,harish.iyengar86@college.ac.in,ECE,2024,4,7.48,Good,0,False
S09034,Piyush Rao,piyush.rao75@college.ac.in,AIML,2025,2,6.38,Average,0,False
S09035,Sanjay Hussain,sanjay.hussain94@college.ac.in,ECE,2023,5,6.6,Average,0,False
S09036,Dinesh Natarajan,dinesh.natarajan21@college.ac.in,ECE,2022,8,6.31,Average,0,False
S09037,Vijay Iyengar,vijay.iyengar87@college.ac.in,AIML,2025,2,6.25,Average,0,False
S09038,Bilal Reddy,bilal.reddy38@college.ac.in,CSE,2023,6,6.73,Average,0,False
S09039,Shubham Ansari,shubham.ansari88@college.ac.in,AIML,2024,4,7.25,Good,0,False
S09040,Farhan Ansari,farhan.ansari69@college.ac.in,AIML,2024,4,7.02,Good,0,False
S09041,Aman Das,aman.das62@college.ac.in,AIML,2024,3,4.98,At Risk,3,True
S09042,Rizwan Naidu,rizwan.naidu56@college.ac.in,CSE,2024,4,7.15,Good,4,False
S09043,Naveen Naidu,naveen.naidu40@college.ac.in,ECE,2022,8,5.74,Average,5,True
S09044,Lakshmi Patil,lakshmi.patil48@college.ac.in,MECH,2024,4,4.21,At Risk,1,True
S09045,Siddharth Joshi,siddharth.joshi81@college.ac.in,AIML,2023,6,8.3,Good,0,False
S09046,Pallavi Rao,pallavi.rao359@college.ac.in,AIML,2024,4,7.28,Good,0,False
S09047,Priya Iyer,priya.iyer43@college.ac.in,MECH,2023,6,5.27,At Risk,1,True
S09048,Priya Nair,priya.nair42@college.ac.in,ECE,2023,6,7.93,Good,0,False
S09049,Swati Das,swati.das83@college.ac.in,ECE,2024,4,6.95,Average,0,False
S09050,Kavya Arumugam,kavya.arumugam55@college.ac.in,CSE,2025,2,7.63,Good,0,False
S09051,Shahid Kumar,shahid.kumar56@college.ac.in,AIML,2024,4,6.96,Average,0,False
S09052,Harish Nair,harish.nair92@college.ac.in,MECH,2025,2,7.4,Good,0,False
S09053,Salman Nambiar,salman.nambiar35@college.ac.in,CSE,2023,5,7.61,Good,3,False
S09054,Syed Sharma,syed.sharma21@college.ac.in,ECE,2024,4,5.5,Average,2,False
S09055,Dhanush Pandey,dhanush.pandey33@college.ac.in,ECE,2024,4,5.49,At Risk,5,False
S09056,Fatima Iyer,fatima.iyer62@college.ac.in,ECE,2025,2,7.01,Good,0,False
S09057,Shahid Iyengar,shahid.iyengar15@college.ac.in,MECH,2025,2,7.6,Good,0,False
S09058,Sonal Dubey,sonal.dubey18@college.ac.in,CSE,2025,2,6.72,Average,0,False
S09059,Harikrishna Joshi,harikrishna.joshi23@college.ac.in,CSE,2023,6,7.01,Good,0,False
S09060,Deepak Desai,deepak.desai43@college.ac.in,ECE,2025,2,6.81,Average,0,False
S09061,Pillai Bhat,pillai.bhat45@college.ac.in,CSE,2024,4,7.22,Good,0,False
S09062,Ajith Khan,ajith.khan38@college.ac.in,CSE,2024,4,7.4,Good,0,False
S09063,Saranya Karunakaran,saranya.karunakaran12@college.ac.in,CSE,2022,8,6.73,Average,0,False
S09064,Zubair Iyengar,zubair.iyengar75@college.ac.in,MECH,2023,6,5.48,At Risk,4,True
S09065,Vishnu Tiwari,vishnu.tiwari44@college.ac.in,AIML,2025,2,6.92,Average,0,False
S09066,Imran Mehta,imran.mehta80@college.ac.in,ECE,2024,4,8.29,Good,0,False
S09067,Tarun Pandey,tarun.pandey12@college.ac.in,MECH,2024,4,6.39,Average,4,True
S09068,Mohammed Namboothiri,mohammed.namboothiri80@college.ac.in,AIML,2023,5,6.07,Average,0,False
S09069,Prerna Yadav,prerna.yadav69@college.ac.in,AIML,2022,8,5.8,Average,3,False
S09070,Jithin Mehta,jithin.mehta92@college.ac.in,CSE,2023,6,7.32,Good,0,False
S09071,Sathish Qureshi,sathish.qureshi57@college.ac.in,AIML,2025,2,8.47,Good,3,False
S09072,Surya Kulkarni,surya.kulkarni49@college.ac.in,ECE,2023,6,6.93,Average,0,False
S09073,Sana Mirza,sana.mirza22@college.ac.in,AIML,2024,4,7.58,Good,0,False
S09074,Syed Menon,syed.menon19@college.ac.in,CSE,2023,6,5.2,At Risk,5,True
S09075,Jithin Warrier,jithin.warrier60@college.ac.in,CSE,2023,5,6.15,Average,3,True
S09076,Usman Pandey,usman.pandey96@college.ac.in,CSE,2025,2,6.43,Average,5,False
S09077,Neha Murthy,neha.murthy12@college.ac.in,MECH,2023,6,5.73,Average,6,False
S09078,Nithya Krishnan,nithya.krishnan45@college.ac.in,ECE,2025,2,7.7,Good,0,False
S09079,Revathi Khan,revathi.khan66@college.ac.in,ECE,2025,2,5.76,Average,1,False
S09080,Pooja Babu,pooja.babu72@college.ac.in,MECH,2024,4,6.04,Average,0,False
S09081,Ramya Menon,ramya.menon70@college.ac.in,MECH,2023,6,6.81,Average,1,True
S09082,Vignesh Gopalakrishnan,vignesh.gopalakrishnan79@college.ac.in,AIML,2025,2,5.97,Average,3,True
S09083,Ajith Naidu,ajith.naidu22@college.ac.in,CSE,2024,4,6.9,Average,5,True
S09084,Sonal Joshi,sonal.joshi70@college.ac.in,AIML,2025,2,6.53,Average,0,False
S09085,Rajesh Mirza,rajesh.mirza66@college.ac.in,CSE,2023,6,6.84,Average,0,False
S09086,Praveen Mishra,praveen.mishra70@college.ac.in,MECH,2022,8,7.27,Good,0,False
S09087,Akash Bhat,akash.bhat18@college.ac.in,CSE,2025,2,7.71,Good,0,False
S09088,Ankita Arumugam,ankita.arumugam63@college.ac.in,MECH,2022,8,6.36,Average,0,False
S09089,Sreejith Hegde,sreejith.hegde89@college.ac.in,AIML,2024,3,4.98,At Risk,5,True
S09090,Vivek Nair,vivek.nair43@college.ac.in,MECH,2022,8,6.49,Average,0,False
S09091,Aamir Subramaniam,aamir.subramaniam43@college.ac.in,MECH,2024,4,4.62,At Risk,2,False
S09092,Simran Warrier,simran.warrier12@college.ac.in,CSE,2023,5,7.15,Good,0,False
S09093,Vivek Verma,vivek.verma17@college.ac.in,CSE,2022,8,7.69,Good,0,False
S09094,Salman Naidu,salman.naidu70@college.ac.in,CSE,2023,5,8.06,Good,0,False
S09095,Nair Tiwari,nair.tiwari93@college.ac.in,CSE,2024,4,5.52,Average,5,True
S09096,Tarun Shetty,tarun.shetty16@college.ac.in,CSE,2023,6,6.87,Average,5,False
S09097,Logesh Sheikh,logesh.sheikh22@college.ac.in,MECH,2023,6,6.31,Average,3,False
S09098,Sathish Rao,sathish.rao546@college.ac.in,CSE,2022,8,6.29,Average,2,True
S09099,Logesh Malik,logesh.malik16@college.ac.in,MECH,2022,8,5.6,Average,1,True
S09100,Pooja Krishnan,pooja.krishnan47@college.ac.in,ECE,2025,2,4.63,At Risk,3,False
S09101,Siddharth Yadav,siddharth.yadav10@college.ac.in,CSE,2025,2,6.57,Average,0,False
S09102,Siddharth Tiwari,siddharth.tiwari16@college.ac.in,CSE,2024,4,4.66,At Risk,3,True
S09103,Bilal Rao,bilal.rao93@college.ac.in,CSE,2023,6,6.92,Average,0,False
S09104,Ananya Shah,ananya.shah10@college.ac.in,MECH,2025,2,6.95,Average,0,False
S09105,Saranya Iyer,saranya.iyer71@college.ac.in,MECH,2023,6,6.9,Average,0,False
S09106,Prithviraj Sharma,prithviraj.sharma29@college.ac.in,ECE,2024,3,6.8,Average,0,False
S09107,Simran Mirza,simran.mirza30@college.ac.in,ECE,2022,8,6.09,Average,0,False
S09108,Vikram Iyengar,vikram.iyengar94@college.ac.in,CSE,2025,2,7.23,Good,0,False
S09109,Logesh Siddiqui,logesh.siddiqui98@college.ac.in,AIML,2025,2,6.76,Average,1,True
S09110,Asif Sheikh,asif.sheikh88@college.ac.in,AIML,2024,4,5.58,Average,3,False
S09111,Farhan Chandrasekaran,farhan.chandrasekaran20@college.ac.in,AIML,2025,2,5.24,At Risk,6,True
S09112,Ayesha Tiwari,ayesha.tiwari67@college.ac.in,ECE,2023,6,5.91,Average,2,True
S09113,Sana Iyengar,sana.iyengar41@college.ac.in,ECE,2022,8,6.1,Average,4,False
S09114,Zubair Shetty,zubair.shetty23@college.ac.in,MECH,2024,4,7.25,Good,0,False
S09115,Mohammed Pandey,mohammed.pandey19@college.ac.in,CSE,2025,2,6.24,Average,0,False
S09116,Saranya Rajan,saranya.rajan46@college.ac.in,MECH,2025,2,7.75,Good,0,False
S09117,Avinash Rao,avinash.rao69@college.ac.in,CSE,2022,8,6.8,Average,2,False
S09118,Tanvi Verma,tanvi.verma68@college.ac.in,AIML,2025,2,6.27,Average,0,False
S09119,Harikrishna Pillai,harikrishna.pillai83@college.ac.in,MECH,2024,4,6.6,Average,0,False
S09120,Prithviraj Nair,prithviraj.nair54@college.ac.in,MECH,2022,8,7.02,Good,0,False
S09121,Kritika Namboothiri,kritika.namboothiri77@college.ac.in,ECE,2024,4,6.93,Average,0,False
S09122,Rukhsar Dubey,rukhsar.dubey11@college.ac.in,MECH,2023,6,7.39,Good,0,False
S09123,Lakshmi Malik,lakshmi.malik85@college.ac.in,CSE,2024,4,7.67,Good,0,False
S09124,Akash Karunakaran,akash.karunakaran54@college.ac.in,AIML,2022,8,7.2,Good,0,False
S09125,Asif Babu,asif.babu89@college.ac.in,CSE,2025,2,6.13,Average,0,False
S09126,Vivek Singh,vivek.singh57@college.ac.in,ECE,2022,8,6.34,Average,1,False
S09127,Revathi Arumugam,revathi.arumugam69@college.ac.in,CSE,2023,5,7.48,Good,0,False
S09128,Vivek Nair,vivek.nair90@college.ac.in,MECH,2024,4,7.09,Good,0,False
S09129,Aditi Das,aditi.das98@college.ac.in,CSE,2024,4,7.83,Good,0,False
S09130,Surya Malik,surya.malik56@college.ac.in,AIML,2025,2,7.72,Good,0,False
S09131,Varun Rajan,varun.rajan45@college.ac.in,MECH,2024,4,5.03,At Risk,3,True
S09132,Hiba Shetty,hiba.shetty37@college.ac.in,ECE,2024,4,7.44,Good,0,False
S09133,Prithviraj Iyer,prithviraj.iyer22@college.ac.in,CSE,2023,6,8.14,Good,0,False
S09134,Ananya Subramaniam,ananya.subramaniam80@college.ac.in,MECH,2022,8,7.69,Good,0,False
S09135,Nithya Qureshi,nithya.qureshi91@college.ac.in,ECE,2024,4,5.98,Average,1,True
S09136,Dinesh Babu,dinesh.babu37@college.ac.in,ECE,2024,4,6.99,Average,0,False
S09137,Faisal Singh,faisal.singh58@college.ac.in,MECH,2024,4,5.21,At Risk,5,True
S09138,Deepak Shah,deepak.shah34@college.ac.in,ECE,2024,4,7.34,Good,0,False
S09139,Krishnan Mishra,krishnan.mishra18@college.ac.in,ECE,2025,2,5.42,At Risk,5,True
S09140,Nisha Rao,nisha.rao49@college.ac.in,AIML,2022,8,6.1,Average,3,True
S09141,Prerna Singh,prerna.singh80@college.ac.in,ECE,2023,5,5.25,At Risk,5,True
S09142,Vijay Siddiqui,vijay.siddiqui55@college.ac.in,CSE,2025,2,5.01,At Risk,2,True
S09143,Faisal Joshi,faisal.joshi53@college.ac.in,ECE,2023,6,7.33,Good,3,False
S09144,Imran Verma,imran.verma60@college.ac.in,MECH,2024,3,6.26,Average,5,True
S09145,Varun Hegde,varun.hegde36@college.ac.in,CSE,2025,2,6.53,Average,1,False
S09146,Revathi Malik,revathi.malik61@college.ac.in,MECH,2025,2,8.23,Good,0,False
S09147,Babu Sheikh,babu.sheikh86@college.ac.in,ECE,2025,2,6.39,Average,0,False
S09148,Amit Subramaniam,amit.subramaniam26@college.ac.in,ECE,2023,6,6.71,Average,0,False
S09149,Nadia Patel,nadia.patel39@college.ac.in,MECH,2023,5,5.01,At Risk,6,False
S09150,Athul Chandrasekaran,athul.chandrasekaran61@college.ac.in,MECH,2023,6,5.49,At Risk,5,True
S09151,Harikrishna Patil,harikrishna.patil17@college.ac.in,CSE,2022,8,7.4,Good,0,False
S09152,Keerthi Nair,keerthi.nair47@college.ac.in,AIML,2024,3,6.01,Average,0,False
S09153,Hiba Venkataraman,hiba.venkataraman25@college.ac.in,AIML,2022,8,8.12,Good,0,False
S09154,Suresh Babu,suresh.babu14@college.ac.in,CSE,2022,8,6.58,Average,4,True
S09155,Vishnu Murthy,vishnu.murthy37@college.ac.in,MECH,2023,6,5.74,Average,4,True
S09156,Aditi Siddiqui,aditi.siddiqui26@college.ac.in,AIML,2023,5,6.33,Average,0,False
S09157,Jithin Rao,jithin.rao77@college.ac.in,CSE,2025,2,7.64,Good,0,False
S09158,Abhijith Bhat,abhijith.bhat61@college.ac.in,CSE,2024,3,7.47,Good,0,False
S09159,Saranya Kamath,saranya.kamath53@college.ac.in,AIML,2022,8,6.35,Average,0,False
S09160,Krishnan Patil,krishnan.patil99@college.ac.in,CSE,2025,2,4.77,At Risk,6,True
S09161,Ravi Kumar,ravi.kumar18@college.ac.in,ECE,2025,2,7.6,Good,0,False
S09162,Kavya Chauhan,kavya.chauhan52@college.ac.in,MECH,2025,2,8.06,Good,0,False
S09163,Rishita Malik,rishita.malik36@college.ac.in,AIML,2025,2,6.3,Average,3,False
S09164,Mansi Pillai,mansi.pillai85@college.ac.in,MECH,2023,6,6.15,Average,4,False
S09165,Akash Babu,akash.babu66@college.ac.in,MECH,2024,4,6.31,Average,0,False
S09166,Akash Siddiqui,akash.siddiqui38@college.ac.in,CSE,2024,4,7.33,Good,0,False
S09167,Siddharth Reddy,siddharth.reddy83@college.ac.in,ECE,2025,2,5.59,Average,2,True
S09168,Mansi Kamath,mansi.kamath34@college.ac.in,CSE,2023,6,6.01,Average,2,False
S09169,Krishnan Venkataraman,krishnan.venkataraman19@college.ac.in,CSE,2025,2,6.39,Average,0,False
S09170,Bilal Patel,bilal.patel10@college.ac.in,CSE,2024,4,8.18,Good,0,False
S09171,Varun Hussain,varun.hussain34@college.ac.in,CSE,2024,4,6.41,Average,0,False
S09172,Rukhsar Babu,rukhsar.babu59@college.ac.in,CSE,2023,6,7.03,Good,0,False
S09173,Priya Siddiqui,priya.siddiqui47@college.ac.in,ECE,2022,8,6.49,Average,0,False
S09174,Aditi Pandey,aditi.pandey18@college.ac.in,MECH,2024,3,5.94,Average,1,True
S09175,Nair Naidu,nair.naidu35@college.ac.in,CSE,2023,6,5.67,Average,5,True
S09176,Farhan Chandrasekaran,farhan.chandrasekaran55@college.ac.in,MECH,2023,6,6.31,Average,0,False
S09177,Abhijith Kumar,abhijith.kumar91@college.ac.in,CSE,2023,6,7.06,Good,0,False
S09178,Babu Sheikh,babu.sheikh36@college.ac.in,AIML,2023,6,8.15,Good,0,False
S09179,Menon Reddy,menon.reddy46@college.ac.in,MECH,2025,2,8.08,Good,0,False
S09180,Dinesh Nambiar,dinesh.nambiar57@college.ac.in,MECH,2022,8,6.96,Average,0,False
S09181,Dinesh Das,dinesh.das10@college.ac.in,MECH,2023,5,4.58,At Risk,6,False
S09182,Menon Patil,menon.patil94@college.ac.in,ECE,2023,6,5.62,Average,5,False
S09183,Imran Mehta,imran.mehta77@college.ac.in,MECH,2023,6,6.8,Average,0,False
S09184,Farhan Verma,farhan.verma41@college.ac.in,AIML,2023,6,6.35,Average,5,True
S09185,Ramya Venkataraman,ramya.venkataraman94@college.ac.in,AIML,2022,8,6.17,Average,0,False
S09186,Jithin Naidu,jithin.naidu64@college.ac.in,CSE,2025,2,7.06,Good,0,False
S09187,Rajan Verma,rajan.verma46@college.ac.in,CSE,2024,4,6.23,Average,1,True
S09188,Kritika Pandey,kritika.pandey50@college.ac.in,CSE,2024,4,7.12,Good,0,False
S09189,Siddharth Sharma,siddharth.sharma84@college.ac.in,AIML,2023,6,6.67,Average,2,False
S09190,Pallavi Warrier,pallavi.warrier79@college.ac.in,CSE,2022,8,7.5,Good,0,False
S09191,Kavya Kulkarni,kavya.kulkarni23@college.ac.in,CSE,2024,4,7.61,Good,0,False
S09192,Aman Menon,aman.menon49@college.ac.in,ECE,2025,2,6.3,Average,0,False
S09193,Praveen Patel,praveen.patel53@college.ac.in,ECE,2023,5,5.27,At Risk,6,True
S09194,Aditi Yadav,aditi.yadav24@college.ac.in,MECH,2024,4,6.55,Average,0,False
S09195,Babu Reddy,babu.reddy47@college.ac.in,CSE,2022,8,6.83,Average,0,False
S09196,Salman Nambiar,salman.nambiar50@college.ac.in,CSE,2023,6,6.23,Average,1,False
S09197,Nisha Rao,nisha.rao20@college.ac.in,AIML,2022,8,5.7,Average,4,False
S09198,Saranya Karunakaran,saranya.karunakaran95@college.ac.in,CSE,2023,5,7.81,Good,0,False
S09199,Rukhsar Kamath,rukhsar.kamath75@college.ac.in,ECE,2023,6,5.16,At Risk,3,True
S09200,Madhan Malik,madhan.malik81@college.ac.in,MECH,2023,6,7.72,Good,0,False
S09201,Abhijith Ansari,abhijith.ansari29@college.ac.in,CSE,2023,6,6.19,Average,5,True
S09202,Harikrishna Joshi,harikrishna.joshi33@college.ac.in,AIML,2022,8,7.25,Good,1,False
S09203,Nithish Joshi,nithish.joshi83@college.ac.in,MECH,2023,6,7.74,Good,0,False
S09204,Nisha Shah,nisha.shah41@college.ac.in,AIML,2023,6,5.95,Average,3,True
S09205,Arjun Selvam,arjun.selvam49@college.ac.in,AIML,2023,6,7.37,Good,0,False
S09206,Syed Velayudhan,syed.velayudhan88@college.ac.in,MECH,2022,8,7.32,Good,0,False
S09207,Ayesha Tiwari,ayesha.tiwari24@college.ac.in,ECE,2022,8,6.54,Average,2,True
S09208,Kritika Tiwari,kritika.tiwari73@college.ac.in,CSE,2024,4,7.15,Good,0,False
S09209,Suresh Malik,suresh.malik40@college.ac.in,CSE,2025,2,7.73,Good,0,False
S09210,Lakshmi Hussain,lakshmi.hussain99@college.ac.in,CSE,2024,4,7.13,Good,0,False
S09211,Pallavi Bhat,pallavi.bhat93@college.ac.in,CSE,2025,2,6.26,Average,6,True
S09212,Karthik Rao,karthik.rao96@college.ac.in,CSE,2025,2,5.31,At Risk,2,False
S09213,Varun Kulkarni,varun.kulkarni66@college.ac.in,MECH,2023,5,4.71,At Risk,5,True
S09214,Sachin Siddiqui,sachin.siddiqui95@college.ac.in,MECH,2025,2,6.16,Average,4,True
S09215,Harikrishna Pandey,harikrishna.pandey80@college.ac.in,AIML,2023,6,7.07,Good,0,False
S09216,Rizwan Desai,rizwan.desai88@college.ac.in,MECH,2024,4,7.11,Good,0,False
S09217,Surya Kulkarni,surya.kulkarni58@college.ac.in,CSE,2023,5,6.67,Average,0,False
S09218,Sana Rao,sana.rao99@college.ac.in,MECH,2022,8,6.34,Average,5,True
S09219,Logesh Mehta,logesh.mehta21@college.ac.in,MECH,2023,6,5.17,At Risk,3,True
S09220,Ravi Prasad,ravi.prasad10@college.ac.in,AIML,2022,8,7.73,Good,0,False
S09221,Vignesh Kulkarni,vignesh.kulkarni20@college.ac.in,CSE,2024,3,5.85,Average,4,False
S09222,Keerthi Krishnan,keerthi.krishnan79@college.ac.in,ECE,2023,5,5.36,At Risk,4,True
S09223,Gaurav Iyengar,gaurav.iyengar16@college.ac.in,CSE,2023,6,7.74,Good,0,False
S09224,Harikrishna Joshi,harikrishna.joshi13@college.ac.in,CSE,2023,6,7.6,Good,0,False
S09225,Mansi Murugan,mansi.murugan83@college.ac.in,ECE,2022,8,6.95,Average,0,False
S09226,Vijay Naidu,vijay.naidu82@college.ac.in,AIML,2022,8,5.88,Average,2,False
S09227,Akash Kumar,akash.kumar90@college.ac.in,ECE,2025,2,7.6,Good,0,False
S09228,Pooja Iyer,pooja.iyer28@college.ac.in,MECH,2024,4,4.34,At Risk,6,True
S09229,Gaurav Pandey,gaurav.pandey28@college.ac.in,ECE,2022,8,6.73,Average,0,False
S09230,Rahul Sharma,rahul.sharma23@college.ac.in,MECH,2022,8,7.87,Good,0,False
S09231,Neha Chetty,neha.chetty24@college.ac.in,ECE,2025,2,5.54,Average,5,True
S09232,Arun Natarajan,arun.natarajan21@college.ac.in,MECH,2023,6,5.91,Average,3,True
S09233,Swati Selvam,swati.selvam18@college.ac.in,ECE,2022,8,7.29,Good,0,False
S09234,Praveen Selvam,praveen.selvam38@college.ac.in,ECE,2023,6,6.01,Average,5,True
S09235,Ananya Warrier,ananya.warrier45@college.ac.in,ECE,2024,4,6.35,Average,0,False
S09236,Amina Krishnan,amina.krishnan26@college.ac.in,CSE,2025,2,7.17,Good,0,False
S09237,Harikrishna Iyengar,harikrishna.iyengar63@college.ac.in,ECE,2025,2,3.28,At Risk,6,True
S09238,Amit Yadav,amit.yadav39@college.ac.in,ECE,2025,2,7.38,Good,0,False
S09239,Rishita Verma,rishita.verma55@college.ac.in,CSE,2024,4,6.08,Average,3,False
S09240,Zubair Gupta,zubair.gupta59@college.ac.in,CSE,2022,8,7.05,Good,5,False
S09241,Kavya Verma,kavya.verma88@college.ac.in,MECH,2022,8,6.22,Average,2,True
S09242,Vikram Bhat,vikram.bhat59@college.ac.in,ECE,2025,2,5.62,Average,2,True
S09243,Gaurav Kulkarni,gaurav.kulkarni89@college.ac.in,AIML,2023,5,6.58,Average,0,False
S09244,Usman Mehta,usman.mehta73@college.ac.in,CSE,2024,4,8.55,Excellent,0,False
S09245,Athul Iyengar,athul.iyengar55@college.ac.in,CSE,2023,5,7.91,Good,0,False
S09246,Amina Murthy,amina.murthy74@college.ac.in,ECE,2022,8,6.83,Average,0,False
S09247,Sanjay Reddy,sanjay.reddy940@college.ac.in,ECE,2022,8,5.83,Average,3,True
S09248,Pallavi Naidu,pallavi.naidu34@college.ac.in,MECH,2023,6,5.1,At Risk,4,True
S09249,Prerna Nambiar,prerna.nambiar75@college.ac.in,CSE,2023,6,8.37,Good,0,False
S09250,Aman Krishnan,aman.krishnan50@college.ac.in,MECH,2023,5,6.95,Average,0,False
S09251,Vijay Venkataraman,vijay.venkataraman52@college.ac.in,CSE,2022,8,7.4,Good,0,False
S09252,Adil Sheikh,adil.sheikh89@college.ac.in,CSE,2024,4,6.3,Average,2,True
S09253,Ananya Namboothiri,ananya.namboothiri65@college.ac.in,ECE,2023,6,7.82,Good,0,False
S09254,Vignesh Sharma,vignesh.sharma77@college.ac.in,AIML,2024,4,7.52,Good,0,False
S09255,Sathish Velayudhan,sathish.velayudhan35@college.ac.in,AIML,2023,6,5.57,Average,6,True
S09256,Nisha Nair,nisha.nair12@college.ac.in,CSE,2024,4,5.79,Average,3,True
S09257,Revathi Sheikh,revathi.sheikh21@college.ac.in,ECE,2023,6,5.19,At Risk,4,True
S09258,Amina Pillai,amina.pillai51@college.ac.in,MECH,2022,8,6.67,Average,0,False
S09259,Meena Karunakaran,meena.karunakaran21@college.ac.in,CSE,2024,4,6.65,Average,6,True
S09260,Salman Qureshi,salman.qureshi41@college.ac.in,MECH,2025,2,3.19,At Risk,3,True
S09261,Faisal Chetty,faisal.chetty33@college.ac.in,CSE,2024,4,7.48,Good,0,False
S09262,Zainab Nair,zainab.nair60@college.ac.in,ECE,2025,2,6.51,Average,0,False
S09263,Tarun Dubey,tarun.dubey43@college.ac.in,AIML,2023,6,6.38,Average,0,False
S09264,Shreya Prasad,shreya.prasad84@college.ac.in,ECE,2023,6,4.88,At Risk,6,True
S09265,Swathi Menon,swathi.menon87@college.ac.in,ECE,2023,6,6.85,Average,0,False
S09266,Fatima Nair,fatima.nair92@college.ac.in,MECH,2025,2,4.5,At Risk,5,True
S09267,Tanvi Menon,tanvi.menon92@college.ac.in,MECH,2022,8,5.51,Average,6,True
S09268,Krishnan Iyengar,krishnan.iyengar41@college.ac.in,CSE,2024,4,6.88,Average,0,False
S09269,Rizwan Subramaniam,rizwan.subramaniam24@college.ac.in,ECE,2023,6,5.49,At Risk,4,True
S09270,Babu Kumar,babu.kumar45@college.ac.in,MECH,2022,8,7.01,Good,0,False
S09271,Aditi Namboothiri,aditi.namboothiri86@college.ac.in,AIML,2023,6,7.94,Good,0,False
S09272,Kavya Naidu,kavya.naidu87@college.ac.in,MECH,2023,6,4.69,At Risk,4,False
S09273,Kavya Venkataraman,kavya.venkataraman15@college.ac.in,CSE,2024,4,5.15,At Risk,5,True
S09274,Pooja Tiwari,pooja.tiwari83@college.ac.in,MECH,2023,6,6.1,Average,0,False
S09275,Junaid Venkataraman,junaid.venkataraman41@college.ac.in,CSE,2025,2,6.52,Average,0,False
S09276,Bilal Kumar,bilal.kumar56@college.ac.in,ECE,2024,4,5.64,Average,2,False
S09277,Surya Mehta,surya.mehta99@college.ac.in,ECE,2024,4,7.42,Good,0,False
S09278,Ramesh Naidu,ramesh.naidu20@college.ac.in,CSE,2023,5,6.94,Average,0,False
S09279,Priya Gupta,priya.gupta24@college.ac.in,MECH,2024,4,5.82,Average,3,True
S09280,Arjun Bhat,arjun.bhat34@college.ac.in,ECE,2024,4,5.88,Average,2,True
S09281,Pooja Iyer,pooja.iyer69@college.ac.in,MECH,2025,2,6.16,Average,3,False
S09282,Sanjay Warrier,sanjay.warrier78@college.ac.in,CSE,2023,5,8.41,Good,0,False
S09283,Prithviraj Rao,prithviraj.rao35@college.ac.in,ECE,2025,2,6.4,Average,6,True
S09284,Piyush Desai,piyush.desai46@college.ac.in,AIML,2024,4,5.49,At Risk,4,True
S09285,Ananya Patel,ananya.patel51@college.ac.in,CSE,2024,4,6.56,Average,4,False
S09286,Nisha Patel,nisha.patel78@college.ac.in,MECH,2023,6,7.0,Good,0,False
S09287,Surya Iyengar,surya.iyengar98@college.ac.in,MECH,2024,4,5.63,Average,1,True
S09288,Zubair Sharma,zubair.sharma14@college.ac.in,AIML,2023,6,6.33,Average,5,False
S09289,Varun Chauhan,varun.chauhan21@college.ac.in,CSE,2024,4,7.75,Good,0,False
S09290,Karthik Iyengar,karthik.iyengar61@college.ac.in,MECH,2022,8,5.32,At Risk,5,False
S09291,Asif Qureshi,asif.qureshi15@college.ac.in,CSE,2022,8,6.56,Average,2,False
S09292,Kavya Pandey,kavya.pandey53@college.ac.in,CSE,2025,2,8.19,Good,0,False
S09293,Ganesh Nair,ganesh.nair88@college.ac.in,ECE,2025,2,7.55,Good,0,False
S09294,Faisal Rao,faisal.rao69@college.ac.in,ECE,2025,2,7.24,Good,0,False
S09295,Bilal Desai,bilal.desai27@college.ac.in,MECH,2023,6,5.64,Average,2,True
S09296,Ganesh Nambiar,ganesh.nambiar93@college.ac.in,CSE,2023,5,6.58,Average,1,False
S09297,Avinash Iyer,avinash.iyer40@college.ac.in,CSE,2024,3,7.08,Good,0,False
S09298,Amina Subramaniam,amina.subramaniam99@college.ac.in,CSE,2024,3,8.38,Good,0,False
S09299,Sonal Natarajan,sonal.natarajan30@college.ac.in,MECH,2023,6,6.68,Average,4,False
S09300,Nithya Yadav,nithya.yadav57@college.ac.in,AIML,2022,8,7.91,Good,0,False
S09301,Lakshmi Pillai,lakshmi.pillai60@college.ac.in,ECE,2023,6,6.41,Average,0,False
S09302,Nair Mishra,nair.mishra76@college.ac.in,AIML,2025,2,6.41,Average,0,False
S09303,Nair Reddy,nair.reddy67@college.ac.in,CSE,2022,8,6.08,Average,5,True
S09304,Priya Yadav,priya.yadav24@college.ac.in,CSE,2023,5,6.46,Average,0,False
S09305,Suresh Yadav,suresh.yadav52@college.ac.in,CSE,2024,4,6.98,Average,2,False
S09306,Siddharth Das,siddharth.das19@college.ac.in,CSE,2024,4,5.64,Average,2,True
S09307,Kritika Reddy,kritika.reddy44@college.ac.in,ECE,2024,4,8.2,Good,0,False
S09308,Harish Rao,harish.rao33@college.ac.in,MECH,2023,6,7.74,Good,0,False
S09309,Arun Chandrasekaran,arun.chandrasekaran43@college.ac.in,ECE,2024,4,5.62,Average,3,True
S09310,Imran Chetty,imran.chetty55@college.ac.in,AIML,2023,6,7.15,Good,0,False
S09311,Vijay Desai,vijay.desai36@college.ac.in,ECE,2025,2,7.41,Good,0,False
S09312,Rohit Namboothiri,rohit.namboothiri31@college.ac.in,ECE,2023,6,8.14,Good,0,False
S09313,Nithya Karunakaran,nithya.karunakaran89@college.ac.in,ECE,2024,4,6.27,Average,4,False
S09314,Faisal Venkataraman,faisal.venkataraman59@college.ac.in,ECE,2025,2,6.19,Average,5,True
S09315,Aditi Babu,aditi.babu55@college.ac.in,CSE,2022,8,7.78,Good,0,False
S09316,Junaid Chetty,junaid.chetty63@college.ac.in,ECE,2024,4,7.67,Good,0,False
S09317,Rukhsar Shetty,rukhsar.shetty20@college.ac.in,ECE,2024,3,8.02,Good,0,False
S09318,Syed Nair,syed.nair86@college.ac.in,ECE,2025,2,7.65,Good,0,False
S09319,Sathish Tiwari,sathish.tiwari10@college.ac.in,MECH,2023,6,6.16,Average,0,False
S09320,Ravi Desai,ravi.desai20@college.ac.in,CSE,2025,2,5.33,At Risk,5,True
S09321,Imran Namboothiri,imran.namboothiri76@college.ac.in,CSE,2024,4,7.41,Good,0,False
S09322,Amit Arumugam,amit.arumugam70@college.ac.in,AIML,2022,8,5.75,Average,6,True
S09323,Ankit Sheikh,ankit.sheikh16@college.ac.in,MECH,2023,6,6.52,Average,0,False
S09324,Syed Murthy,syed.murthy18@college.ac.in,ECE,2024,4,5.34,At Risk,6,True
S09325,Rohit Desai,rohit.desai53@college.ac.in,MECH,2023,6,4.96,At Risk,6,True
S09326,Nair Qureshi,nair.qureshi15@college.ac.in,CSE,2025,2,6.25,Average,3,True
S09327,Kritika Velayudhan,kritika.velayudhan81@college.ac.in,ECE,2025,2,8.35,Good,0,False
S09328,Athul Reddy,athul.reddy44@college.ac.in,ECE,2025,2,6.75,Average,0,False
S09329,Athul Hegde,athul.hegde62@college.ac.in,MECH,2025,2,5.44,At Risk,3,True
S09330,Farhan Mehta,farhan.mehta35@college.ac.in,MECH,2023,6,5.85,Average,0,False
S09331,Ananya Sheikh,ananya.sheikh90@college.ac.in,MECH,2025,2,4.73,At Risk,6,False
S09332,Zubair Hussain,zubair.hussain58@college.ac.in,ECE,2023,6,5.12,At Risk,5,True
S09333,Adil Reddy,adil.reddy63@college.ac.in,CSE,2025,2,6.82,Average,0,False
S09334,Akash Patel,akash.patel987@college.ac.in,CSE,2023,6,7.8,Good,0,False
S09335,Sreejith Singh,sreejith.singh84@college.ac.in,CSE,2025,2,6.23,Average,2,True
S09336,Nair Malik,nair.malik41@college.ac.in,AIML,2024,4,6.21,Average,0,False
S09337,Avinash Sheikh,avinash.sheikh65@college.ac.in,CSE,2025,2,8.24,Good,0,False
S09338,Varun Murthy,varun.murthy34@college.ac.in,MECH,2022,8,6.35,Average,3,True
S09339,Harish Kulkarni,harish.kulkarni41@college.ac.in,ECE,2025,2,5.43,At Risk,3,True
S09340,Vijay Sharma,vijay.sharma49@college.ac.in,MECH,2024,4,6.56,Average,0,False
S09341,Siddharth Murthy,siddharth.murthy45@college.ac.in,CSE,2022,8,7.84,Good,0,False
S09342,Ananya Ansari,ananya.ansari33@college.ac.in,ECE,2024,4,7.31,Good,0,False
S09343,Pooja Kulkarni,pooja.kulkarni44@college.ac.in,AIML,2025,2,6.71,Average,2,False
S09344,Ajith Yadav,ajith.yadav83@college.ac.in,AIML,2022,8,6.67,Average,0,False
S09345,Salman Chetty,salman.chetty34@college.ac.in,AIML,2024,4,7.15,Good,0,False
S09346,Aman Gopalakrishnan,aman.gopalakrishnan31@college.ac.in,CSE,2025,2,6.96,Average,0,False
S09347,Vivek Murthy,vivek.murthy83@college.ac.in,MECH,2025,2,6.48,Average,1,False
S09348,Pillai Naidu,pillai.naidu78@college.ac.in,ECE,2024,4,6.54,Average,0,False
S09349,Neha Arumugam,neha.arumugam45@college.ac.in,ECE,2022,8,7.69,Good,0,False
S09350,Sana Desai,sana.desai60@college.ac.in,ECE,2023,5,7.32,Good,0,False
S09351,Naveen Namboothiri,naveen.namboothiri17@college.ac.in,MECH,2022,8,5.54,Average,5,True
S09352,Prithviraj Siddiqui,prithviraj.siddiqui71@college.ac.in,CSE,2024,4,7.38,Good,0,False
S09353,Priya Subramaniam,priya.subramaniam29@college.ac.in,MECH,2022,8,6.78,Average,3,False
S09354,Lakshmi Ansari,lakshmi.ansari66@college.ac.in,MECH,2023,6,6.44,Average,0,False
S09355,Rajan Reddy,rajan.reddy66@college.ac.in,AIML,2022,8,6.62,Average,0,False
S09356,Arjun Nair,arjun.nair25@college.ac.in,ECE,2023,6,8.04,Good,0,False
S09357,Vishnu Gopalakrishnan,vishnu.gopalakrishnan74@college.ac.in,MECH,2024,4,7.82,Good,0,False
S09358,Athul Patel,athul.patel33@college.ac.in,AIML,2024,4,7.86,Good,0,False
S09359,Ankit Menon,ankit.menon41@college.ac.in,CSE,2024,4,7.17,Good,0,False
S09360,Nithya Prasad,nithya.prasad50@college.ac.in,CSE,2022,8,7.82,Good,0,False
S09361,Revathi Krishnan,revathi.krishnan56@college.ac.in,CSE,2024,3,8.27,Good,0,False
S09362,Suresh Verma,suresh.verma48@college.ac.in,CSE,2024,4,6.17,Average,4,False
S09363,Lakshmi Patil,lakshmi.patil27@college.ac.in,CSE,2023,6,7.99,Good,0,False
S09364,Arun Nambiar,arun.nambiar19@college.ac.in,AIML,2024,3,5.73,Average,5,True
S09365,Muralidhar Natarajan,muralidhar.natarajan69@college.ac.in,CSE,2023,6,7.82,Good,0,False
S09366,Menon Chetty,menon.chetty63@college.ac.in,AIML,2024,4,6.04,Average,2,True
S09367,Irfan Nambiar,irfan.nambiar94@college.ac.in,MECH,2023,6,5.83,Average,3,False
S09368,Naveen Verma,naveen.verma74@college.ac.in,ECE,2025,2,7.07,Good,6,False
S09369,Avinash Siddiqui,avinash.siddiqui83@college.ac.in,AIML,2023,6,7.24,Good,0,False
S09370,Pooja Patel,pooja.patel67@college.ac.in,ECE,2023,5,6.08,Average,0,False
S09371,Harish Mirza,harish.mirza73@college.ac.in,MECH,2022,8,5.33,At Risk,4,True
S09372,Sneha Joshi,sneha.joshi33@college.ac.in,ECE,2025,2,5.23,At Risk,3,False
S09373,Junaid Babu,junaid.babu93@college.ac.in,CSE,2023,6,6.68,Average,3,False
S09374,Rajan Nambiar,rajan.nambiar24@college.ac.in,MECH,2023,6,6.43,Average,0,False
S09375,Mohammed Mehta,mohammed.mehta50@college.ac.in,CSE,2023,6,7.06,Good,3,False
S09376,Zainab Verma,zainab.verma26@college.ac.in,CSE,2022,8,5.36,At Risk,2,True
S09377,Salman Sharma,salman.sharma64@college.ac.in,ECE,2023,6,7.74,Good,0,False
S09378,Divya Chetty,divya.chetty66@college.ac.in,MECH,2023,6,7.8,Good,0,False
S09379,Nithya Patel,nithya.patel39@college.ac.in,CSE,2022,8,6.49,Average,5,True
S09380,Ramya Krishnan,ramya.krishnan18@college.ac.in,ECE,2022,8,5.84,Average,2,True
S09381,Sanjay Gupta,sanjay.gupta36@college.ac.in,AIML,2022,8,7.57,Good,0,False
S09382,Karthik Dubey,karthik.dubey82@college.ac.in,AIML,2023,6,6.99,Average,0,False
S09383,Nadia Arumugam,nadia.arumugam46@college.ac.in,ECE,2024,4,4.67,At Risk,4,True
S09384,Divya Mishra,divya.mishra91@college.ac.in,ECE,2022,8,7.09,Good,4,False
S09385,Ananya Patel,ananya.patel25@college.ac.in,AIML,2024,3,6.28,Average,3,False
S09386,Junaid Murthy,junaid.murthy99@college.ac.in,CSE,2022,8,6.76,Average,5,False
S09387,Rajan Selvam,rajan.selvam48@college.ac.in,ECE,2025,2,5.59,Average,5,True
S09388,Bilal Mishra,bilal.mishra45@college.ac.in,AIML,2022,8,7.57,Good,0,False
S09389,Ankit Iyengar,ankit.iyengar72@college.ac.in,MECH,2023,6,5.95,Average,3,True
S09390,Hiba Kulkarni,hiba.kulkarni35@college.ac.in,MECH,2024,4,6.16,Average,0,False
S09391,Ankita Babu,ankita.babu88@college.ac.in,CSE,2024,4,6.54,Average,4,True
S09392,Swathi Kamath,swathi.kamath66@college.ac.in,MECH,2023,5,6.75,Average,0,False
S09393,Sana Arumugam,sana.arumugam64@college.ac.in,ECE,2024,4,7.04,Good,0,False
S09394,Aman Reddy,aman.reddy31@college.ac.in,ECE,2024,4,6.35,Average,0,False
S09395,Swathi Karunakaran,swathi.karunakaran99@college.ac.in,CSE,2025,2,6.59,Average,0,False
S09396,Shreya Nair,shreya.nair15@college.ac.in,AIML,2023,6,5.3,At Risk,6,True
S09397,Nisha Mirza,nisha.mirza28@college.ac.in,ECE,2024,4,6.07,Average,0,False
S09398,Irfan Sharma,irfan.sharma93@college.ac.in,CSE,2024,3,7.49,Good,0,False
S09399,Aditi Yadav,aditi.yadav52@college.ac.in,MECH,2023,6,5.81,Average,4,False
S09400,Tarun Venkataraman,tarun.venkataraman66@college.ac.in,ECE,2022,8,7.39,Good,0,False
S09401,Sathish Warrier,sathish.warrier23@college.ac.in,ECE,2023,6,4.15,At Risk,3,True
S09402,Krishnan Singh,krishnan.singh32@college.ac.in,CSE,2025,2,7.31,Good,0,False
S09403,Aman Shah,aman.shah27@college.ac.in,CSE,2023,6,6.23,Average,3,False
S09404,Priya Yadav,priya.yadav77@college.ac.in,CSE,2025,2,8.33,Good,0,False
S09405,Riya Sheikh,riya.sheikh84@college.ac.in,AIML,2022,8,6.99,Average,3,False
S09406,Shahid Gupta,shahid.gupta47@college.ac.in,CSE,2022,8,6.09,Average,5,True
S09407,Swathi Sheikh,swathi.sheikh38@college.ac.in,ECE,2023,5,6.94,Average,0,False
S09408,Rajesh Chauhan,rajesh.chauhan59@college.ac.in,MECH,2024,4,7.46,Good,0,False
S09409,Mansi Arumugam,mansi.arumugam52@college.ac.in,CSE,2022,8,5.77,Average,6,True
S09410,Rukhsar Gopalakrishnan,rukhsar.gopalakrishnan98@college.ac.in,MECH,2024,3,5.46,At Risk,5,True
S09411,Divya Yadav,divya.yadav18@college.ac.in,CSE,2023,6,6.98,Average,0,False
S09412,Sana Pillai,sana.pillai63@college.ac.in,ECE,2025,2,8.11,Good,0,False
S09413,Rishita Mishra,rishita.mishra32@college.ac.in,CSE,2023,6,6.88,Average,0,False
S09414,Nikhil Reddy,nikhil.reddy85@college.ac.in,MECH,2024,4,7.06,Good,0,False
S09415,Mohammed Mehta,mohammed.mehta88@college.ac.in,ECE,2024,4,6.72,Average,5,False
S09416,Harish Sheikh,harish.sheikh56@college.ac.in,AIML,2024,4,7.07,Good,0,False
S09417,Divya Kulkarni,divya.kulkarni26@college.ac.in,CSE,2022,8,8.07,Good,0,False
S09418,Mansi Singh,mansi.singh13@college.ac.in,ECE,2024,3,7.05,Good,0,False
S09419,Arun Patil,arun.patil50@college.ac.in,CSE,2025,2,6.77,Average,0,False
S09420,Hiba Siddiqui,hiba.siddiqui87@college.ac.in,MECH,2023,6,6.14,Average,5,False
S09421,Amal Hussain,amal.hussain35@college.ac.in,AIML,2023,6,6.91,Average,0,False
S09422,Logesh Murugan,logesh.murugan74@college.ac.in,ECE,2025,2,8.33,Good,0,False
S09423,Surya Warrier,surya.warrier73@college.ac.in,AIML,2023,6,6.16,Average,6,True
S09424,Swathi Kulkarni,swathi.kulkarni29@college.ac.in,MECH,2025,2,7.35,Good,0,False
S09425,Nikhil Murthy,nikhil.murthy87@college.ac.in,MECH,2025,2,8.4,Good,0,False
S09426,Nithya Pillai,nithya.pillai25@college.ac.in,MECH,2024,4,6.2,Average,0,False
S09427,Ankit Hussain,ankit.hussain45@college.ac.in,MECH,2024,4,5.02,At Risk,4,True
S09428,Sreejith Naidu,sreejith.naidu43@college.ac.in,CSE,2024,4,7.05,Good,0,False
S09429,Farhan Iyer,farhan.iyer72@college.ac.in,ECE,2024,4,6.5,Average,3,True
S09430,Rishita Velayudhan,rishita.velayudhan52@college.ac.in,CSE,2022,8,6.58,Average,0,False
S09431,Revathi Joshi,revathi.joshi32@college.ac.in,ECE,2025,2,7.64,Good,0,False
S09432,Harikrishna Murugan,harikrishna.murugan17@college.ac.in,AIML,2024,4,5.94,Average,4,False
S09433,Abhijith Patel,abhijith.patel23@college.ac.in,CSE,2022,8,7.54,Good,0,False
S09434,Arun Murugan,arun.murugan94@college.ac.in,MECH,2024,4,5.72,Average,2,True
S09435,Ajith Tiwari,ajith.tiwari46@college.ac.in,MECH,2024,4,5.65,Average,2,False
S09436,Sonal Krishnan,sonal.krishnan25@college.ac.in,AIML,2023,6,6.81,Average,0,False
S09437,Shahid Verma,shahid.verma38@college.ac.in,ECE,2022,8,8.17,Good,2,False
S09438,Ganesh Malik,ganesh.malik95@college.ac.in,MECH,2024,4,5.95,Average,1,True
S09439,Naveen Siddiqui,naveen.siddiqui58@college.ac.in,ECE,2025,2,6.31,Average,0,False
S09440,Piyush Kamath,piyush.kamath73@college.ac.in,MECH,2025,2,6.25,Average,0,False
S09441,Dinesh Iyer,dinesh.iyer26@college.ac.in,ECE,2024,4,5.74,Average,6,False
S09442,Sneha Desai,sneha.desai62@college.ac.in,MECH,2024,4,5.03,At Risk,5,True
S09443,Arun Iyer,arun.iyer61@college.ac.in,MECH,2024,4,5.4,At Risk,6,True
S09444,Rizwan Iyer,rizwan.iyer47@college.ac.in,ECE,2022,8,6.47,Average,0,False
S09445,Rajesh Shah,rajesh.shah49@college.ac.in,AIML,2023,6,6.15,Average,3,True
S09446,Babu Venkataraman,babu.venkataraman86@college.ac.in,CSE,2023,6,5.98,Average,3,True
S09447,Divya Das,divya.das85@college.ac.in,AIML,2024,4,6.56,Average,0,False
S09448,Sonal Varma,sonal.varma68@college.ac.in,AIML,2023,6,5.17,At Risk,6,True
S09449,Karthik Rao,karthik.rao23@college.ac.in,CSE,2023,6,7.78,Good,0,False
S09450,Menon Sharma,menon.sharma57@college.ac.in,CSE,2023,6,6.91,Average,0,False
S09451,Keerthi Mishra,keerthi.mishra19@college.ac.in,AIML,2022,8,5.7,Average,2,True
S09452,Swati Tiwari,swati.tiwari41@college.ac.in,MECH,2025,2,6.0,Average,0,False
S09453,Fatima Khan,fatima.khan42@college.ac.in,CSE,2024,4,7.79,Good,0,False
S09454,Shreya Mehta,shreya.mehta85@college.ac.in,ECE,2024,4,7.15,Good,0,False
S09455,Tanvi Patil,tanvi.patil96@college.ac.in,MECH,2023,6,5.06,At Risk,2,False
S09456,Siddharth Gupta,siddharth.gupta33@college.ac.in,AIML,2023,6,6.02,Average,3,True
S09457,Nisha Karunakaran,nisha.karunakaran19@college.ac.in,CSE,2024,4,6.92,Average,4,False
S09458,Ramesh Desai,ramesh.desai71@college.ac.in,AIML,2022,8,7.64,Good,0,False
S09459,Ankit Chetty,ankit.chetty87@college.ac.in,CSE,2025,2,7.95,Good,0,False
S09460,Vikram Rajan,vikram.rajan52@college.ac.in,MECH,2023,6,6.22,Average,2,False
S09461,Divya Babu,divya.babu16@college.ac.in,MECH,2023,6,5.82,Average,2,True
S09462,Imran Iyengar,imran.iyengar85@college.ac.in,ECE,2025,2,4.84,At Risk,3,True
S09463,Vikram Sharma,vikram.sharma98@college.ac.in,MECH,2025,2,5.3,At Risk,3,True
S09464,Nithya Rajan,nithya.rajan87@college.ac.in,CSE,2024,4,8.14,Good,0,False
S09465,Nisha Warrier,nisha.warrier44@college.ac.in,MECH,2023,6,7.32,Good,0,False
S09466,Amit Venkataraman,amit.venkataraman46@college.ac.in,MECH,2023,6,6.62,Average,4,False
S09467,Aman Venkataraman,aman.venkataraman54@college.ac.in,CSE,2025,2,4.87,At Risk,3,True
S09468,Prerna Murthy,prerna.murthy96@college.ac.in,ECE,2025,2,7.48,Good,0,False
S09469,Vignesh Dubey,vignesh.dubey85@college.ac.in,CSE,2023,6,7.7,Good,0,False
S09470,Ananya Nair,ananya.nair54@college.ac.in,CSE,2025,2,8.35,Good,4,False
S09471,Jithin Patel,jithin.patel10@college.ac.in,MECH,2025,2,4.76,At Risk,4,True
S09472,Sachin Das,sachin.das24@college.ac.in,MECH,2024,4,6.91,Average,4,False
S09473,Gaurav Mehta,gaurav.mehta78@college.ac.in,AIML,2025,2,7.73,Good,0,False
S09474,Syed Arumugam,syed.arumugam87@college.ac.in,CSE,2025,2,6.73,Average,3,False
S09475,Swathi Namboothiri,swathi.namboothiri20@college.ac.in,CSE,2024,4,7.94,Good,0,False
S09476,Vignesh Ansari,vignesh.ansari12@college.ac.in,ECE,2023,5,6.72,Average,0,False
S09477,Lakshmi Prasad,lakshmi.prasad82@college.ac.in,MECH,2025,2,5.68,Average,3,True
S09478,Adil Karunakaran,adil.karunakaran12@college.ac.in,ECE,2025,2,7.77,Good,0,False
S09479,Sneha Arumugam,sneha.arumugam31@college.ac.in,CSE,2023,6,5.98,Average,1,False
S09480,Rohit Gopalakrishnan,rohit.gopalakrishnan31@college.ac.in,CSE,2025,2,7.03,Good,0,False
S09481,Ramesh Patel,ramesh.patel73@college.ac.in,MECH,2022,8,5.94,Average,1,True
S09482,Irfan Rao,irfan.rao27@college.ac.in,MECH,2023,6,5.96,Average,4,False
S09483,Asif Verma,asif.verma62@college.ac.in,CSE,2023,5,6.64,Average,0,False
S09484,Swati Iyengar,swati.iyengar12@college.ac.in,ECE,2022,8,5.07,At Risk,4,True
S09485,Logesh Chandrasekaran,logesh.chandrasekaran75@college.ac.in,ECE,2025,2,7.58,Good,1,False
S09486,Junaid Chandrasekaran,junaid.chandrasekaran94@college.ac.in,AIML,2025,2,7.19,Good,0,False
S09487,Karthik Sharma,karthik.sharma31@college.ac.in,ECE,2023,6,6.5,Average,3,False
S09488,Syed Sharma,syed.sharma54@college.ac.in,AIML,2023,6,7.05,Good,0,False
S09489,Gaurav Hegde,gaurav.hegde88@college.ac.in,MECH,2024,4,7.22,Good,0,False
S09490,Sathish Sheikh,sathish.sheikh46@college.ac.in,MECH,2022,8,8.0,Good,0,False
S09491,Abhijith Gopalakrishnan,abhijith.gopalakrishnan42@college.ac.in,CSE,2022,8,5.92,Average,5,True
S09492,Keerthi Varma,keerthi.varma83@college.ac.in,CSE,2023,6,4.95,At Risk,5,True
S09493,Menon Murugan,menon.murugan79@college.ac.in,MECH,2023,6,7.02,Good,0,False
S09494,Mansi Pillai,mansi.pillai25@college.ac.in,MECH,2024,4,4.06,At Risk,3,True
S09495,Sneha Malik,sneha.malik35@college.ac.in,ECE,2025,2,6.28,Average,4,True
S09496,Babu Yadav,babu.yadav97@college.ac.in,AIML,2024,4,7.27,Good,0,False
S09497,Rishita Rao,rishita.rao96@college.ac.in,ECE,2023,6,5.1,At Risk,2,False
S09498,Ananya Kamath,ananya.kamath40@college.ac.in,MECH,2023,5,7.21,Good,0,False
S09499,Anjali Gopalakrishnan,anjali.gopalakrishnan74@college.ac.in,MECH,2024,4,5.22,At Risk,4,True
S09500,Nisha Natarajan,nisha.natarajan22@college.ac.in,CSE,2025,2,7.46,Good,0,False
S09501,Neha Sharma,neha.sharma21@college.ac.in,AIML,2022,8,7.89,Good,0,False
S09502,Aamir Qureshi,aamir.qureshi76@college.ac.in,ECE,2025,2,6.68,Average,0,False
S09503,Shreya Desai,shreya.desai14@college.ac.in,MECH,2023,6,6.31,Average,4,False
S09504,Imran Das,imran.das90@college.ac.in,ECE,2022,8,7.88,Good,0,False
S09505,Asif Naidu,asif.naidu75@college.ac.in,CSE,2022,8,8.18,Good,0,False
S09506,Mohammed Krishnan,mohammed.krishnan56@college.ac.in,CSE,2023,6,7.46,Good,0,False
S09507,Menon Murugan,menon.murugan94@college.ac.in,ECE,2023,6,7.28,Good,0,False
S09508,Aditi Mirza,aditi.mirza18@college.ac.in,AIML,2023,6,7.06,Good,0,False
S09509,Pillai Patel,pillai.patel91@college.ac.in,CSE,2024,4,6.7,Average,0,False
S09510,Dinesh Prasad,dinesh.prasad85@college.ac.in,AIML,2023,6,7.04,Good,0,False
S09511,Amal Velayudhan,amal.velayudhan93@college.ac.in,MECH,2022,8,7.57,Good,0,False
S09512,Harish Babu,harish.babu77@college.ac.in,ECE,2024,4,5.88,Average,1,True
S09513,Nithish Babu,nithish.babu86@college.ac.in,AIML,2025,2,5.29,At Risk,3,True
S09514,Suresh Karunakaran,suresh.karunakaran31@college.ac.in,CSE,2024,4,7.03,Good,0,False
S09515,Mansi Hussain,mansi.hussain48@college.ac.in,AIML,2022,8,5.8,Average,5,False
S09516,Vivek Tiwari,vivek.tiwari25@college.ac.in,ECE,2023,6,7.15,Good,0,False
S09517,Dinesh Ansari,dinesh.ansari53@college.ac.in,ECE,2025,2,7.15,Good,0,False
S09518,Rohit Qureshi,rohit.qureshi10@college.ac.in,AIML,2025,2,5.89,Average,3,False
S09519,Rishita Mishra,rishita.mishra13@college.ac.in,AIML,2023,6,7.84,Good,0,False
S09520,Deepak Verma,deepak.verma59@college.ac.in,CSE,2025,2,6.96,Average,3,True
S09521,Naveen Chetty,naveen.chetty99@college.ac.in,CSE,2025,2,6.49,Average,0,False
S09522,Ajith Arumugam,ajith.arumugam41@college.ac.in,ECE,2025,2,8.22,Good,0,False
S09523,Jithin Shah,jithin.shah96@college.ac.in,ECE,2024,4,5.41,At Risk,4,False
S09524,Riya Nambiar,riya.nambiar74@college.ac.in,CSE,2024,3,6.92,Average,0,False
S09525,Arjun Sharma,arjun.sharma48@college.ac.in,CSE,2025,2,6.71,Average,1,True
S09526,Sana Chetty,sana.chetty52@college.ac.in,AIML,2023,6,6.03,Average,2,True
S09527,Irfan Rajan,irfan.rajan10@college.ac.in,CSE,2024,4,7.16,Good,0,False
S09528,Varun Chetty,varun.chetty14@college.ac.in,CSE,2024,4,7.41,Good,0,False
S09529,Vivek Ansari,vivek.ansari75@college.ac.in,CSE,2022,8,7.85,Good,0,False
S09530,Tanvi Venkataraman,tanvi.venkataraman12@college.ac.in,MECH,2025,2,6.46,Average,0,False
S09531,Usman Murthy,usman.murthy60@college.ac.in,MECH,2024,4,7.0,Good,0,False
S09532,Athul Warrier,athul.warrier65@college.ac.in,CSE,2024,4,4.83,At Risk,4,True
S09533,Irfan Chetty,irfan.chetty73@college.ac.in,AIML,2023,5,6.64,Average,0,False
S09534,Gaurav Hussain,gaurav.hussain48@college.ac.in,ECE,2023,6,6.97,Average,0,False
S09535,Menon Pillai,menon.pillai98@college.ac.in,AIML,2024,4,5.98,Average,5,True
S09536,Pallavi Varma,pallavi.varma53@college.ac.in,MECH,2024,4,6.1,Average,4,False
S09537,Madhan Namboothiri,madhan.namboothiri45@college.ac.in,ECE,2023,6,6.68,Average,0,False
S09538,Farhan Kulkarni,farhan.kulkarni85@college.ac.in,CSE,2023,6,8.06,Good,0,False
S09539,Ankita Subramaniam,ankita.subramaniam89@college.ac.in,CSE,2023,5,7.37,Good,0,False
S09540,Varun Selvam,varun.selvam73@college.ac.in,CSE,2024,4,7.04,Good,0,False
S09541,Nikhil Yadav,nikhil.yadav60@college.ac.in,MECH,2024,4,5.46,At Risk,5,True
S09542,Aamir Venkataraman,aamir.venkataraman92@college.ac.in,ECE,2024,4,5.55,Average,1,False
S09543,Vikram Murthy,vikram.murthy71@college.ac.in,MECH,2024,4,6.18,Average,0,False
S09544,Akash Hussain,akash.hussain54@college.ac.in,CSE,2024,4,7.25,Good,0,False
S09545,Muralidhar Qureshi,muralidhar.qureshi46@college.ac.in,AIML,2025,2,6.33,Average,4,False
S09546,Divya Rao,divya.rao69@college.ac.in,CSE,2024,4,7.38,Good,0,False
S09547,Faisal Nambiar,faisal.nambiar18@college.ac.in,CSE,2023,6,5.56,Average,2,True
S09548,Pallavi Kumar,pallavi.kumar81@college.ac.in,CSE,2024,4,5.93,Average,6,False
S09549,Swati Krishnan,swati.krishnan44@college.ac.in,ECE,2024,4,5.6,Average,5,False
S09550,Swati Qureshi,swati.qureshi92@college.ac.in,AIML,2022,8,6.23,Average,2,True
S09551,Zainab Kumar,zainab.kumar24@college.ac.in,CSE,2025,2,7.0,Good,0,False
S09552,Asif Sheikh,asif.sheikh74@college.ac.in,AIML,2024,4,6.66,Average,0,False
S09553,Kavya Mirza,kavya.mirza37@college.ac.in,ECE,2023,6,5.15,At Risk,5,True
S09554,Varun Kulkarni,varun.kulkarni90@college.ac.in,MECH,2025,2,6.71,Average,0,False
S09555,Tanvi Sheikh,tanvi.sheikh23@college.ac.in,MECH,2025,2,6.21,Average,3,True
S09556,Piyush Malik,piyush.malik66@college.ac.in,CSE,2022,8,6.37,Average,2,False
S09557,Vikram Singh,vikram.singh79@college.ac.in,CSE,2025,2,6.34,Average,0,False
S09558,Aditi Nambiar,aditi.nambiar40@college.ac.in,ECE,2022,8,7.08,Good,0,False
S09559,Ananya Das,ananya.das80@college.ac.in,MECH,2023,6,5.76,Average,3,True
S09560,Anjali Patel,anjali.patel34@college.ac.in,ECE,2023,6,7.88,Good,0,False
S09561,Vishnu Subramaniam,vishnu.subramaniam58@college.ac.in,MECH,2023,5,4.97,At Risk,4,True
S09562,Athul Kulkarni,athul.kulkarni93@college.ac.in,AIML,2024,4,5.73,Average,2,True
S09563,Aamir Chetty,aamir.chetty67@college.ac.in,MECH,2022,8,6.57,Average,5,False
S09564,Karthik Velayudhan,karthik.velayudhan67@college.ac.in,AIML,2025,2,6.86,Average,0,False
S09565,Irfan Tiwari,irfan.tiwari85@college.ac.in,CSE,2025,2,7.95,Good,0,False
S09566,Sneha Murthy,sneha.murthy46@college.ac.in,CSE,2024,4,4.78,At Risk,2,True
S09567,Nair Patil,nair.patil34@college.ac.in,ECE,2024,4,7.0,Good,4,False
S09568,Revathi Natarajan,revathi.natarajan52@college.ac.in,CSE,2025,2,6.18,Average,4,True
S09569,Swathi Nambiar,swathi.nambiar33@college.ac.in,MECH,2022,8,7.35,Good,0,False
S09570,Dinesh Kulkarni,dinesh.kulkarni71@college.ac.in,ECE,2022,8,7.7,Good,0,False
S09571,Ajith Shetty,ajith.shetty65@college.ac.in,MECH,2023,6,6.06,Average,1,False
S09572,Pooja Mirza,pooja.mirza928@college.ac.in,CSE,2024,3,6.71,Average,0,False
S09573,Madhan Malik,madhan.malik59@college.ac.in,ECE,2023,6,6.07,Average,0,False
S09574,Riya Gupta,riya.gupta49@college.ac.in,MECH,2023,6,6.3,Average,0,False
S09575,Shubham Singh,shubham.singh19@college.ac.in,MECH,2022,8,6.44,Average,0,False
S09576,Aamir Pandey,aamir.pandey89@college.ac.in,CSE,2022,8,7.82,Good,0,False
S09577,Imran Naidu,imran.naidu33@college.ac.in,ECE,2024,4,7.87,Good,0,False
S09578,Sachin Arumugam,sachin.arumugam94@college.ac.in,MECH,2024,3,7.3,Good,0,False
S09579,Zubair Murugan,zubair.murugan52@college.ac.in,MECH,2024,4,6.02,Average,5,False
S09580,Arun Dubey,arun.dubey26@college.ac.in,AIML,2025,2,8.03,Good,0,False
S09581,Ankit Shetty,ankit.shetty57@college.ac.in,ECE,2024,4,5.88,Average,1,True
S09582,Tanvi Chauhan,tanvi.chauhan25@college.ac.in,CSE,2024,4,8.3,Good,0,False
S09583,Ramya Das,ramya.das15@college.ac.in,AIML,2022,8,6.08,Average,0,False
S09584,Salman Chandrasekaran,salman.chandrasekaran37@college.ac.in,CSE,2024,4,6.56,Average,5,False
S09585,Fatima Kumar,fatima.kumar17@college.ac.in,ECE,2024,4,7.58,Good,0,False
S09586,Harikrishna Yadav,harikrishna.yadav63@college.ac.in,MECH,2024,4,5.95,Average,3,False
S09587,Rizwan Pandey,rizwan.pandey51@college.ac.in,ECE,2023,6,7.12,Good,0,False
S09588,Salman Krishnan,salman.krishnan96@college.ac.in,CSE,2022,8,7.76,Good,0,False
S09589,Siddharth Naidu,siddharth.naidu24@college.ac.in,AIML,2023,6,6.12,Average,5,False
S09590,Arun Selvam,arun.selvam74@college.ac.in,AIML,2023,6,7.51,Good,0,False
S09591,Karthik Ansari,karthik.ansari46@college.ac.in,CSE,2024,4,7.56,Good,0,False
S09592,Nair Sheikh,nair.sheikh68@college.ac.in,ECE,2024,4,3.6,At Risk,5,True
S09593,Aditi Rajan,aditi.rajan59@college.ac.in,CSE,2025,2,6.7,Average,3,False
S09594,Harish Qureshi,harish.qureshi90@college.ac.in,ECE,2023,6,6.9,Average,0,False
S09595,Ramesh Tiwari,ramesh.tiwari14@college.ac.in,AIML,2023,6,5.87,Average,5,True
S09596,Ankit Shetty,ankit.shetty97@college.ac.in,ECE,2025,2,6.4,Average,0,False
S09597,Vignesh Rao,vignesh.rao45@college.ac.in,ECE,2022,8,6.92,Average,0,False
S09598,Sonal Varma,sonal.varma43@college.ac.in,AIML,2024,4,7.01,Good,1,False
S09599,Nikhil Joshi,nikhil.joshi70@college.ac.in,MECH,2022,8,5.89,Average,3,False
S09600,Ganesh Patil,ganesh.patil82@college.ac.in,CSE,2023,6,5.91,Average,4,False
S09601,Ankita Varma,ankita.varma46@college.ac.in,AIML,2024,3,6.42,Average,5,True
S09602,Keerthi Krishnan,keerthi.krishnan48@college.ac.in,MECH,2023,6,5.03,At Risk,2,True
S09603,Aditi Yadav,aditi.yadav91@college.ac.in,MECH,2024,4,5.07,At Risk,3,True
S09604,Ankita Mirza,ankita.mirza87@college.ac.in,ECE,2024,4,5.97,Average,4,False
S09605,Muralidhar Warrier,muralidhar.warrier31@college.ac.in,ECE,2023,6,6.88,Average,0,False
S09606,Ravi Yadav,ravi.yadav28@college.ac.in,CSE,2022,8,8.21,Good,0,False
S09607,Sneha Patil,sneha.patil76@college.ac.in,MECH,2024,4,6.5,Average,0,False
S09608,Vignesh Bhat,vignesh.bhat76@college.ac.in,ECE,2023,6,6.55,Average,0,False
S09609,Junaid Namboothiri,junaid.namboothiri79@college.ac.in,CSE,2023,6,6.64,Average,0,False
S09610,Rukhsar Rao,rukhsar.rao64@college.ac.in,MECH,2023,6,5.47,At Risk,2,False
S09611,Praveen Khan,praveen.khan80@college.ac.in,CSE,2023,6,8.22,Good,0,False
S09612,Deepak Varma,deepak.varma98@college.ac.in,ECE,2024,3,6.77,Average,0,False
S09613,Surya Velayudhan,surya.velayudhan63@college.ac.in,ECE,2023,5,6.98,Average,0,False
S09614,Ramesh Malik,ramesh.malik96@college.ac.in,ECE,2024,4,6.15,Average,3,False
S09615,Syed Subramaniam,syed.subramaniam814@college.ac.in,MECH,2022,8,7.66,Good,0,False
S09616,Siddharth Krishnan,siddharth.krishnan94@college.ac.in,MECH,2023,6,4.72,At Risk,2,False
S09617,Ankita Kamath,ankita.kamath99@college.ac.in,AIML,2023,6,6.5,Average,0,False
S09618,Neha Pillai,neha.pillai10@college.ac.in,ECE,2024,4,4.69,At Risk,4,True
S09619,Syed Shah,syed.shah14@college.ac.in,ECE,2022,8,6.6,Average,0,False
S09620,Athul Chetty,athul.chetty43@college.ac.in,AIML,2024,4,7.18,Good,1,False
S09621,Ayesha Chetty,ayesha.chetty60@college.ac.in,CSE,2024,4,7.16,Good,0,False
S09622,Ayesha Subramaniam,ayesha.subramaniam82@college.ac.in,ECE,2022,8,5.73,Average,5,False
S09623,Amal Patel,amal.patel32@college.ac.in,CSE,2023,6,6.3,Average,0,False
S09624,Ravi Dubey,ravi.dubey54@college.ac.in,CSE,2025,2,6.04,Average,0,False
S09625,Amal Velayudhan,amal.velayudhan46@college.ac.in,CSE,2023,6,7.85,Good,0,False
S09626,Shreya Rao,shreya.rao11@college.ac.in,CSE,2023,5,8.28,Good,0,False
S09627,Krishnan Mirza,krishnan.mirza32@college.ac.in,CSE,2024,3,7.92,Good,0,False
S09628,Suresh Mehta,suresh.mehta21@college.ac.in,AIML,2024,4,7.4,Good,0,False
S09629,Aman Shetty,aman.shetty37@college.ac.in,CSE,2022,8,5.5,Average,6,True
S09630,Ananya Siddiqui,ananya.siddiqui33@college.ac.in,MECH,2025,2,6.38,Average,5,True
S09631,Rishita Desai,rishita.desai88@college.ac.in,CSE,2023,6,7.33,Good,0,False
S09632,Pooja Malik,pooja.malik12@college.ac.in,AIML,2022,8,7.54,Good,0,False
S09633,Amina Patil,amina.patil41@college.ac.in,AIML,2024,3,7.1,Good,0,False
S09634,Neha Tiwari,neha.tiwari81@college.ac.in,CSE,2022,8,7.15,Good,0,False
S09635,Anjali Chandrasekaran,anjali.chandrasekaran27@college.ac.in,ECE,2023,5,5.55,Average,6,True
S09636,Avinash Selvam,avinash.selvam68@college.ac.in,CSE,2025,2,7.02,Good,0,False
S09637,Anjali Khan,anjali.khan73@college.ac.in,CSE,2023,5,6.45,Average,2,True
S09638,Krishnan Prasad,krishnan.prasad13@college.ac.in,CSE,2025,2,7.68,Good,0,False
S09639,Amit Siddiqui,amit.siddiqui89@college.ac.in,CSE,2023,6,7.61,Good,0,False
S09640,Zubair Kumar,zubair.kumar58@college.ac.in,MECH,2023,6,8.19,Good,0,False
S09641,Kavya Menon,kavya.menon24@college.ac.in,CSE,2023,6,5.25,At Risk,3,True
S09642,Amit Velayudhan,amit.velayudhan92@college.ac.in,ECE,2024,4,5.4,At Risk,2,True
S09643,Sathish Pillai,sathish.pillai53@college.ac.in,CSE,2022,8,6.61,Average,0,False
S09644,Bilal Desai,bilal.desai96@college.ac.in,ECE,2022,8,5.49,At Risk,5,True
S09645,Kavya Varma,kavya.varma78@college.ac.in,CSE,2024,4,8.42,Good,0,False
S09646,Meena Patel,meena.patel11@college.ac.in,AIML,2024,3,5.49,At Risk,6,True
S09647,Shreya Siddiqui,shreya.siddiqui12@college.ac.in,MECH,2022,8,7.23,Good,0,False
S09648,Rahul Warrier,rahul.warrier70@college.ac.in,ECE,2022,8,7.55,Good,0,False
S09649,Siddharth Babu,siddharth.babu81@college.ac.in,MECH,2023,6,6.16,Average,0,False
S09650,Priya Prasad,priya.prasad61@college.ac.in,ECE,2025,2,5.2,At Risk,5,True
S09651,Avinash Siddiqui,avinash.siddiqui47@college.ac.in,AIML,2025,2,7.54,Good,0,False
S09652,Sanjay Siddiqui,sanjay.siddiqui90@college.ac.in,MECH,2023,6,6.44,Average,0,False
S09653,Jithin Namboothiri,jithin.namboothiri40@college.ac.in,ECE,2023,6,7.24,Good,0,False
S09654,Athul Verma,athul.verma10@college.ac.in,ECE,2024,4,7.2,Good,0,False
S09655,Syed Reddy,syed.reddy64@college.ac.in,AIML,2023,6,7.05,Good,0,False
S09656,Vignesh Venkataraman,vignesh.venkataraman88@college.ac.in,CSE,2024,4,7.95,Good,0,False
S09657,Sachin Qureshi,sachin.qureshi99@college.ac.in,MECH,2023,6,6.23,Average,0,False
S09658,Nithya Rao,nithya.rao16@college.ac.in,CSE,2023,6,6.94,Average,0,False
S09659,Siddharth Patil,siddharth.patil96@college.ac.in,AIML,2024,3,5.37,At Risk,5,True
S09660,Shubham Iyengar,shubham.iyengar97@college.ac.in,MECH,2022,8,5.28,At Risk,5,True
S09661,Bilal Nair,bilal.nair86@college.ac.in,MECH,2022,8,7.03,Good,0,False
S09662,Sonal Rao,sonal.rao28@college.ac.in,MECH,2024,3,5.45,At Risk,2,True
S09663,Vijay Shah,vijay.shah20@college.ac.in,CSE,2023,6,8.05,Good,0,False
S09664,Rizwan Khan,rizwan.khan47@college.ac.in,MECH,2022,8,7.65,Good,0,False
S09665,Aman Nambiar,aman.nambiar56@college.ac.in,CSE,2024,4,5.89,Average,0,False
S09666,Priya Mishra,priya.mishra53@college.ac.in,CSE,2023,5,7.34,Good,0,False
S09667,Harikrishna Singh,harikrishna.singh63@college.ac.in,CSE,2022,8,6.17,Average,4,True
S09668,Faisal Pandey,faisal.pandey71@college.ac.in,MECH,2025,2,6.23,Average,0,False
S09669,Priya Warrier,priya.warrier72@college.ac.in,CSE,2024,4,6.64,Average,0,False
S09670,Vikram Patel,vikram.patel37@college.ac.in,MECH,2025,2,5.31,At Risk,3,True
S09671,Athul Chandrasekaran,athul.chandrasekaran13@college.ac.in,CSE,2025,2,6.48,Average,4,True
S09672,Pooja Rajan,pooja.rajan60@college.ac.in,CSE,2023,6,8.22,Good,1,False
S09673,Nikhil Mirza,nikhil.mirza46@college.ac.in,CSE,2024,4,7.68,Good,0,False
S09674,Madhan Rao,madhan.rao37@college.ac.in,AIML,2024,4,6.92,Average,0,False
S09675,Pooja Joshi,pooja.joshi59@college.ac.in,MECH,2023,6,6.31,Average,0,False
S09676,Menon Chauhan,menon.chauhan28@college.ac.in,AIML,2022,8,5.53,Average,6,True
S09677,Abhijith Chetty,abhijith.chetty43@college.ac.in,ECE,2024,4,5.17,At Risk,5,True
S09678,Priya Ansari,priya.ansari44@college.ac.in,CSE,2023,6,6.71,Average,0,False
S09679,Asif Kumar,asif.kumar50@college.ac.in,ECE,2024,3,5.42,At Risk,4,True
S09680,Pallavi Mehta,pallavi.mehta20@college.ac.in,AIML,2025,2,7.82,Good,0,False
S09681,Ayesha Mirza,ayesha.mirza96@college.ac.in,AIML,2023,6,8.38,Good,0,False
S09682,Vishnu Venkataraman,vishnu.venkataraman98@college.ac.in,MECH,2025,2,6.77,Average,0,False
S09683,Rajesh Menon,rajesh.menon55@college.ac.in,AIML,2022,8,6.94,Average,0,False
S09684,Farhan Murthy,farhan.murthy80@college.ac.in,MECH,2022,8,7.61,Good,0,False
S09685,Logesh Pillai,logesh.pillai33@college.ac.in,ECE,2023,5,6.14,Average,0,False
S09686,Ananya Desai,ananya.desai68@college.ac.in,CSE,2025,2,7.61,Good,0,False
S09687,Shubham Ansari,shubham.ansari12@college.ac.in,CSE,2022,8,8.23,Good,0,False
S09688,Zainab Namboothiri,zainab.namboothiri13@college.ac.in,AIML,2022,8,6.12,Average,0,False
S09689,Simran Velayudhan,simran.velayudhan77@college.ac.in,CSE,2024,4,6.93,Average,0,False
S09690,Manoj Patel,manoj.patel27@college.ac.in,CSE,2025,2,7.75,Good,0,False
S09691,Jithin Subramaniam,jithin.subramaniam40@college.ac.in,CSE,2024,4,7.24,Good,3,False
S09692,Surya Chauhan,surya.chauhan44@college.ac.in,CSE,2023,6,5.54,Average,2,True
S09693,Faisal Velayudhan,faisal.velayudhan75@college.ac.in,MECH,2024,4,5.81,Average,2,False
S09694,Aishwarya Qureshi,aishwarya.qureshi18@college.ac.in,MECH,2023,6,6.63,Average,0,False
S09695,Rahul Singh,rahul.singh94@college.ac.in,MECH,2023,6,5.32,At Risk,3,True
S09696,Amina Yadav,amina.yadav21@college.ac.in,CSE,2024,4,6.92,Average,0,False
S09697,Ramesh Verma,ramesh.verma83@college.ac.in,ECE,2023,6,6.63,Average,0,False
S09698,Kritika Warrier,kritika.warrier44@college.ac.in,MECH,2023,6,4.51,At Risk,3,True
S09699,Akash Gopalakrishnan,akash.gopalakrishnan33@college.ac.in,CSE,2024,4,7.82,Good,0,False
S09700,Kritika Qureshi,kritika.qureshi16@college.ac.in,MECH,2025,2,6.09,Average,5,True
S09701,Shreya Ansari,shreya.ansari21@college.ac.in,ECE,2023,5,7.17,Good,4,False
S09702,Prithviraj Menon,prithviraj.menon26@college.ac.in,CSE,2024,3,5.46,At Risk,3,True
S09703,Rukhsar Siddiqui,rukhsar.siddiqui74@college.ac.in,MECH,2024,4,6.21,Average,0,False
S09704,Aditi Natarajan,aditi.natarajan41@college.ac.in,AIML,2022,8,6.57,Average,1,False
S09705,Piyush Naidu,piyush.naidu41@college.ac.in,ECE,2022,8,7.02,Good,0,False
S09706,Aman Arumugam,aman.arumugam28@college.ac.in,MECH,2023,5,7.91,Good,0,False
S09707,Ajith Warrier,ajith.warrier27@college.ac.in,MECH,2023,6,5.53,Average,5,True
S09708,Arun Chauhan,arun.chauhan38@college.ac.in,AIML,2023,5,7.99,Good,0,False
S09709,Sreejith Das,sreejith.das94@college.ac.in,MECH,2022,8,6.97,Average,0,False
S09710,Kritika Patil,kritika.patil48@college.ac.in,MECH,2024,4,5.28,At Risk,6,False
S09711,Saranya Joshi,saranya.joshi80@college.ac.in,AIML,2023,6,6.25,Average,0,False
S09712,Madhan Das,madhan.das12@college.ac.in,AIML,2022,8,6.98,Average,0,False
S09713,Siddharth Mishra,siddharth.mishra59@college.ac.in,AIML,2022,8,7.3,Good,0,False
S09714,Usman Tiwari,usman.tiwari45@college.ac.in,ECE,2023,6,6.94,Average,0,False
S09715,Vignesh Arumugam,vignesh.arumugam93@college.ac.in,AIML,2022,8,7.9,Good,0,False
S09716,Aman Chauhan,aman.chauhan67@college.ac.in,AIML,2025,2,6.24,Average,1,False
S09717,Mohammed Sheikh,mohammed.sheikh48@college.ac.in,ECE,2022,8,6.87,Average,5,False
S09718,Vignesh Reddy,vignesh.reddy12@college.ac.in,CSE,2023,6,6.21,Average,4,True
S09719,Rajesh Babu,rajesh.babu81@college.ac.in,MECH,2025,2,6.13,Average,0,False
S09720,Nadia Ansari,nadia.ansari93@college.ac.in,AIML,2025,2,5.36,At Risk,5,True
S09721,Rukhsar Murugan,rukhsar.murugan22@college.ac.in,ECE,2025,2,7.41,Good,0,False
S09722,Gaurav Kamath,gaurav.kamath73@college.ac.in,CSE,2024,3,5.19,At Risk,5,True
S09723,Menon Menon,menon.menon25@college.ac.in,ECE,2022,8,6.96,Average,0,False
S09724,Simran Singh,simran.singh22@college.ac.in,ECE,2022,8,6.45,Average,0,False
S09725,Saranya Khan,saranya.khan23@college.ac.in,CSE,2024,4,7.48,Good,0,False
S09726,Rohit Joshi,rohit.joshi49@college.ac.in,ECE,2022,8,5.92,Average,3,False
S09727,Sreejith Yadav,sreejith.yadav71@college.ac.in,MECH,2025,2,6.75,Average,1,True
S09728,Nadia Sheikh,nadia.sheikh48@college.ac.in,MECH,2023,5,4.71,At Risk,3,True
S09729,Vivek Warrier,vivek.warrier63@college.ac.in,ECE,2022,8,6.9,Average,0,False
S09730,Ankit Siddiqui,ankit.siddiqui77@college.ac.in,AIML,2023,6,8.06,Good,0,False
S09731,Hiba Bhat,hiba.bhat14@college.ac.in,CSE,2024,4,5.69,Average,3,False
S09732,Meena Rajan,meena.rajan17@college.ac.in,ECE,2023,6,7.61,Good,0,False
S09733,Swati Menon,swati.menon65@college.ac.in,CSE,2023,6,7.47,Good,0,False
S09734,Aditi Dubey,aditi.dubey14@college.ac.in,ECE,2025,2,5.28,At Risk,4,True
S09735,Arun Mirza,arun.mirza18@college.ac.in,CSE,2023,5,7.47,Good,3,False
S09736,Naveen Shah,naveen.shah31@college.ac.in,MECH,2024,4,6.12,Average,0,False
S09737,Nisha Kumar,nisha.kumar24@college.ac.in,CSE,2024,4,8.11,Good,0,False
S09738,Babu Prasad,babu.prasad74@college.ac.in,CSE,2025,2,7.08,Good,0,False
S09739,Sathish Kumar,sathish.kumar36@college.ac.in,MECH,2023,6,7.06,Good,0,False
S09740,Rohit Naidu,rohit.naidu19@college.ac.in,MECH,2024,4,5.56,Average,0,False
S09741,Priya Chauhan,priya.chauhan57@college.ac.in,CSE,2022,8,8.14,Good,0,False
S09742,Rishita Gupta,rishita.gupta71@college.ac.in,AIML,2024,4,7.13,Good,0,False
S09743,Riya Pandey,riya.pandey96@college.ac.in,CSE,2023,6,5.78,Average,2,True
S09744,Ramesh Kumar,ramesh.kumar91@college.ac.in,ECE,2022,8,6.13,Average,3,True
S09745,Ayesha Pillai,ayesha.pillai44@college.ac.in,MECH,2024,4,6.48,Average,5,False
S09746,Ajith Rajan,ajith.rajan26@college.ac.in,AIML,2023,6,5.43,At Risk,5,True
S09747,Revathi Naidu,revathi.naidu97@college.ac.in,ECE,2025,2,7.38,Good,5,False
S09748,Vikram Venkataraman,vikram.venkataraman28@college.ac.in,ECE,2025,2,5.75,Average,6,True
S09749,Jithin Ansari,jithin.ansari36@college.ac.in,MECH,2024,4,7.65,Good,0,False
S09750,Shahid Gopalakrishnan,shahid.gopalakrishnan79@college.ac.in,CSE,2023,6,6.88,Average,0,False
S09751,Nithya Sharma,nithya.sharma45@college.ac.in,AIML,2023,6,7.51,Good,0,False
S09752,Riya Das,riya.das35@college.ac.in,MECH,2022,8,7.77,Good,0,False
S09753,Arun Joshi,arun.joshi12@college.ac.in,CSE,2022,8,7.24,Good,0,False
S09754,Harikrishna Singh,harikrishna.singh54@college.ac.in,MECH,2025,2,6.43,Average,0,False
S09755,Harikrishna Krishnan,harikrishna.krishnan46@college.ac.in,ECE,2022,8,7.78,Good,0,False
S09756,Harikrishna Iyer,harikrishna.iyer45@college.ac.in,MECH,2022,8,6.86,Average,3,False
S09757,Deepak Bhat,deepak.bhat82@college.ac.in,CSE,2023,5,7.9,Good,0,False
S09758,Amal Chauhan,amal.chauhan949@college.ac.in,CSE,2025,2,5.72,Average,1,True
S09759,Ankita Varma,ankita.varma36@college.ac.in,AIML,2022,8,8.07,Good,0,False
S09760,Salman Velayudhan,salman.velayudhan93@college.ac.in,MECH,2023,6,7.19,Good,0,False
S09761,Zubair Mirza,zubair.mirza85@college.ac.in,CSE,2025,2,8.2,Good,0,False
S09762,Rohit Naidu,rohit.naidu36@college.ac.in,CSE,2024,4,5.55,Average,3,False
S09763,Jithin Pandey,jithin.pandey60@college.ac.in,ECE,2023,6,5.74,Average,3,False
S09764,Vishnu Dubey,vishnu.dubey29@college.ac.in,MECH,2024,3,5.36,At Risk,4,True
S09765,Shahid Kulkarni,shahid.kulkarni61@college.ac.in,CSE,2023,6,7.45,Good,0,False
S09766,Tarun Mehta,tarun.mehta31@college.ac.in,CSE,2025,2,7.87,Good,0,False
S09767,Madhan Patel,madhan.patel89@college.ac.in,MECH,2025,2,7.81,Good,0,False
S09768,Gaurav Mishra,gaurav.mishra20@college.ac.in,ECE,2023,6,5.73,Average,3,False
S09769,Suresh Siddiqui,suresh.siddiqui67@college.ac.in,ECE,2023,6,6.75,Average,0,False
S09770,Fatima Verma,fatima.verma86@college.ac.in,MECH,2023,6,7.87,Good,0,False
S09771,Dinesh Joshi,dinesh.joshi65@college.ac.in,MECH,2022,8,6.87,Average,0,False
S09772,Varun Rajan,varun.rajan70@college.ac.in,ECE,2024,4,6.79,Average,0,False
S09773,Farhan Iyer,farhan.iyer30@college.ac.in,MECH,2024,4,6.14,Average,3,False
S09774,Fatima Mishra,fatima.mishra42@college.ac.in,ECE,2022,8,7.49,Good,0,False
S09775,Swati Khan,swati.khan89@college.ac.in,MECH,2022,8,6.87,Average,3,False
S09776,Saranya Kumar,saranya.kumar25@college.ac.in,ECE,2022,8,7.1,Good,0,False
S09777,Vishnu Karunakaran,vishnu.karunakaran99@college.ac.in,ECE,2025,2,8.41,Good,0,False
S09778,Sachin Hussain,sachin.hussain551@college.ac.in,MECH,2024,4,5.11,At Risk,5,True
S09779,Ganesh Bhat,ganesh.bhat94@college.ac.in,MECH,2024,4,6.44,Average,0,False
S09780,Athul Nair,athul.nair35@college.ac.in,ECE,2024,4,6.72,Average,0,False
S09781,Imran Ansari,imran.ansari18@college.ac.in,CSE,2025,2,6.2,Average,4,True
S09782,Nair Chandrasekaran,nair.chandrasekaran81@college.ac.in,MECH,2022,8,7.41,Good,0,False
S09783,Arun Bhat,arun.bhat77@college.ac.in,MECH,2022,8,6.15,Average,5,True
S09784,Farhan Venkataraman,farhan.venkataraman57@college.ac.in,ECE,2023,6,6.5,Average,0,False
S09785,Bilal Desai,bilal.desai60@college.ac.in,MECH,2024,4,6.43,Average,4,True
S09786,Zainab Rao,zainab.rao38@college.ac.in,ECE,2025,2,7.23,Good,0,False
S09787,Mohammed Hussain,mohammed.hussain74@college.ac.in,MECH,2023,6,5.27,At Risk,4,False
S09788,Nithish Warrier,nithish.warrier26@college.ac.in,ECE,2025,2,7.01,Good,2,True
S09789,Keerthi Chauhan,keerthi.chauhan96@college.ac.in,MECH,2023,5,6.78,Average,0,False
S09790,Priya Ansari,priya.ansari90@college.ac.in,AIML,2023,5,6.61,Average,0,False
S09791,Abhijith Venkataraman,abhijith.venkataraman10@college.ac.in,CSE,2023,6,6.43,Average,0,False
S09792,Tanvi Khan,tanvi.khan95@college.ac.in,MECH,2025,2,7.34,Good,1,False
S09793,Simran Velayudhan,simran.velayudhan25@college.ac.in,AIML,2023,6,6.96,Average,0,False
S09794,Nithya Hussain,nithya.hussain14@college.ac.in,ECE,2025,2,5.11,At Risk,5,True
S09795,Zainab Natarajan,zainab.natarajan78@college.ac.in,CSE,2024,4,7.36,Good,0,False
S09796,Adil Dubey,adil.dubey25@college.ac.in,MECH,2023,6,6.7,Average,3,False
S09797,Akash Venkataraman,akash.venkataraman79@college.ac.in,AIML,2025,2,5.47,At Risk,4,False
S09798,Arun Hussain,arun.hussain53@college.ac.in,AIML,2022,8,6.7,Average,0,False
S09799,Vivek Iyengar,vivek.iyengar77@college.ac.in,ECE,2024,4,5.42,At Risk,6,True
S09800,Nithish Iyer,nithish.iyer65@college.ac.in,CSE,2022,8,6.78,Average,1,False
S09801,Ramesh Nambiar,ramesh.nambiar40@college.ac.in,AIML,2022,8,7.37,Good,0,False
S09802,Babu Verma,babu.verma75@college.ac.in,AIML,2023,6,8.26,Good,0,False
S09803,Mohammed Murugan,mohammed.murugan35@college.ac.in,ECE,2022,8,5.94,Average,2,False
S09804,Kavya Rao,kavya.rao34@college.ac.in,AIML,2022,8,6.96,Average,0,False
S09805,Zubair Murthy,zubair.murthy90@college.ac.in,CSE,2022,8,6.7,Average,0,False
S09806,Ankita Mehta,ankita.mehta86@college.ac.in,AIML,2023,6,5.38,At Risk,4,True
S09807,Amal Das,amal.das86@college.ac.in,CSE,2024,3,5.74,Average,3,True
S09808,Harikrishna Babu,harikrishna.babu95@college.ac.in,AIML,2023,6,6.23,Average,4,True
S09809,Nithya Warrier,nithya.warrier84@college.ac.in,CSE,2023,5,7.28,Good,0,False
S09810,Riya Natarajan,riya.natarajan89@college.ac.in,CSE,2024,3,8.08,Good,0,False
S09811,Simran Singh,simran.singh75@college.ac.in,CSE,2022,8,6.56,Average,1,True
S09812,Vishnu Nambiar,vishnu.nambiar15@college.ac.in,ECE,2024,4,6.8,Average,0,False
S09813,Rukhsar Chandrasekaran,rukhsar.chandrasekaran97@college.ac.in,ECE,2022,8,7.37,Good,0,False
S09814,Tarun Dubey,tarun.dubey32@college.ac.in,AIML,2023,6,6.48,Average,5,False
S09815,Anjali Subramaniam,anjali.subramaniam12@college.ac.in,MECH,2023,6,5.17,At Risk,2,True
S09816,Farhan Murugan,farhan.murugan22@college.ac.in,MECH,2022,8,6.91,Average,0,False
S09817,Rajan Dubey,rajan.dubey19@college.ac.in,CSE,2025,2,4.01,At Risk,6,True
S09818,Prithviraj Rajan,prithviraj.rajan77@college.ac.in,AIML,2025,2,6.19,Average,0,False
S09819,Hiba Chauhan,hiba.chauhan58@college.ac.in,CSE,2025,2,6.84,Average,0,False
S09820,Prerna Desai,prerna.desai77@college.ac.in,AIML,2024,4,7.1,Good,0,False
S09821,Ankita Qureshi,ankita.qureshi53@college.ac.in,MECH,2024,4,6.05,Average,1,False
S09822,Shubham Reddy,shubham.reddy10@college.ac.in,CSE,2024,4,7.38,Good,0,False
S09823,Aditi Subramaniam,aditi.subramaniam50@college.ac.in,ECE,2023,6,5.69,Average,5,True
S09824,Nithish Pillai,nithish.pillai62@college.ac.in,MECH,2025,2,6.59,Average,0,False
S09825,Zubair Karunakaran,zubair.karunakaran95@college.ac.in,AIML,2023,6,6.45,Average,4,False
S09826,Sreejith Hegde,sreejith.hegde98@college.ac.in,MECH,2024,4,7.6,Good,0,False
S09827,Mohammed Desai,mohammed.desai45@college.ac.in,MECH,2025,2,4.73,At Risk,4,True
S09828,Mansi Pandey,mansi.pandey16@college.ac.in,MECH,2023,6,5.18,At Risk,4,True
S09829,Ananya Chetty,ananya.chetty67@college.ac.in,CSE,2023,6,5.99,Average,2,False
S09830,Ankit Rao,ankit.rao19@college.ac.in,CSE,2023,5,7.98,Good,0,False
S09831,Sonal Verma,sonal.verma98@college.ac.in,ECE,2025,2,7.02,Good,0,False
S09832,Aditi Yadav,aditi.yadav10@college.ac.in,CSE,2023,6,6.17,Average,3,True
S09833,Asif Siddiqui,asif.siddiqui14@college.ac.in,CSE,2023,6,6.03,Average,4,False
S09834,Nithya Varma,nithya.varma67@college.ac.in,MECH,2025,2,7.52,Good,1,False
S09835,Salman Rao,salman.rao49@college.ac.in,AIML,2022,8,7.32,Good,0,False
S09836,Ajith Patil,ajith.patil75@college.ac.in,ECE,2025,2,4.48,At Risk,6,False
S09837,Saranya Gopalakrishnan,saranya.gopalakrishnan50@college.ac.in,AIML,2022,8,7.63,Good,0,False
S09838,Arjun Chetty,arjun.chetty62@college.ac.in,AIML,2022,8,7.88,Good,0,False
S09839,Saranya Chandrasekaran,saranya.chandrasekaran38@college.ac.in,AIML,2023,5,6.9,Average,0,False
S09840,Babu Chauhan,babu.chauhan10@college.ac.in,MECH,2023,6,7.66,Good,0,False
S09841,Siddharth Pandey,siddharth.pandey21@college.ac.in,ECE,2022,8,6.71,Average,5,False
S09842,Rishita Reddy,rishita.reddy22@college.ac.in,MECH,2023,6,6.53,Average,0,False
S09843,Pillai Qureshi,pillai.qureshi53@college.ac.in,CSE,2024,4,7.84,Good,0,False
S09844,Varun Pandey,varun.pandey25@college.ac.in,AIML,2024,4,5.6,Average,5,True
S09845,Tanvi Pandey,tanvi.pandey31@college.ac.in,MECH,2022,8,5.76,Average,5,False
S09846,Aamir Chetty,aamir.chetty594@college.ac.in,CSE,2022,8,6.78,Average,0,False
S09847,Rahul Joshi,rahul.joshi65@college.ac.in,ECE,2025,2,5.53,Average,2,False
S09848,Varun Malik,varun.malik73@college.ac.in,ECE,2024,4,5.24,At Risk,2,False
S09849,Logesh Prasad,logesh.prasad11@college.ac.in,AIML,2024,3,7.47,Good,0,False
S09850,Gaurav Naidu,gaurav.naidu34@college.ac.in,CSE,2022,8,7.51,Good,0,False
S09851,Ankit Chauhan,ankit.chauhan88@college.ac.in,MECH,2025,2,6.76,Average,0,False
S09852,Rajan Pillai,rajan.pillai69@college.ac.in,MECH,2025,2,7.07,Good,0,False
S09853,Deepak Verma,deepak.verma89@college.ac.in,CSE,2023,6,6.81,Average,0,False
S09854,Vignesh Natarajan,vignesh.natarajan49@college.ac.in,AIML,2024,4,5.8,Average,2,False
S09855,Deepak Babu,deepak.babu77@college.ac.in,MECH,2024,3,6.21,Average,4,True
S09856,Faisal Naidu,faisal.naidu70@college.ac.in,ECE,2023,6,6.45,Average,0,False
S09857,Surya Bhat,surya.bhat53@college.ac.in,AIML,2024,3,6.87,Average,0,False
S09858,Aditi Khan,aditi.khan61@college.ac.in,CSE,2024,4,6.89,Average,2,False
S09859,Saranya Malik,saranya.malik45@college.ac.in,MECH,2022,8,7.82,Good,0,False
S09860,Saranya Babu,saranya.babu85@college.ac.in,AIML,2025,2,7.15,Good,0,False
S09861,Syed Rao,syed.rao82@college.ac.in,ECE,2023,6,7.34,Good,0,False
S09862,Vishnu Ansari,vishnu.ansari29@college.ac.in,AIML,2025,2,6.21,Average,0,False
S09863,Amina Das,amina.das32@college.ac.in,MECH,2023,6,7.35,Good,0,False
S09864,Keerthi Venkataraman,keerthi.venkataraman70@college.ac.in,CSE,2022,8,7.57,Good,0,False
S09865,Faisal Hegde,faisal.hegde32@college.ac.in,CSE,2025,2,8.08,Good,0,False
S09866,Abhijith Rao,abhijith.rao42@college.ac.in,CSE,2023,6,8.1,Good,0,False
S09867,Praveen Patel,praveen.patel81@college.ac.in,CSE,2025,2,6.96,Average,0,False
S09868,Piyush Chetty,piyush.chetty57@college.ac.in,CSE,2024,4,6.16,Average,0,False
S09869,Imran Murthy,imran.murthy29@college.ac.in,MECH,2022,8,5.86,Average,1,True
S09870,Ravi Singh,ravi.singh99@college.ac.in,ECE,2024,4,5.46,At Risk,2,True
S09871,Ananya Patil,ananya.patil80@college.ac.in,MECH,2023,6,5.33,At Risk,3,True
S09872,Arjun Khan,arjun.khan73@college.ac.in,MECH,2025,2,7.2,Good,0,False
S09873,Zubair Siddiqui,zubair.siddiqui96@college.ac.in,MECH,2022,8,7.38,Good,0,False
S09874,Imran Reddy,imran.reddy15@college.ac.in,CSE,2022,8,7.05,Good,1,False
S09875,Ankit Patel,ankit.patel24@college.ac.in,CSE,2023,5,7.17,Good,0,False
S09876,Saranya Murugan,saranya.murugan68@college.ac.in,MECH,2023,6,5.85,Average,1,True
S09877,Harish Babu,harish.babu58@college.ac.in,MECH,2025,2,5.48,At Risk,5,True
S09878,Meena Qureshi,meena.qureshi15@college.ac.in,ECE,2025,2,7.75,Good,0,False
S09879,Sreejith Velayudhan,sreejith.velayudhan32@college.ac.in,ECE,2024,3,7.65,Good,0,False
S09880,Irfan Das,irfan.das71@college.ac.in,AIML,2024,4,5.52,Average,5,True
S09881,Nikhil Murugan,nikhil.murugan96@college.ac.in,AIML,2024,4,6.0,Average,0,False
S09882,Nithish Patil,nithish.patil41@college.ac.in,ECE,2022,8,8.45,Good,0,False
S09883,Pillai Arumugam,pillai.arumugam34@college.ac.in,ECE,2024,3,6.37,Average,0,False
S09884,Piyush Karunakaran,piyush.karunakaran50@college.ac.in,MECH,2024,4,4.58,At Risk,4,True
S09885,Ankit Sharma,ankit.sharma89@college.ac.in,CSE,2023,6,7.48,Good,0,False
S09886,Adil Selvam,adil.selvam91@college.ac.in,CSE,2023,6,6.3,Average,6,True
S09887,Sathish Murthy,sathish.murthy89@college.ac.in,MECH,2022,8,4.17,At Risk,6,True
S09888,Rishita Yadav,rishita.yadav47@college.ac.in,ECE,2022,8,5.73,Average,4,False
S09889,Amal Rao,amal.rao61@college.ac.in,AIML,2022,8,6.84,Average,0,False
S09890,Suresh Desai,suresh.desai10@college.ac.in,ECE,2025,2,4.72,At Risk,2,False
S09891,Amina Karunakaran,amina.karunakaran67@college.ac.in,AIML,2025,2,6.31,Average,5,True
S09892,Anjali Warrier,anjali.warrier78@college.ac.in,CSE,2023,6,7.08,Good,0,False
S09893,Vignesh Rajan,vignesh.rajan40@college.ac.in,AIML,2023,6,7.72,Good,0,False
S09894,Fatima Naidu,fatima.naidu18@college.ac.in,AIML,2024,4,7.06,Good,5,True
S09895,Sathish Warrier,sathish.warrier90@college.ac.in,MECH,2024,4,7.16,Good,0,False
S09896,Divya Venkataraman,divya.venkataraman95@college.ac.in,CSE,2024,3,6.84,Average,4,False
S09897,Deepak Murugan,deepak.murugan81@college.ac.in,CSE,2025,2,7.08,Good,0,False
S09898,Rizwan Rao,rizwan.rao76@college.ac.in,CSE,2024,3,6.18,Average,0,False
S09899,Irfan Selvam,irfan.selvam73@college.ac.in,MECH,2023,6,5.97,Average,1,False
S09900,Rahul Hussain,rahul.hussain69@college.ac.in,MECH,2025,2,6.1,Average,1,True
S09901,Nikhil Gopalakrishnan,nikhil.gopalakrishnan22@college.ac.in,ECE,2023,5,5.63,Average,5,False
S09902,Rajan Chetty,rajan.chetty92@college.ac.in,MECH,2023,6,6.85,Average,0,False
S09903,Harish Mirza,harish.mirza49@college.ac.in,CSE,2023,6,7.99,Good,0,False
S09904,Salman Kumar,salman.kumar15@college.ac.in,MECH,2023,6,6.98,Average,0,False
S09905,Adil Hegde,adil.hegde56@college.ac.in,CSE,2023,6,7.75,Good,0,False
S09906,Surya Malik,surya.malik32@college.ac.in,CSE,2025,2,5.5,Average,2,True
S09907,Rizwan Namboothiri,rizwan.namboothiri46@college.ac.in,MECH,2024,4,6.52,Average,2,True
S09908,Deepak Mirza,deepak.mirza86@college.ac.in,AIML,2025,2,6.83,Average,0,False
S09909,Abhijith Warrier,abhijith.warrier53@college.ac.in,AIML,2023,6,7.58,Good,0,False
S09910,Dinesh Qureshi,dinesh.qureshi11@college.ac.in,CSE,2024,4,8.47,Good,0,False
S09911,Jithin Velayudhan,jithin.velayudhan79@college.ac.in,AIML,2023,5,7.46,Good,0,False
S09912,Swati Hegde,swati.hegde49@college.ac.in,AIML,2023,6,5.59,Average,5,True
S09913,Rizwan Patil,rizwan.patil41@college.ac.in,ECE,2022,8,7.16,Good,0,False
S09914,Pooja Pandey,pooja.pandey43@college.ac.in,MECH,2023,6,4.88,At Risk,4,False
S09915,Siddharth Mehta,siddharth.mehta41@college.ac.in,MECH,2024,4,6.18,Average,1,False
S09916,Amit Karunakaran,amit.karunakaran13@college.ac.in,CSE,2024,4,5.95,Average,1,True
S09917,Suresh Mirza,suresh.mirza97@college.ac.in,CSE,2022,8,8.04,Good,0,False
S09918,Varun Nair,varun.nair84@college.ac.in,AIML,2023,6,8.41,Good,0,False
S09919,Surya Krishnan,surya.krishnan747@college.ac.in,ECE,2022,8,6.79,Average,0,False
S09920,Gaurav Chandrasekaran,gaurav.chandrasekaran95@college.ac.in,ECE,2024,4,5.89,Average,4,False
S09921,Tarun Natarajan,tarun.natarajan73@college.ac.in,AIML,2023,6,5.81,Average,5,True
S09922,Pallavi Singh,pallavi.singh81@college.ac.in,CSE,2023,5,5.88,Average,5,True
S09923,Manoj Sheikh,manoj.sheikh84@college.ac.in,MECH,2023,6,6.98,Average,0,False
S09924,Kavya Bhat,kavya.bhat31@college.ac.in,AIML,2024,4,5.13,At Risk,5,True
S09925,Pallavi Ansari,pallavi.ansari64@college.ac.in,CSE,2025,2,7.09,Good,0,False
S09926,Vikram Hussain,vikram.hussain96@college.ac.in,CSE,2023,6,6.63,Average,0,False
S09927,Fatima Karunakaran,fatima.karunakaran20@college.ac.in,MECH,2023,6,5.83,Average,5,False
S09928,Ajith Kumar,ajith.kumar67@college.ac.in,MECH,2025,2,5.77,Average,1,True
S09929,Sreejith Prasad,sreejith.prasad30@college.ac.in,ECE,2023,6,6.72,Average,3,False
S09930,Adil Warrier,adil.warrier24@college.ac.in,AIML,2022,8,6.14,Average,3,True
S09931,Asif Siddiqui,asif.siddiqui43@college.ac.in,MECH,2023,6,6.98,Average,0,False
S09932,Pallavi Pandey,pallavi.pandey48@college.ac.in,AIML,2023,6,7.55,Good,0,False
S09933,Karthik Gopalakrishnan,karthik.gopalakrishnan59@college.ac.in,ECE,2024,4,6.94,Average,0,False
S09934,Siddharth Prasad,siddharth.prasad48@college.ac.in,AIML,2024,4,6.62,Average,5,True
S09935,Athul Yadav,athul.yadav48@college.ac.in,CSE,2023,6,6.73,Average,2,False
S09936,Dhanush Rajan,dhanush.rajan27@college.ac.in,AIML,2024,4,5.49,At Risk,5,True
S09937,Aditi Nambiar,aditi.nambiar41@college.ac.in,CSE,2025,2,3.91,At Risk,2,True
S09938,Deepak Venkataraman,deepak.venkataraman80@college.ac.in,CSE,2024,4,6.19,Average,0,False
S09939,Ajith Pandey,ajith.pandey28@college.ac.in,AIML,2024,4,7.7,Good,0,False
S09940,Asif Subramaniam,asif.subramaniam18@college.ac.in,MECH,2022,8,6.51,Average,1,False
S09941,Revathi Prasad,revathi.prasad84@college.ac.in,AIML,2023,6,6.36,Average,1,False
S09942,Naveen Gopalakrishnan,naveen.gopalakrishnan27@college.ac.in,AIML,2022,8,8.06,Good,0,False
S09943,Rizwan Menon,rizwan.menon76@college.ac.in,CSE,2024,4,7.02,Good,0,False
S09944,Bilal Patel,bilal.patel25@college.ac.in,AIML,2023,6,6.4,Average,0,False
S09945,Salman Rao,salman.rao48@college.ac.in,ECE,2022,8,6.07,Average,5,True
S09946,Kavya Gopalakrishnan,kavya.gopalakrishnan26@college.ac.in,AIML,2022,8,7.65,Good,0,False
S09947,Pillai Arumugam,pillai.arumugam85@college.ac.in,ECE,2023,6,7.19,Good,0,False
S09948,Sana Kumar,sana.kumar62@college.ac.in,MECH,2023,5,5.39,At Risk,2,False
S09949,Menon Rao,menon.rao73@college.ac.in,AIML,2024,4,6.38,Average,3,False
S09950,Asif Chauhan,asif.chauhan29@college.ac.in,CSE,2024,4,6.89,Average,0,False
S09951,Rukhsar Sheikh,rukhsar.sheikh36@college.ac.in,CSE,2023,5,7.59,Good,0,False
S09952,Mohammed Patil,mohammed.patil78@college.ac.in,AIML,2022,8,7.03,Good,0,False
S09953,Rizwan Patel,rizwan.patel275@college.ac.in,AIML,2024,4,6.8,Average,4,False
S09954,Vivek Gupta,vivek.gupta80@college.ac.in,CSE,2023,6,8.29,Good,0,False
S09955,Ankita Naidu,ankita.naidu31@college.ac.in,MECH,2025,2,7.48,Good,0,False
S09956,Akash Varma,akash.varma46@college.ac.in,CSE,2025,2,7.71,Good,0,False
S09957,Revathi Singh,revathi.singh89@college.ac.in,ECE,2022,8,7.39,Good,0,False
S09958,Amina Rajan,amina.rajan14@college.ac.in,MECH,2023,6,5.88,Average,2,False
S09959,Tarun Bhat,tarun.bhat53@college.ac.in,MECH,2024,3,5.72,Average,4,False
S09960,Nikhil Sharma,nikhil.sharma13@college.ac.in,ECE,2024,4,5.73,Average,2,True
S09961,Ananya Natarajan,ananya.natarajan23@college.ac.in,AIML,2024,4,5.53,Average,4,True
S09962,Amit Chandrasekaran,amit.chandrasekaran63@college.ac.in,MECH,2022,8,8.0,Good,0,False
S09963,Pillai Joshi,pillai.joshi60@college.ac.in,AIML,2024,4,6.71,Average,0,False
S09964,Deepak Rao,deepak.rao40@college.ac.in,MECH,2022,8,7.22,Good,0,False
S09965,Meena Subramaniam,meena.subramaniam33@college.ac.in,MECH,2022,8,7.33,Good,0,False
S09966,Aishwarya Mishra,aishwarya.mishra30@college.ac.in,ECE,2024,4,7.98,Good,0,False
S09967,Nithish Venkataraman,nithish.venkataraman24@college.ac.in,AIML,2023,6,4.36,At Risk,4,True
S09968,Aman Patel,aman.patel41@college.ac.in,CSE,2023,6,6.63,Average,3,True
S09969,Junaid Arumugam,junaid.arumugam39@college.ac.in,CSE,2024,4,6.13,Average,5,True
S09970,Keerthi Karunakaran,keerthi.karunakaran25@college.ac.in,ECE,2024,4,6.82,Average,0,False
S09971,Swathi Kamath,swathi.kamath71@college.ac.in,MECH,2024,4,4.59,At Risk,4,True
S09972,Bilal Rajan,bilal.rajan30@college.ac.in,CSE,2023,6,7.53,Good,0,False
S09973,Rishita Mishra,rishita.mishra18@college.ac.in,CSE,2022,8,6.76,Average,3,False
S09974,Faisal Mehta,faisal.mehta23@college.ac.in,CSE,2024,4,6.36,Average,1,False
S09975,Arun Bhat,arun.bhat49@college.ac.in,ECE,2024,3,7.09,Good,0,False
S09976,Kavya Menon,kavya.menon28@college.ac.in,CSE,2025,2,5.41,At Risk,5,False
S09977,Aamir Shetty,aamir.shetty56@college.ac.in,AIML,2023,6,7.42,Good,0,False
S09978,Junaid Mishra,junaid.mishra68@college.ac.in,MECH,2024,4,6.24,Average,0,False
S09979,Sana Reddy,sana.reddy93@college.ac.in,MECH,2025,2,2.6,At Risk,2,True
S09980,Fatima Malik,fatima.malik59@college.ac.in,ECE,2023,6,7.01,Good,0,False
S09981,Imran Qureshi,imran.qureshi32@college.ac.in,ECE,2023,5,4.49,At Risk,2,False
S09982,Deepak Namboothiri,deepak.namboothiri77@college.ac.in,CSE,2022,8,5.9,Average,4,True
S09983,Nikhil Menon,nikhil.menon23@college.ac.in,AIML,2024,3,5.82,Average,5,True
S09984,Pooja Shetty,pooja.shetty36@college.ac.in,AIML,2025,2,5.84,Average,1,True
S09985,Sreejith Velayudhan,sreejith.velayudhan50@college.ac.in,AIML,2023,6,6.51,Average,0,False
S09986,Dinesh Chandrasekaran,dinesh.chandrasekaran69@college.ac.in,AIML,2023,6,5.4,At Risk,6,True
S09987,Farhan Chauhan,farhan.chauhan35@college.ac.in,MECH,2022,8,7.04,Good,0,False
S09988,Neha Pandey,neha.pandey63@college.ac.in,CSE,2022,8,8.31,Good,0,False
S09989,Pallavi Hegde,pallavi.hegde82@college.ac.in,CSE,2022,8,7.0,Good,0,False
S09990,Fatima Rao,fatima.rao82@college.ac.in,MECH,2024,4,6.76,Average,0,False
S09991,Rizwan Verma,rizwan.verma15@college.ac.in,ECE,2024,3,7.13,Good,0,False
S09992,Ankit Hussain,ankit.hussain86@college.ac.in,AIML,2022,8,7.7,Good,0,False
S09993,Imran Qureshi,imran.qureshi51@college.ac.in,MECH,2025,2,5.88,Average,2,True
S09994,Amal Dubey,amal.dubey39@college.ac.in,MECH,2022,8,6.54,Average,0,False
S09995,Meena Joshi,meena.joshi43@college.ac.in,CSE,2023,6,7.11,Good,0,False
S09996,Dhanush Mishra,dhanush.mishra13@college.ac.in,AIML,2023,6,6.3,Average,0,False
S09997,Dhanush Tiwari,dhanush.tiwari33@college.ac.in,MECH,2023,6,6.38,Average,4,False
S09998,Ganesh Singh,ganesh.singh91@college.ac.in,CSE,2024,4,5.71,Average,5,True
S09999,Tanvi Gupta,tanvi.gupta41@college.ac.in,CSE,2022,8,7.28,Good,0,False
S10000,Dinesh Mishra,dinesh.mishra39@college.ac.in,MECH,2022,8,5.68,Average,6,True
