id,term_id,subject_name,subject_code,credits,marks,grade,created_at,updated_at
40a6385a-ac57-4c3c-817f-2e78e2dce9f5,092260b6-fe13-4840-8ab1-ed6b205cbb62,Web Technologies,IT201,2,72.00,B,2026-01-18 07:30:33.536782+00,2026-01-18 07:30:33.536782+00
202d0482-3fe7-442b-9fee-60ed8489fff8,092260b6-fe13-4840-8ab1-ed6b205cbb62,Information Security,IT402,2,66.00,B-,2026-01-18 07:30:33.536782+00,2026-01-18 07:30:33.536782+00
92e1a440-7721-4fa0-941f-c28792bb7e12,092260b6-fe13-4840-8ab1-ed6b205cbb62,Database Systems,IT301,4,73.00,B,2026-01-18 07:30:33.536782+00,2026-01-18 07:30:33.536782+00
61c42c1d-f2dc-4de9-b609-2ac073c5a3ca,092260b6-fe13-4840-8ab1-ed6b205cbb62,Cloud Computing,IT401,2,82.00,A-,2026-01-18 07:30:33.536782+00,2026-01-18 07:30:33.536782+00
b4b0c79a-2d8f-4c41-8893-c62aa0cc7f94,5a0c7dff-d36f-44ee-9be6-07fc5bf47e02,Web Technologies,IT201,2,65.00,B-,2026-01-18 07:30:33.536782+00,2026-01-18 07:30:33.536782+00
b17db814-2c96-4ecb-864e-a4400df7a056,5a0c7dff-d36f-44ee-9be6-07fc5bf47e02,Cloud Computing,IT401,2,65.00,B-,2026-01-18 07:30:33.536782+00,2026-01-18 07:30:33.536782+00
5430a2d2-26ad-4ce7-97d4-08d71a044b3c,5a0c7dff-d36f-44ee-9be6-07fc5bf47e02,Database Systems,IT301,2,83.00,A-,2026-01-18 07:30:33.536782+00,2026-01-18 07:30:33.536782+00
ce50d34a-4c4f-45cf-8129-fcab240f0072,5a0c7dff-d36f-44ee-9be6-07fc5bf47e02,Information Security,IT402,2,75.00,B+,2026-01-18 07:30:33.536782+00,2026-01-18 07:30:33.536782+00
b9620d06-a9f8-4ceb-aaa4-fe11d821111b,fcded2ba-5177-471b-87bf-f366bfc1dabb,Web Technologies,IT201,2,62.00,C+,2026-01-18 07:30:33.536782+00,2026-01-18 07:30:33.536782+00
5ab29631-8175-4f8b-a855-718a703a9c85,fcded2ba-5177-471b-87bf-f366bfc1dabb,Cloud Computing,IT401,3,72.00,B,2026-01-18 07:30:33.536782+00,2026-01-18 07:30:33.536782+00
298a35d9-2b0d-41d2-b89a-848f3acaa912,fcded2ba-5177-471b-87bf-f366bfc1dabb,Information Security,IT402,4,62.00,C+,2026-01-18 07:30:33.536782+00,2026-01-18 07:30:33.536782+00
908f91cf-3172-41df-9335-81e87ee40371,fcded2ba-5177-471b-87bf-f366bfc1dabb,Database Systems,IT301,3,62.00,C+,2026-01-18 07:30:33.536782+00,2026-01-18 07:30:33.536782+00
6281b181-2517-4de1-bfed-fb5476f1f4d3,9fbb3327-4ae0-4a32-9496-a9c6a03d885f,Web Technologies,IT201,3,69.00,B-,2026-01-18 07:30:33.536782+00,2026-01-18 07:30:33.536782+00
e6a6eb16-1d3d-4a3e-969c-432206caae72,9fbb3327-4ae0-4a32-9496-a9c6a03d885f,Information Security,IT402,2,48.00,D,2026-01-18 07:30:33.536782+00,2026-01-18 07:30:33.536782+00
b949e155-ee33-4885-9086-b24c4c807abe,9fbb3327-4ae0-4a32-9496-a9c6a03d885f,Database Systems,IT301,2,50.00,C-,2026-01-18 07:30:33.536782+00,2026-01-18 07:30:33.536782+00
b71d7867-2b56-4f8a-bfbe-308e6a2215f1,9fbb3327-4ae0-4a32-9496-a9c6a03d885f,Cloud Computing,IT401,3,61.00,C+,2026-01-18 07:30:33.536782+00,2026-01-18 07:30:33.536782+00
2fce91a4-fee4-49dd-9b6e-08dd8ca33b16,397c8fce-fd87-4370-92bd-988c99c7f9f4,Web Technologies,IT201,3,57.00,C,2026-01-18 07:30:33.536782+00,2026-01-18 07:30:33.536782+00
d8af3518-53c0-4ec4-8700-81ff0483e2bd,397c8fce-fd87-4370-92bd-988c99c7f9f4,Information Security,IT402,3,70.00,B,2026-01-18 07:30:33.536782+00,2026-01-18 07:30:33.536782+00
ac7bfe40-5488-419a-ac3f-3106b4bfc628,397c8fce-fd87-4370-92bd-988c99c7f9f4,Database Systems,IT301,4,58.00,C,2026-01-18 07:30:33.536782+00,2026-01-18 07:30:33.536782+00
a3e26ae0-2876-4b2f-93b1-c62cda8316c5,397c8fce-fd87-4370-92bd-988c99c7f9f4,Cloud Computing,IT401,3,53.00,C-,2026-01-18 07:30:33.536782+00,2026-01-18 07:30:33.536782+00
1471415c-4ea7-4461-b788-45e6988ac0a0,363d9154-d39f-453a-b5b1-3f696ebfbd56,Web Technologies,IT201,3,82.00,A-,2026-01-18 07:30:33.536782+00,2026-01-18 07:30:33.536782+00
367636e5-73de-48ad-ab2e-6e7fe87f37bc,363d9154-d39f-453a-b5b1-3f696ebfbd56,Cloud Computing,IT401,2,65.00,B-,2026-01-18 07:30:33.536782+00,2026-01-18 07:30:33.536782+00
dac427e7-9642-4124-8476-fefaddc40099,363d9154-d39f-453a-b5b1-3f696ebfbd56,Database Systems,IT301,4,68.00,B-,2026-01-18 07:30:33.536782+00,2026-01-18 07:30:33.536782+00
2ff7d6fe-4228-4d87-87ea-054dae439259,363d9154-d39f-453a-b5b1-3f696ebfbd56,Information Security,IT402,3,53.00,C-,2026-01-18 07:30:33.536782+00,2026-01-18 07:30:33.536782+00
7e73c5f6-9f5a-4bc3-ad8b-d26e948c4ab1,55fe7dac-dc65-4333-899e-008f8d816f2b,Cloud Computing,IT401,2,62.00,C+,2026-01-18 07:30:33.536782+00,2026-01-18 07:30:33.536782+00
715e9d43-8450-4d4e-9c4f-4af08f4c6983,55fe7dac-dc65-4333-899e-008f8d816f2b,Information Security,IT402,4,68.00,B-,2026-01-18 07:30:33.536782+00,2026-01-18 07:30:33.536782+00
d193dfeb-1f10-4d31-a143-84d8d6e10f40,55fe7dac-dc65-4333-899e-008f8d816f2b,Web Technologies,IT201,2,55.00,C,2026-01-18 07:30:33.536782+00,2026-01-18 07:30:33.536782+00
1cf08583-3b9f-4be6-885f-4e725e781acb,55fe7dac-dc65-4333-899e-008f8d816f2b,Database Systems,IT301,3,71.00,B,2026-01-18 07:30:33.536782+00,2026-01-18 07:30:33.536782+00
c742cb64-08f4-4224-bcbb-6f8cec204186,1c7e90e6-af6a-4742-8ebb-a4e88ec42aae,Web Technologies,IT201,3,61.00,C+,2026-01-18 07:30:33.536782+00,2026-01-18 07:30:33.536782+00
32662800-2fb7-4a97-88fc-0de022affb7a,1c7e90e6-af6a-4742-8ebb-a4e88ec42aae,Information Security,IT402,3,64.00,C+,2026-01-18 07:30:33.536782+00,2026-01-18 07:30:33.536782+00
87298f77-a1d8-47a2-8f6d-462515af5315,1c7e90e6-af6a-4742-8ebb-a4e88ec42aae,Cloud Computing,IT401,4,61.00,C+,2026-01-18 07:30:33.536782+00,2026-01-18 07:30:33.536782+00
378fb15e-734a-4950-8b0c-3cee16ae8245,1c7e90e6-af6a-4742-8ebb-a4e88ec42aae,Database Systems,IT301,3,86.00,A,2026-01-18 07:30:33.536782+00,2026-01-18 07:30:33.536782+00
9ddb1431-1e77-4b8f-bd2a-051bd76f0e58,61f972e5-3a19-4a9f-9d4a-5ed7ecbbb59c,Operating Systems,CS301,4,64.00,C+,2026-01-18 07:30:33.536782+00,2026-01-18 07:30:33.536782+00
6419db9f-7729-427c-8cb9-07654b2cf688,61f972e5-3a19-4a9f-9d4a-5ed7ecbbb59c,DBMS,CS302,3,54.00,C-,2026-01-18 07:30:33.536782+00,2026-01-18 07:30:33.536782+00
20689149-8cba-4228-94a2-7cb525de9be2,61f972e5-3a19-4a9f-9d4a-5ed7ecbbb59c,Computer Networks,CS402,4,73.00,B,2026-01-18 07:30:33.536782+00,2026-01-18 07:30:33.536782+00
0fd463dc-d788-4494-b1a6-365433d7efb7,61f972e5-3a19-4a9f-9d4a-5ed7ecbbb59c,Data Structures,CS201,4,52.00,C-,2026-01-18 07:30:33.536782+00,2026-01-18 07:30:33.536782+00
437c396a-b181-457e-bb1d-20a651acfede,12f2ad33-08d7-4d2a-a9ee-36da036cdeb9,Data Structures,CS201,2,67.00,B-,2026-01-18 07:30:33.536782+00,2026-01-18 07:30:33.536782+00
9b5e92b1-e7eb-4565-96aa-98b5d42b7f4d,12f2ad33-08d7-4d2a-a9ee-36da036cdeb9,Operating Systems,CS301,3,45.00,D,2026-01-18 07:30:33.536782+00,2026-01-18 07:30:33.536782+00
0a9ab75f-7df8-402f-af09-870386b31a21,12f2ad33-08d7-4d2a-a9ee-36da036cdeb9,DBMS,CS302,3,51.00,C-,2026-01-18 07:30:33.536782+00,2026-01-18 07:30:33.536782+00
f6465382-c687-4610-aa01-0c5745209760,12f2ad33-08d7-4d2a-a9ee-36da036cdeb9,Computer Networks,CS402,3,66.00,B-,2026-01-18 07:30:33.536782+00,2026-01-18 07:30:33.536782+00
509cd55d-b47f-4562-a3f8-226175f7d0bd,44a1cd73-5be9-46da-8e29-68c04a63299d,Computer Networks,CS402,2,72.00,B,2026-01-18 07:30:33.536782+00,2026-01-18 07:30:33.536782+00
16675a7b-57ad-4ebe-b050-eea556ddc1a3,44a1cd73-5be9-46da-8e29-68c04a63299d,Operating Systems,CS301,2,66.00,B-,2026-01-18 07:30:33.536782+00,2026-01-18 07:30:33.536782+00
af45f783-98de-4e0b-8202-be603a9a838b,44a1cd73-5be9-46da-8e29-68c04a63299d,DBMS,CS302,2,63.00,C+,2026-01-18 07:30:33.536782+00,2026-01-18 07:30:33.536782+00
fcbb1f46-7d0e-4757-9a99-fafe4aa7afa2,44a1cd73-5be9-46da-8e29-68c04a63299d,Machine Learning,CS401,3,61.00,C+,2026-01-18 07:30:33.536782+00,2026-01-18 07:30:33.536782+00
8eccac1b-b1a0-4f88-b7e7-369c5b62cc5f,dee6942e-1d5a-45a1-a706-733b15f4f9b6,Machine Learning,CS401,4,50.00,C-,2026-01-18 07:30:33.536782+00,2026-01-18 07:30:33.536782+00
1ae5aec4-ce3c-41ef-a762-d264cbb20c7c,dee6942e-1d5a-45a1-a706-733b15f4f9b6,DBMS,CS302,4,57.00,C,2026-01-18 07:30:33.536782+00,2026-01-18 07:30:33.536782+00
b61821dc-feda-4e06-936b-232437c0f24a,dee6942e-1d5a-45a1-a706-733b15f4f9b6,Data Structures,CS201,3,60.00,C+,2026-01-18 07:30:33.536782+00,2026-01-18 07:30:33.536782+00
c41efd0e-f62f-4627-a0d9-77fef242ebbe,dee6942e-1d5a-45a1-a706-733b15f4f9b6,Computer Networks,CS402,2,75.00,B+,2026-01-18 07:30:33.536782+00,2026-01-18 07:30:33.536782+00
46e92362-ec44-4be3-9523-100e7c361071,be5f4f8b-01da-4741-b39e-c7cbde255165,Machine Learning,CS401,2,68.00,B-,2026-01-18 07:30:33.536782+00,2026-01-18 07:30:33.536782+00
d2019c49-0311-41e6-b889-f5722b046cb8,be5f4f8b-01da-4741-b39e-c7cbde255165,Computer Networks,CS402,3,47.00,D,2026-01-18 07:30:33.536782+00,2026-01-18 07:30:33.536782+00
b8e49176-00a2-4a0d-85cc-5e876da12119,be5f4f8b-01da-4741-b39e-c7cbde255165,DBMS,CS302,2,68.00,B-,2026-01-18 07:30:33.536782+00,2026-01-18 07:30:33.536782+00
a1c38ce6-737d-4a1b-9c4a-f03012c6c3e4,be5f4f8b-01da-4741-b39e-c7cbde255165,Operating Systems,CS301,2,61.00,C+,2026-01-18 07:30:33.536782+00,2026-01-18 07:30:33.536782+00
1fa196ff-ecb2-4cd1-a12d-9aeb3d7a2cc7,c04797d9-d474-4762-b06b-11fdff521b6e,Computer Networks,CS402,4,58.00,C,2026-01-18 07:30:33.536782+00,2026-01-18 07:30:33.536782+00
723c6dd4-324f-4518-a06d-8a0f5f682c44,c04797d9-d474-4762-b06b-11fdff521b6e,DBMS,CS302,3,71.00,B,2026-01-18 07:30:33.536782+00,2026-01-18 07:30:33.536782+00
d0c40066-7ad0-469a-acb2-5a7fe51b5872,c04797d9-d474-4762-b06b-11fdff521b6e,Machine Learning,CS401,3,75.00,B+,2026-01-18 07:30:33.536782+00,2026-01-18 07:30:33.536782+00
06fc0d13-79cc-400f-b6f9-33bcf6f792cf,c04797d9-d474-4762-b06b-11fdff521b6e,Operating Systems,CS301,2,74.00,B,2026-01-18 07:30:33.536782+00,2026-01-18 07:30:33.536782+00
f9164ceb-d4cb-4dce-ba2e-03c7dca38643,cd4ef9a9-ed6e-4ba6-a71b-b5ee895107ad,Operating Systems,CS301,2,56.00,C,2026-01-18 07:30:33.536782+00,2026-01-18 07:30:33.536782+00
a5c72862-e6fe-4e79-ae3a-d248fa3acdd5,cd4ef9a9-ed6e-4ba6-a71b-b5ee895107ad,Machine Learning,CS401,2,61.00,C+,2026-01-18 07:30:33.536782+00,2026-01-18 07:30:33.536782+00
ada8539e-50ad-4d74-8fa8-f789ddee6dc5,cd4ef9a9-ed6e-4ba6-a71b-b5ee895107ad,Data Structures,CS201,4,68.00,B-,2026-01-18 07:30:33.536782+00,2026-01-18 07:30:33.536782+00
af107723-bb7b-493e-9998-91f6460e3559,cd4ef9a9-ed6e-4ba6-a71b-b5ee895107ad,DBMS,CS302,2,74.00,B,2026-01-18 07:30:33.536782+00,2026-01-18 07:30:33.536782+00
6d7e50ff-fefc-46dd-a4d5-ffc64f011733,247276c9-9a9c-4f99-9177-efd3cf50f33d,Machine Learning,CS401,4,60.00,C+,2026-01-18 07:30:33.536782+00,2026-01-18 07:30:33.536782+00
949d16d8-33cc-4475-a8d4-3d5803aef1ac,247276c9-9a9c-4f99-9177-efd3cf50f33d,Data Structures,CS201,3,63.00,C+,2026-01-18 07:30:33.536782+00,2026-01-18 07:30:33.536782+00
a43a45e5-dbf8-4f0d-9347-d264283ee5e0,247276c9-9a9c-4f99-9177-efd3cf50f33d,Operating Systems,CS301,4,53.00,C-,2026-01-18 07:30:33.536782+00,2026-01-18 07:30:33.536782+00
2d110a96-2280-4868-be75-cf59b5970efb,247276c9-9a9c-4f99-9177-efd3cf50f33d,DBMS,CS302,3,52.00,C-,2026-01-18 07:30:33.536782+00,2026-01-18 07:30:33.536782+00
afe0c857-06c2-4655-8030-6445f63a4bc6,87d2f278-5fda-4a8a-ab66-8b2a1d248e4b,Computer Networks,CS402,4,76.00,B+,2026-01-18 07:30:33.536782+00,2026-01-18 07:30:33.536782+00
14a07497-59c0-4364-adb4-e1ea58c3bdea,87d2f278-5fda-4a8a-ab66-8b2a1d248e4b,Data Structures,CS201,4,81.00,A-,2026-01-18 07:30:33.536782+00,2026-01-18 07:30:33.536782+00
343dab7b-2248-4fca-8459-16c216151636,87d2f278-5fda-4a8a-ab66-8b2a1d248e4b,DBMS,CS302,3,67.00,B-,2026-01-18 07:30:33.536782+00,2026-01-18 07:30:33.536782+00
bd48c5e9-e491-4059-843a-58b3b0ddcea6,87d2f278-5fda-4a8a-ab66-8b2a1d248e4b,Machine Learning,CS401,4,78.00,B+,2026-01-18 07:30:33.536782+00,2026-01-18 07:30:33.536782+00
8a810d30-b8e3-4b36-866f-c6df4f58fd8a,8d121d49-3ea6-40c7-a460-3efc8f6daaec,DBMS,CS302,2,71.00,B,2026-01-18 07:30:33.536782+00,2026-01-18 07:30:33.536782+00
db2e930f-4d85-45a6-a0b0-b89109996088,8d121d49-3ea6-40c7-a460-3efc8f6daaec,Data Structures,CS201,3,61.00,C+,2026-01-18 07:30:33.536782+00,2026-01-18 07:30:33.536782+00
f99d60cf-b27d-4117-a202-a4ca8412c433,8d121d49-3ea6-40c7-a460-3efc8f6daaec,Operating Systems,CS301,2,71.00,B,2026-01-18 07:30:33.536782+00,2026-01-18 07:30:33.536782+00
43c2093c-2430-40c6-80c8-5d0f5a18679d,8d121d49-3ea6-40c7-a460-3efc8f6daaec,Computer Networks,CS402,4,83.00,A-,2026-01-18 07:30:33.536782+00,2026-01-18 07:30:33.536782+00
3aa15261-37f4-4cdd-8a61-bb085ca10266,b68f1b16-28fa-446c-b489-79db6995ef2d,DBMS,CS302,4,67.00,B-,2026-01-18 07:30:33.536782+00,2026-01-18 07:30:33.536782+00
e23302bd-55c9-4e2d-806b-51cbee0a8136,b68f1b16-28fa-446c-b489-79db6995ef2d,Operating Systems,CS301,3,83.00,A-,2026-01-18 07:30:33.536782+00,2026-01-18 07:30:33.536782+00
b9d473c3-f12c-48c1-bba3-320f2ff1002b,b68f1b16-28fa-446c-b489-79db6995ef2d,Computer Networks,CS402,4,41.00,D,2026-01-18 07:30:33.536782+00,2026-01-18 07:30:33.536782+00
87ce5bcf-b1fa-459a-8d66-75a055425abe,b68f1b16-28fa-446c-b489-79db6995ef2d,Data Structures,CS201,4,76.00,B+,2026-01-18 07:30:33.536782+00,2026-01-18 07:30:33.536782+00
55fb855c-b3e3-47a3-bf82-b7b56c282ad7,efe0127c-e6e9-448f-a47d-0205c26d466a,Computer Networks,CS402,2,68.00,B-,2026-01-18 07:30:33.536782+00,2026-01-18 07:30:33.536782+00
8bc16312-fc24-4da2-8f74-a5cc99579923,efe0127c-e6e9-448f-a47d-0205c26d466a,Operating Systems,CS301,4,65.00,B-,2026-01-18 07:30:33.536782+00,2026-01-18 07:30:33.536782+00
ac797f87-ac4c-4ae2-a984-c697ee3c2351,efe0127c-e6e9-448f-a47d-0205c26d466a,Data Structures,CS201,4,69.00,B-,2026-01-18 07:30:33.536782+00,2026-01-18 07:30:33.536782+00
1d096d42-beaf-4e59-9177-f6820c76baf2,efe0127c-e6e9-448f-a47d-0205c26d466a,Machine Learning,CS401,2,48.00,D,2026-01-18 07:30:33.536782+00,2026-01-18 07:30:33.536782+00
26e3ca3b-280e-4613-9739-2445ae7fe237,e32c0272-e134-4c2c-bec6-f750567d3370,Computer Networks,CS402,2,65.00,B-,2026-01-18 07:30:33.536782+00,2026-01-18 07:30:33.536782+00
8d4229c5-b59f-4d65-8fed-f61b94dc1099,e32c0272-e134-4c2c-bec6-f750567d3370,DBMS,CS302,3,71.00,B,2026-01-18 07:30:33.536782+00,2026-01-18 07:30:33.536782+00
65a8f763-c6d3-4779-858a-12dcbc7877d3,e32c0272-e134-4c2c-bec6-f750567d3370,Operating Systems,CS301,3,82.00,A-,2026-01-18 07:30:33.536782+00,2026-01-18 07:30:33.536782+00
1ee1f8ca-1111-40c7-a631-5f5eb87859d0,e32c0272-e134-4c2c-bec6-f750567d3370,Data Structures,CS201,2,62.00,C+,2026-01-18 07:30:33.536782+00,2026-01-18 07:30:33.536782+00
04839c2a-2436-4e71-8247-f7f3d82bda35,ad856b1e-f7fc-4718-8bfc-257e1bbf6bf3,Data Structures,CS201,2,60.00,C+,2026-01-18 07:30:33.536782+00,2026-01-18 07:30:33.536782+00
b776d046-4cbd-49eb-a692-a3768001112f,ad856b1e-f7fc-4718-8bfc-257e1bbf6bf3,Operating Systems,CS301,4,63.00,C+,2026-01-18 07:30:33.536782+00,2026-01-18 07:30:33.536782+00
ec18634b-dc02-42ac-af06-a983b868e4fe,ad856b1e-f7fc-4718-8bfc-257e1bbf6bf3,DBMS,CS302,3,77.00,B+,2026-01-18 07:30:33.536782+00,2026-01-18 07:30:33.536782+00
64534f45-3c28-45a0-ac4a-ef3089b7d3ff,ad856b1e-f7fc-4718-8bfc-257e1bbf6bf3,Computer Networks,CS402,2,71.00,B,2026-01-18 07:30:33.536782+00,2026-01-18 07:30:33.536782+00
bb6af627-c4dd-4e12-86c0-d5fadaa0330a,30de7aa1-a4c0-49f0-aa22-1bcd51a8b245,Computer Networks,CS402,4,62.00,C+,2026-01-18 07:30:33.536782+00,2026-01-18 07:30:33.536782+00
2ca90f7c-15be-4e50-b210-de3fab428c32,30de7aa1-a4c0-49f0-aa22-1bcd51a8b245,Operating Systems,CS301,2,73.00,B,2026-01-18 07:30:33.536782+00,2026-01-18 07:30:33.536782+00
9d1bc90b-b93d-44ba-83a5-bec983675148,30de7aa1-a4c0-49f0-aa22-1bcd51a8b245,Data Structures,CS201,3,69.00,B-,2026-01-18 07:30:33.536782+00,2026-01-18 07:30:33.536782+00
f8f948f1-37e3-4538-9726-1c9343e1b65d,30de7aa1-a4c0-49f0-aa22-1bcd51a8b245,Machine Learning,CS401,4,77.00,B+,2026-01-18 07:30:33.536782+00,2026-01-18 07:30:33.536782+00
aae294a3-f4fb-461b-8bc7-2c61f06baabd,e9505586-825e-4357-a011-210c1ec9b209,Computer Networks,CS402,4,61.00,C+,2026-01-18 07:30:33.536782+00,2026-01-18 07:30:33.536782+00
137e35d6-dc5e-495d-99ba-8f921a81d8c2,e9505586-825e-4357-a011-210c1ec9b209,Machine Learning,CS401,3,64.00,C+,2026-01-18 07:30:33.536782+00,2026-01-18 07:30:33.536782+00
aafb7f96-30b5-42e7-b8d7-437cbbd1fd07,e9505586-825e-4357-a011-210c1ec9b209,Data Structures,CS201,3,64.00,C+,2026-01-18 07:30:33.536782+00,2026-01-18 07:30:33.536782+00
a05d199c-496a-48e3-9c79-926bd3735821,e9505586-825e-4357-a011-210c1ec9b209,DBMS,CS302,4,53.00,C-,2026-01-18 07:30:33.536782+00,2026-01-18 07:30:33.536782+00
97b9e78e-e3b2-4944-b86c-81e436e11ca4,867dea0f-b20a-4f52-a33f-7dc310474d72,VLSI Design,EC302,2,74.00,B,2026-01-18 07:30:33.536782+00,2026-01-18 07:30:33.536782+00
747b788e-0f22-44eb-bd01-98a91659e230,867dea0f-b20a-4f52-a33f-7dc310474d72,Digital Signal Processing,EC301,2,74.00,B,2026-01-18 07:30:33.536782+00,2026-01-18 07:30:33.536782+00
583ceea9-451a-4634-a8ec-c749015bb9f1,867dea0f-b20a-4f52-a33f-7dc310474d72,Communication Systems,EC303,2,71.00,B,2026-01-18 07:30:33.536782+00,2026-01-18 07:30:33.536782+00
fc2c6d21-1814-4676-a294-cfc3d9f5faae,867dea0f-b20a-4f52-a33f-7dc310474d72,Signals and Systems,EC201,3,69.00,B-,2026-01-18 07:30:33.536782+00,2026-01-18 07:30:33.536782+00
bf700062-af1c-4320-8afd-500af46166c0,34f9a3be-4f40-4ed9-b8dc-15b89ef05cb3,Signals and Systems,EC201,2,57.00,C,2026-01-18 07:30:33.536782+00,2026-01-18 07:30:33.536782+00
8234d0ee-c106-4f28-9433-ed0c97021274,34f9a3be-4f40-4ed9-b8dc-15b89ef05cb3,VLSI Design,EC302,2,67.00,B-,2026-01-18 07:30:33.536782+00,2026-01-18 07:30:33.536782+00
101bce4a-1c82-4294-a3db-730fa5991e4f,34f9a3be-4f40-4ed9-b8dc-15b89ef05cb3,Communication Systems,EC303,4,68.00,B-,2026-01-18 07:30:33.536782+00,2026-01-18 07:30:33.536782+00
2344ca6e-bbe2-4853-9476-e01690b1def6,34f9a3be-4f40-4ed9-b8dc-15b89ef05cb3,Digital Signal Processing,EC301,4,63.00,C+,2026-01-18 07:30:33.536782+00,2026-01-18 07:30:33.536782+00
e2274a40-eafe-4223-80f5-bbc7aa16d30a,0fc5b498-318d-4a78-8559-7e61666949a0,Signals and Systems,EC201,3,69.00,B-,2026-01-18 07:30:33.536782+00,2026-01-18 07:30:33.536782+00
504c5372-d95c-477b-b986-ecd34de49ad0,0fc5b498-318d-4a78-8559-7e61666949a0,Communication Systems,EC303,2,75.00,B+,2026-01-18 07:30:33.536782+00,2026-01-18 07:30:33.536782+00
9b9a15e0-09e8-47a2-9aee-1350d616bcdd,0fc5b498-318d-4a78-8559-7e61666949a0,VLSI Design,EC302,4,90.00,A+,2026-01-18 07:30:33.536782+00,2026-01-18 07:30:33.536782+00
6f3bb893-91e3-4c3e-862d-4a684389f3c1,0fc5b498-318d-4a78-8559-7e61666949a0,Digital Signal Processing,EC301,2,73.00,B,2026-01-18 07:30:33.536782+00,2026-01-18 07:30:33.536782+00
3baa0070-bbdb-4a52-abe2-a4d7c85fdf36,8a107473-503d-45ce-a822-f9fb8ca3bc7c,VLSI Design,EC302,4,74.00,B,2026-01-18 07:30:33.536782+00,2026-01-18 07:30:33.536782+00
f7ba729b-e6c9-4aeb-9f13-67f325e139e5,8a107473-503d-45ce-a822-f9fb8ca3bc7c,Communication Systems,EC303,2,70.00,B,2026-01-18 07:30:33.536782+00,2026-01-18 07:30:33.536782+00
54cf7222-ada8-4825-b272-27e99ab222aa,8a107473-503d-45ce-a822-f9fb8ca3bc7c,Digital Signal Processing,EC301,4,52.00,C-,2026-01-18 07:30:33.536782+00,2026-01-18 07:30:33.536782+00
4db075ce-950b-4ff2-b3f6-2247c43dfa7d,8a107473-503d-45ce-a822-f9fb8ca3bc7c,Signals and Systems,EC201,4,71.00,B,2026-01-18 07:30:33.536782+00,2026-01-18 07:30:33.536782+00
9c3b0833-bb2c-47f8-8f8b-3931e4487591,31e1c778-9665-485a-b53b-539c60f43304,Communication Systems,EC303,2,72.00,B,2026-01-18 07:30:33.536782+00,2026-01-18 07:30:33.536782+00
13fc7623-37e7-4e9d-9ade-1ce768ec109c,31e1c778-9665-485a-b53b-539c60f43304,Signals and Systems,EC201,2,96.00,A+,2026-01-18 07:30:33.536782+00,2026-01-18 07:30:33.536782+00
9291a954-f0bc-44c6-be6c-ac476ff42ab9,31e1c778-9665-485a-b53b-539c60f43304,Digital Signal Processing,EC301,2,69.00,B-,2026-01-18 07:30:33.536782+00,2026-01-18 07:30:33.536782+00
3716dd26-a08e-4714-ad98-114a0dff88f9,31e1c778-9665-485a-b53b-539c60f43304,VLSI Design,EC302,4,74.00,B,2026-01-18 07:30:33.536782+00,2026-01-18 07:30:33.536782+00
d1b207cd-3bee-458c-9b8e-3968e24bca5a,327c3f3f-23ef-43aa-adc0-2854d1b79657,Communication Systems,EC303,3,71.00,B,2026-01-18 07:30:33.536782+00,2026-01-18 07:30:33.536782+00
ff6d53a2-6b1b-446f-8785-6ca1d35e49f7,327c3f3f-23ef-43aa-adc0-2854d1b79657,Digital Signal Processing,EC301,4,59.00,C,2026-01-18 07:30:33.536782+00,2026-01-18 07:30:33.536782+00
0097a680-3eb0-404e-9fd5-5dc0ede434d9,327c3f3f-23ef-43aa-adc0-2854d1b79657,VLSI Design,EC302,2,83.00,A-,2026-01-18 07:30:33.536782+00,2026-01-18 07:30:33.536782+00
ff7f2f0d-651e-4c82-b8c9-8a09149dc07d,327c3f3f-23ef-43aa-adc0-2854d1b79657,Signals and Systems,EC201,4,79.00,B+,2026-01-18 07:30:33.536782+00,2026-01-18 07:30:33.536782+00
5e16cddf-3ea5-4466-b343-8f57408c7beb,549cc882-0acc-43bb-adf9-a104dc152e41,Signals and Systems,EC201,2,79.00,B+,2026-01-18 07:30:33.536782+00,2026-01-18 07:30:33.536782+00
12a3b960-8e7d-4012-ac33-960a2215ef7f,549cc882-0acc-43bb-adf9-a104dc152e41,Communication Systems,EC303,2,62.00,C+,2026-01-18 07:30:33.536782+00,2026-01-18 07:30:33.536782+00
b49aa2ca-a4ef-4816-90ce-67b26af239e5,549cc882-0acc-43bb-adf9-a104dc152e41,Digital Signal Processing,EC301,2,85.00,A,2026-01-18 07:30:33.536782+00,2026-01-18 07:30:33.536782+00
814d63a1-7188-4a43-a28a-babb3ef4beb4,549cc882-0acc-43bb-adf9-a104dc152e41,VLSI Design,EC302,2,57.00,C,2026-01-18 07:30:33.536782+00,2026-01-18 07:30:33.536782+00
5b4c4b69-f602-4276-80e3-3fa55027f098,f4ec5e75-407a-4427-9ff1-3ad62f6c8335,Communication Systems,EC303,3,77.00,B+,2026-01-18 07:30:33.536782+00,2026-01-18 07:30:33.536782+00
344f7d3e-247f-4c50-85b9-60fb5b885864,f4ec5e75-407a-4427-9ff1-3ad62f6c8335,Signals and Systems,EC201,3,93.00,A+,2026-01-18 07:30:33.536782+00,2026-01-18 07:30:33.536782+00
ac92de68-dcea-440e-8306-6822326f9471,f4ec5e75-407a-4427-9ff1-3ad62f6c8335,Digital Signal Processing,EC301,2,61.00,C+,2026-01-18 07:30:33.536782+00,2026-01-18 07:30:33.536782+00
651fd27f-9b53-45a4-8057-4bfd406b823e,f4ec5e75-407a-4427-9ff1-3ad62f6c8335,VLSI Design,EC302,2,65.00,B-,2026-01-18 07:30:33.536782+00,2026-01-18 07:30:33.536782+00
7fbe723a-d44f-4a84-b334-a811bca76ced,5df1164c-b277-45c6-b05e-fe73c2e4646f,Computer Vision,AI304,4,65.00,B-,2026-01-18 07:30:33.536782+00,2026-01-18 07:30:33.536782+00
7dd8a2e0-8052-4245-8472-a8851f534a54,5df1164c-b277-45c6-b05e-fe73c2e4646f,Natural Language Processing,AI303,4,59.00,C,2026-01-18 07:30:33.536782+00,2026-01-18 07:30:33.536782+00
b113aa32-dd2a-48c5-a0bd-b90073b1befe,5df1164c-b277-45c6-b05e-fe73c2e4646f,Machine Learning,AI301,2,49.00,D,2026-01-18 07:30:33.536782+00,2026-01-18 07:30:33.536782+00
e35a59c7-648b-4c6f-a953-f03fefea8073,5df1164c-b277-45c6-b05e-fe73c2e4646f,Deep Learning,AI302,2,65.00,B-,2026-01-18 07:30:33.536782+00,2026-01-18 07:30:33.536782+00
debc093c-0589-4825-83c6-2382542c62df,59cbb689-44b5-401d-af76-7332ed8af8cb,Deep Learning,AI302,3,53.00,C-,2026-01-18 07:30:33.536782+00,2026-01-18 07:30:33.536782+00
df72fc82-b5aa-45b2-a83c-5dfe704600c2,59cbb689-44b5-401d-af76-7332ed8af8cb,Machine Learning,AI301,2,69.00,B-,2026-01-18 07:30:33.536782+00,2026-01-18 07:30:33.536782+00
fa90c2eb-2cfa-4438-b4d9-997b0401bf6f,59cbb689-44b5-401d-af76-7332ed8af8cb,Computer Vision,AI304,3,55.00,C,2026-01-18 07:30:33.536782+00,2026-01-18 07:30:33.536782+00
5298a66d-5a40-479b-b1ce-f4b3f1a31a24,59cbb689-44b5-401d-af76-7332ed8af8cb,Natural Language Processing,AI303,2,80.00,A-,2026-01-18 07:30:33.536782+00,2026-01-18 07:30:33.536782+00
6a8d83bb-6a45-4a18-a009-5c74236c8db3,874abcee-ae1d-4b32-8c94-13914cad7426,Deep Learning,AI302,3,56.00,C,2026-01-18 07:30:33.536782+00,2026-01-18 07:30:33.536782+00
fda6cdfd-4163-446e-a620-90efbf99e553,874abcee-ae1d-4b32-8c94-13914cad7426,Computer Vision,AI304,3,61.00,C+,2026-01-18 07:30:33.536782+00,2026-01-18 07:30:33.536782+00
811d30f2-278c-46ba-9db2-dd38943e80c9,874abcee-ae1d-4b32-8c94-13914cad7426,Machine Learning,AI301,3,72.00,B,2026-01-18 07:30:33.536782+00,2026-01-18 07:30:33.536782+00
903d6e9e-b039-4ca3-986e-f063b5805e94,874abcee-ae1d-4b32-8c94-13914cad7426,Natural Language Processing,AI303,3,52.00,C-,2026-01-18 07:30:33.536782+00,2026-01-18 07:30:33.536782+00
15bc2af8-6f67-4293-8a18-c69a6d07a50d,87e66dec-ad4c-43b5-b0d6-4a5f1f16852c,Computer Vision,AI304,2,66.00,B-,2026-01-18 07:30:33.536782+00,2026-01-18 07:30:33.536782+00
9eb98665-2b00-45cf-aba4-8921e8256b5b,0cdb926c-88b4-4296-beac-8c8a412b4a43,DBMS,CS302,2,66.00,B-,2026-01-18 07:33:31.101268+00,2026-01-18 07:33:31.101268+00
5ddf9fd2-5428-4504-96b6-956474f66c5d,87e66dec-ad4c-43b5-b0d6-4a5f1f16852c,Machine Learning,AI301,2,77.00,B+,2026-01-18 07:30:33.536782+00,2026-01-18 07:30:33.536782+00
000e1e3c-46a2-4148-a330-19853a996a88,87e66dec-ad4c-43b5-b0d6-4a5f1f16852c,Natural Language Processing,AI303,4,48.00,D,2026-01-18 07:30:33.536782+00,2026-01-18 07:30:33.536782+00
33be21f1-1107-4d7e-8ddd-c28416edb1db,87e66dec-ad4c-43b5-b0d6-4a5f1f16852c,Deep Learning,AI302,4,66.00,B-,2026-01-18 07:30:33.536782+00,2026-01-18 07:30:33.536782+00
e7014c94-d420-4a4e-b2de-952ac50475ff,51a4901f-f8eb-4684-a96a-aa28bbc9a659,Machine Learning,AI301,2,67.00,B-,2026-01-18 07:30:33.536782+00,2026-01-18 07:30:33.536782+00
3efc9caa-8109-41f2-a987-b2c892fc75c4,51a4901f-f8eb-4684-a96a-aa28bbc9a659,Natural Language Processing,AI303,4,72.00,B,2026-01-18 07:30:33.536782+00,2026-01-18 07:30:33.536782+00
145cac7c-1c96-4b66-80dc-df0257c57f55,51a4901f-f8eb-4684-a96a-aa28bbc9a659,Deep Learning,AI302,3,52.00,C-,2026-01-18 07:30:33.536782+00,2026-01-18 07:30:33.536782+00
4248bbbf-df46-48b0-adae-f08ea8156d38,51a4901f-f8eb-4684-a96a-aa28bbc9a659,Computer Vision,AI304,4,51.00,C-,2026-01-18 07:30:33.536782+00,2026-01-18 07:30:33.536782+00
90050c5c-c091-42f3-94af-ecd274edad82,41b5dfcc-e377-4ecd-8f90-14ca4bf5238e,Deep Learning,AI302,2,69.00,B-,2026-01-18 07:30:33.536782+00,2026-01-18 07:30:33.536782+00
8e874cf8-36e3-429e-abb2-e0ba4ffbaff1,41b5dfcc-e377-4ecd-8f90-14ca4bf5238e,Machine Learning,AI301,4,67.00,B-,2026-01-18 07:30:33.536782+00,2026-01-18 07:30:33.536782+00
07fd10f2-41ac-4c72-97fc-3ad465468d77,41b5dfcc-e377-4ecd-8f90-14ca4bf5238e,Natural Language Processing,AI303,2,67.00,B-,2026-01-18 07:30:33.536782+00,2026-01-18 07:30:33.536782+00
ba3b2d35-54e2-4056-8359-39cd7895fb53,41b5dfcc-e377-4ecd-8f90-14ca4bf5238e,Computer Vision,AI304,4,68.00,B-,2026-01-18 07:30:33.536782+00,2026-01-18 07:30:33.536782+00
36ef84a8-cde1-47d2-a701-21ec53129fee,7440f384-b40b-4ba2-bf3e-e417fcdf659e,Deep Learning,AI302,4,57.00,C,2026-01-18 07:30:33.536782+00,2026-01-18 07:30:33.536782+00
c344d669-4d09-46fd-9246-972ce9de87e7,7440f384-b40b-4ba2-bf3e-e417fcdf659e,Computer Vision,AI304,4,66.00,B-,2026-01-18 07:30:33.536782+00,2026-01-18 07:30:33.536782+00
fcecc1aa-f0fd-40ba-ba06-eb58fd73ab0d,7440f384-b40b-4ba2-bf3e-e417fcdf659e,Machine Learning,AI301,2,67.00,B-,2026-01-18 07:30:33.536782+00,2026-01-18 07:30:33.536782+00
1bf97d56-edde-45e3-af26-4c53dad66d97,7440f384-b40b-4ba2-bf3e-e417fcdf659e,Natural Language Processing,AI303,4,57.00,C,2026-01-18 07:30:33.536782+00,2026-01-18 07:30:33.536782+00
de4ad908-33db-4317-9832-94df4c1e06b7,c2276ede-3627-46ab-bd6e-896653ee6c91,Machine Learning,AI301,2,83.00,A-,2026-01-18 07:30:33.536782+00,2026-01-18 07:30:33.536782+00
19ff7ebd-136b-43d1-803b-406b154b9b04,c2276ede-3627-46ab-bd6e-896653ee6c91,Deep Learning,AI302,4,69.00,B-,2026-01-18 07:30:33.536782+00,2026-01-18 07:30:33.536782+00
f4ed244b-1b14-4b28-826c-8eb2e35cb739,c2276ede-3627-46ab-bd6e-896653ee6c91,Natural Language Processing,AI303,4,52.00,C-,2026-01-18 07:30:33.536782+00,2026-01-18 07:30:33.536782+00
0ff0b4f8-b595-46a9-9171-8e513c9340e7,c2276ede-3627-46ab-bd6e-896653ee6c91,Computer Vision,AI304,3,71.00,B,2026-01-18 07:30:33.536782+00,2026-01-18 07:30:33.536782+00
0e1b3ec8-4e80-428a-bc39-7fa7ae0d7bc6,3ae8ec66-0502-41b4-bb8a-47b7abab0090,Database Systems,IT301,4,54.00,C-,2026-01-18 07:30:33.536782+00,2026-01-18 07:30:33.536782+00
457e010a-89e5-43fa-adcb-df78e194a43b,3ae8ec66-0502-41b4-bb8a-47b7abab0090,Information Security,IT402,4,72.00,B,2026-01-18 07:30:33.536782+00,2026-01-18 07:30:33.536782+00
8f0d4a25-b93c-45d2-8f79-8b30cced6e1d,3ae8ec66-0502-41b4-bb8a-47b7abab0090,Cloud Computing,IT401,3,76.00,B+,2026-01-18 07:30:33.536782+00,2026-01-18 07:30:33.536782+00
e8f5a2a1-b416-47f5-adea-90b8dbf3d0bf,3ae8ec66-0502-41b4-bb8a-47b7abab0090,Web Technologies,IT201,3,56.00,C,2026-01-18 07:30:33.536782+00,2026-01-18 07:30:33.536782+00
2ce28728-7532-4fe7-84d6-b2567c71024c,40f54e36-a602-401f-a808-cabad1e16bb1,Cloud Computing,IT401,4,74.00,B,2026-01-18 07:30:33.536782+00,2026-01-18 07:30:33.536782+00
c39a6e28-97af-4db8-b822-fb64242e201f,40f54e36-a602-401f-a808-cabad1e16bb1,Web Technologies,IT201,4,68.00,B-,2026-01-18 07:30:33.536782+00,2026-01-18 07:30:33.536782+00
ed121843-6e49-4cd8-9f1b-6056540f91f8,40f54e36-a602-401f-a808-cabad1e16bb1,Information Security,IT402,2,72.00,B,2026-01-18 07:30:33.536782+00,2026-01-18 07:30:33.536782+00
a9cbc6b0-2ed9-4387-a335-6bf23db238a8,40f54e36-a602-401f-a808-cabad1e16bb1,Database Systems,IT301,2,83.00,A-,2026-01-18 07:30:33.536782+00,2026-01-18 07:30:33.536782+00
91b0b965-91ae-49f1-adca-f70a46fa973b,fd849545-a810-4edb-addb-30756611fc83,Database Systems,IT301,3,62.00,C+,2026-01-18 07:30:33.536782+00,2026-01-18 07:30:33.536782+00
b45fe6bf-7617-4736-827a-dca248fbea68,fd849545-a810-4edb-addb-30756611fc83,Cloud Computing,IT401,2,57.00,C,2026-01-18 07:30:33.536782+00,2026-01-18 07:30:33.536782+00
5fa49e6e-c0e3-44e8-8597-46ccd3f9567a,fd849545-a810-4edb-addb-30756611fc83,Information Security,IT402,2,55.00,C,2026-01-18 07:30:33.536782+00,2026-01-18 07:30:33.536782+00
bedb4e85-f610-4829-9a06-1928bb5c4aa0,fd849545-a810-4edb-addb-30756611fc83,Web Technologies,IT201,3,56.00,C,2026-01-18 07:30:33.536782+00,2026-01-18 07:30:33.536782+00
b49070bd-6186-4f2d-81e4-d6ae6209b5a7,82a55b3c-284a-43d4-a35b-7a8d27de2244,Cloud Computing,IT401,4,63.00,C+,2026-01-18 07:30:33.536782+00,2026-01-18 07:30:33.536782+00
ca8d83ad-898c-47e6-ab09-0fc26171e50e,82a55b3c-284a-43d4-a35b-7a8d27de2244,Web Technologies,IT201,4,67.00,B-,2026-01-18 07:30:33.536782+00,2026-01-18 07:30:33.536782+00
70bec788-a7f2-4ef8-a4d5-84f25eb20cc5,82a55b3c-284a-43d4-a35b-7a8d27de2244,Database Systems,IT301,4,67.00,B-,2026-01-18 07:30:33.536782+00,2026-01-18 07:30:33.536782+00
d3d7ebcc-190a-4f6d-b7db-76d68507a1cb,82a55b3c-284a-43d4-a35b-7a8d27de2244,Information Security,IT402,2,72.00,B,2026-01-18 07:30:33.536782+00,2026-01-18 07:30:33.536782+00
f2af2271-a367-4212-aab3-c2a98d750673,c724944b-837a-4486-b894-207401faf849,Cloud Computing,IT401,3,64.00,C+,2026-01-18 07:30:33.536782+00,2026-01-18 07:30:33.536782+00
4eae68a3-4c70-4cab-9e61-66ed7cb31fc5,c724944b-837a-4486-b894-207401faf849,Information Security,IT402,2,79.00,B+,2026-01-18 07:30:33.536782+00,2026-01-18 07:30:33.536782+00
ca28becf-3c2c-4b55-9a20-320bfdf85e96,c724944b-837a-4486-b894-207401faf849,Web Technologies,IT201,2,61.00,C+,2026-01-18 07:30:33.536782+00,2026-01-18 07:30:33.536782+00
b83670fe-97e8-4561-9bfb-b755ddd16bbe,c724944b-837a-4486-b894-207401faf849,Database Systems,IT301,4,91.00,A+,2026-01-18 07:30:33.536782+00,2026-01-18 07:30:33.536782+00
b20fce05-c423-4ec9-bcdf-8d58e0bce9bb,bd2c54cc-4b31-4382-80e2-7a273b3c3650,Database Systems,IT301,4,70.00,B,2026-01-18 07:30:33.536782+00,2026-01-18 07:30:33.536782+00
c20c3859-3b6a-43ac-bd62-59a4776fb292,bd2c54cc-4b31-4382-80e2-7a273b3c3650,Information Security,IT402,3,55.00,C,2026-01-18 07:30:33.536782+00,2026-01-18 07:30:33.536782+00
14542700-c375-43c5-89d0-8d296f70066f,bd2c54cc-4b31-4382-80e2-7a273b3c3650,Cloud Computing,IT401,2,53.00,C-,2026-01-18 07:30:33.536782+00,2026-01-18 07:30:33.536782+00
4b61426d-2119-47ac-b86e-af3364e608b9,bd2c54cc-4b31-4382-80e2-7a273b3c3650,Web Technologies,IT201,4,69.00,B-,2026-01-18 07:30:33.536782+00,2026-01-18 07:30:33.536782+00
15970adf-6a4f-4deb-b629-0551db84cf33,c7a66795-d9af-4b60-822d-65fd260a2b10,Cloud Computing,IT401,2,62.00,C+,2026-01-18 07:30:33.536782+00,2026-01-18 07:30:33.536782+00
14e46bd9-0d02-49c3-b738-300e38474c9a,c7a66795-d9af-4b60-822d-65fd260a2b10,Information Security,IT402,2,71.00,B,2026-01-18 07:30:33.536782+00,2026-01-18 07:30:33.536782+00
24a952dd-3ab6-42d0-9f4a-78526b849394,c7a66795-d9af-4b60-822d-65fd260a2b10,Database Systems,IT301,4,69.00,B-,2026-01-18 07:30:33.536782+00,2026-01-18 07:30:33.536782+00
de0da4e7-ca10-49af-9e14-41b73aadfca2,c7a66795-d9af-4b60-822d-65fd260a2b10,Web Technologies,IT201,3,63.00,C+,2026-01-18 07:30:33.536782+00,2026-01-18 07:30:33.536782+00
eb9ee1cf-9da3-4d6f-b83d-9c5901a4387a,8b1a6b2d-6af6-4b03-a8ab-d3cb2fb3d1fe,Cloud Computing,IT401,2,56.00,C,2026-01-18 07:30:33.536782+00,2026-01-18 07:30:33.536782+00
289f8d93-0026-4395-aa5b-374632aee0ac,8b1a6b2d-6af6-4b03-a8ab-d3cb2fb3d1fe,Web Technologies,IT201,4,49.00,D,2026-01-18 07:30:33.536782+00,2026-01-18 07:30:33.536782+00
6533f8fc-1bb0-47a1-86a3-b4412649a4ce,8b1a6b2d-6af6-4b03-a8ab-d3cb2fb3d1fe,Information Security,IT402,3,60.00,C+,2026-01-18 07:30:33.536782+00,2026-01-18 07:30:33.536782+00
c03e7fde-0e44-42e0-80cd-feb589bc21ba,8b1a6b2d-6af6-4b03-a8ab-d3cb2fb3d1fe,Database Systems,IT301,2,73.00,B,2026-01-18 07:30:33.536782+00,2026-01-18 07:30:33.536782+00
1538bd29-8ab7-4f22-868c-da7a131eb99c,0bc0c71a-89b6-4e3f-84a5-d03437e2c731,Information Security,IT402,2,73.00,B,2026-01-18 07:30:33.536782+00,2026-01-18 07:30:33.536782+00
45f973b7-e9d6-4f0a-9412-a0595b655f3a,0bc0c71a-89b6-4e3f-84a5-d03437e2c731,Cloud Computing,IT401,2,59.00,C,2026-01-18 07:30:33.536782+00,2026-01-18 07:30:33.536782+00
32c1c2c2-e647-4f3d-9814-a75edb0b2a26,0bc0c71a-89b6-4e3f-84a5-d03437e2c731,Database Systems,IT301,4,73.00,B,2026-01-18 07:30:33.536782+00,2026-01-18 07:30:33.536782+00
d14bd848-fa14-4a3d-a674-b9a632560404,0bc0c71a-89b6-4e3f-84a5-d03437e2c731,Web Technologies,IT201,2,75.00,B+,2026-01-18 07:30:33.536782+00,2026-01-18 07:30:33.536782+00
24a461b0-f57b-44a5-9119-f140126339c3,1711b1cf-1030-409e-8de2-5bcbbb63d447,Web Technologies,IT201,2,62.00,C+,2026-01-18 07:30:33.536782+00,2026-01-18 07:30:33.536782+00
d8da15e3-79c2-4b67-8030-fc34a70be5ba,1711b1cf-1030-409e-8de2-5bcbbb63d447,Database Systems,IT301,2,73.00,B,2026-01-18 07:30:33.536782+00,2026-01-18 07:30:33.536782+00
a4800f04-9041-4e18-8a0c-5b8901308c38,1711b1cf-1030-409e-8de2-5bcbbb63d447,Information Security,IT402,3,72.00,B,2026-01-18 07:30:33.536782+00,2026-01-18 07:30:33.536782+00
5940130c-5591-4378-8296-d0d4a80e656c,1711b1cf-1030-409e-8de2-5bcbbb63d447,Cloud Computing,IT401,3,60.00,C+,2026-01-18 07:30:33.536782+00,2026-01-18 07:30:33.536782+00
d88648ac-50f7-4236-85be-09f7ce0219ce,a36a8c7d-f3de-4eda-8dd1-f5617e419066,Web Technologies,IT201,4,75.00,B+,2026-01-18 07:30:33.536782+00,2026-01-18 07:30:33.536782+00
99df2d6b-5b59-4b79-83c5-da1a50f1af3d,a36a8c7d-f3de-4eda-8dd1-f5617e419066,Database Systems,IT301,2,77.00,B+,2026-01-18 07:30:33.536782+00,2026-01-18 07:30:33.536782+00
26187c5e-26e8-4e43-a376-384789d4208d,a36a8c7d-f3de-4eda-8dd1-f5617e419066,Information Security,IT402,3,82.00,A-,2026-01-18 07:30:33.536782+00,2026-01-18 07:30:33.536782+00
4bdd5451-aeec-4088-a58a-0a96ef248521,a36a8c7d-f3de-4eda-8dd1-f5617e419066,Cloud Computing,IT401,4,82.00,A-,2026-01-18 07:30:33.536782+00,2026-01-18 07:30:33.536782+00
8d549e7e-2c1d-4bf0-ad1f-a2b8433ef763,81756d0b-8171-4f34-a0be-4029e7bda969,Information Security,IT402,2,58.00,C,2026-01-18 07:30:33.536782+00,2026-01-18 07:30:33.536782+00
d77ded18-f543-4a8f-b424-b4cbf1fdba9e,81756d0b-8171-4f34-a0be-4029e7bda969,Cloud Computing,IT401,2,62.00,C+,2026-01-18 07:30:33.536782+00,2026-01-18 07:30:33.536782+00
93c8ba52-7ae2-4703-b1dd-4774498b46cc,81756d0b-8171-4f34-a0be-4029e7bda969,Web Technologies,IT201,3,76.00,B+,2026-01-18 07:30:33.536782+00,2026-01-18 07:30:33.536782+00
bd7a8113-dcfd-4ac5-85e6-ed063de22483,81756d0b-8171-4f34-a0be-4029e7bda969,Database Systems,IT301,2,76.00,B+,2026-01-18 07:30:33.536782+00,2026-01-18 07:30:33.536782+00
afb2f8e4-b1e5-4de2-978f-8cda80977d47,273699e5-f773-417a-8b6b-6e3b1fe5ace4,Database Systems,IT301,4,76.00,B+,2026-01-18 07:30:33.536782+00,2026-01-18 07:30:33.536782+00
a3ed0c6e-d5fb-4881-9a7b-dcbeb12708f9,273699e5-f773-417a-8b6b-6e3b1fe5ace4,Cloud Computing,IT401,4,100.00,A+,2026-01-18 07:30:33.536782+00,2026-01-18 07:30:33.536782+00
6010cfce-8629-4671-8437-6abfe8c698af,273699e5-f773-417a-8b6b-6e3b1fe5ace4,Information Security,IT402,2,77.00,B+,2026-01-18 07:30:33.536782+00,2026-01-18 07:30:33.536782+00
25711e1f-14f4-413b-b723-770081011464,273699e5-f773-417a-8b6b-6e3b1fe5ace4,Web Technologies,IT201,3,83.00,A-,2026-01-18 07:30:33.536782+00,2026-01-18 07:30:33.536782+00
e70082b5-a0c3-4354-8992-c95404f264b1,83d40863-f339-4fb7-8498-b0b05ef9242b,Database Systems,IT301,2,81.00,A-,2026-01-18 07:30:33.536782+00,2026-01-18 07:30:33.536782+00
dad6c210-e38b-41e7-8153-5363c7128bcd,83d40863-f339-4fb7-8498-b0b05ef9242b,Cloud Computing,IT401,3,78.00,B+,2026-01-18 07:30:33.536782+00,2026-01-18 07:30:33.536782+00
028a6a8d-b8a4-4ab5-801d-b39f98d6bfa9,83d40863-f339-4fb7-8498-b0b05ef9242b,Web Technologies,IT201,2,68.00,B-,2026-01-18 07:30:33.536782+00,2026-01-18 07:30:33.536782+00
83a1fc79-5b98-4456-9fe7-d162b06968ed,83d40863-f339-4fb7-8498-b0b05ef9242b,Information Security,IT402,2,79.00,B+,2026-01-18 07:30:33.536782+00,2026-01-18 07:30:33.536782+00
6e2d2531-2521-46b0-b4d6-0dfa6c8b976d,b58d9b6c-7171-4397-b459-c5f902dccc9a,Information Security,IT402,2,64.00,C+,2026-01-18 07:30:33.536782+00,2026-01-18 07:30:33.536782+00
f6edfe75-1f87-4992-a7ba-50b4a68838e4,b58d9b6c-7171-4397-b459-c5f902dccc9a,Database Systems,IT301,2,69.00,B-,2026-01-18 07:30:33.536782+00,2026-01-18 07:30:33.536782+00
ca14abe1-7740-4491-9bf4-14d8056b5838,b58d9b6c-7171-4397-b459-c5f902dccc9a,Cloud Computing,IT401,4,66.00,B-,2026-01-18 07:30:33.536782+00,2026-01-18 07:30:33.536782+00
cc8d9cfc-c5f7-4c0d-bd36-0cae0d2d42a0,b58d9b6c-7171-4397-b459-c5f902dccc9a,Web Technologies,IT201,2,72.00,B,2026-01-18 07:30:33.536782+00,2026-01-18 07:30:33.536782+00
562f2a07-5eb7-4dcd-bf8e-1c0c4698aac9,a6adb920-c72d-4079-995b-301ac146c559,Information Security,IT402,3,94.00,A+,2026-01-18 07:30:33.536782+00,2026-01-18 07:30:33.536782+00
35ec6a5f-76af-4049-b832-762e11d12ca2,a6adb920-c72d-4079-995b-301ac146c559,Database Systems,IT301,3,53.00,C-,2026-01-18 07:30:33.536782+00,2026-01-18 07:30:33.536782+00
f42a8f8a-73da-4faa-b8df-d16bb0ac3ce4,a6adb920-c72d-4079-995b-301ac146c559,Cloud Computing,IT401,4,78.00,B+,2026-01-18 07:30:33.536782+00,2026-01-18 07:30:33.536782+00
2b51ff28-0d17-4200-a0ed-2a87b053e6a1,a6adb920-c72d-4079-995b-301ac146c559,Web Technologies,IT201,4,55.00,C,2026-01-18 07:30:33.536782+00,2026-01-18 07:30:33.536782+00
7dd06315-36ee-47e4-9ac3-c33f7d5278da,aa59c17b-f6f6-421a-9dc6-57a0f5e8bd90,Information Security,IT402,2,63.00,C+,2026-01-18 07:30:33.536782+00,2026-01-18 07:30:33.536782+00
10f61f33-8970-4fdd-8b03-3176520ed739,aa59c17b-f6f6-421a-9dc6-57a0f5e8bd90,Cloud Computing,IT401,3,79.00,B+,2026-01-18 07:30:33.536782+00,2026-01-18 07:30:33.536782+00
29e98003-5400-43ec-b1fe-63d1c0c76be1,aa59c17b-f6f6-421a-9dc6-57a0f5e8bd90,Database Systems,IT301,2,69.00,B-,2026-01-18 07:30:33.536782+00,2026-01-18 07:30:33.536782+00
989282f4-c02e-4862-81d3-fabb095e977d,aa59c17b-f6f6-421a-9dc6-57a0f5e8bd90,Web Technologies,IT201,4,57.00,C,2026-01-18 07:30:33.536782+00,2026-01-18 07:30:33.536782+00
a3c4d522-6d4a-4069-bb3b-f0e87b2785cd,891501ab-26ca-4920-b4c9-44bbab404871,Cloud Computing,IT401,3,61.00,C+,2026-01-18 07:30:33.536782+00,2026-01-18 07:30:33.536782+00
fc78b997-9403-44dc-ac06-db7f0a3378af,891501ab-26ca-4920-b4c9-44bbab404871,Web Technologies,IT201,4,75.00,B+,2026-01-18 07:30:33.536782+00,2026-01-18 07:30:33.536782+00
32777252-0fab-48d4-b834-cbcbae44105f,891501ab-26ca-4920-b4c9-44bbab404871,Information Security,IT402,3,61.00,C+,2026-01-18 07:30:33.536782+00,2026-01-18 07:30:33.536782+00
d7ac2436-ba63-4644-9168-0edea204d83e,891501ab-26ca-4920-b4c9-44bbab404871,Database Systems,IT301,3,70.00,B,2026-01-18 07:30:33.536782+00,2026-01-18 07:30:33.536782+00
ba9d2a2c-09c6-4724-9a49-9325886c02c0,a1f0269a-229a-40f6-af31-7187f407c699,Web Technologies,IT201,2,69.00,B-,2026-01-18 07:30:33.536782+00,2026-01-18 07:30:33.536782+00
9ff69c98-6604-4a19-b969-c03025134cca,a1f0269a-229a-40f6-af31-7187f407c699,Database Systems,IT301,4,62.00,C+,2026-01-18 07:30:33.536782+00,2026-01-18 07:30:33.536782+00
dae5a25b-bed9-4184-bf70-9a5c6b575304,a1f0269a-229a-40f6-af31-7187f407c699,Information Security,IT402,3,89.00,A,2026-01-18 07:30:33.536782+00,2026-01-18 07:30:33.536782+00
06149d41-a5c8-45ca-80db-2c5efd1f172a,a1f0269a-229a-40f6-af31-7187f407c699,Cloud Computing,IT401,2,74.00,B,2026-01-18 07:30:33.536782+00,2026-01-18 07:30:33.536782+00
62a90536-299a-4927-abe8-e6099f008280,60a6debe-c474-47fa-8748-2874a79969e1,Database Systems,IT301,4,48.00,D,2026-01-18 07:30:33.536782+00,2026-01-18 07:30:33.536782+00
c88ce1dd-c2a1-4eb1-a356-0db2810ed80b,60a6debe-c474-47fa-8748-2874a79969e1,Information Security,IT402,3,70.00,B,2026-01-18 07:30:33.536782+00,2026-01-18 07:30:33.536782+00
ad4975e3-ff4f-424e-879d-75914ec4a7d7,60a6debe-c474-47fa-8748-2874a79969e1,Cloud Computing,IT401,4,61.00,C+,2026-01-18 07:30:33.536782+00,2026-01-18 07:30:33.536782+00
91c683ff-3dfe-415e-9ffb-c2f142e31cb6,60a6debe-c474-47fa-8748-2874a79969e1,Web Technologies,IT201,3,77.00,B+,2026-01-18 07:30:33.536782+00,2026-01-18 07:30:33.536782+00
0a48c827-c78a-4080-96ea-67dc4fee4b46,d76e0ac2-bb08-4306-9b15-1dc27563be51,Web Technologies,IT201,4,60.00,C+,2026-01-18 07:30:33.536782+00,2026-01-18 07:30:33.536782+00
009838f4-6d72-4177-b5b7-fb87bd642618,d76e0ac2-bb08-4306-9b15-1dc27563be51,Cloud Computing,IT401,3,67.00,B-,2026-01-18 07:30:33.536782+00,2026-01-18 07:30:33.536782+00
2a5c2c88-eb09-4a66-9576-7ad8aa46a437,d76e0ac2-bb08-4306-9b15-1dc27563be51,Database Systems,IT301,3,73.00,B,2026-01-18 07:30:33.536782+00,2026-01-18 07:30:33.536782+00
d3751c16-1342-4db3-babd-fdb1a484cdf5,d76e0ac2-bb08-4306-9b15-1dc27563be51,Information Security,IT402,3,77.00,B+,2026-01-18 07:30:33.536782+00,2026-01-18 07:30:33.536782+00
e5df79a3-44fc-4244-83c6-16314f603348,689f30ca-d539-4a72-a5f6-d2ad95e96bf4,Cloud Computing,IT401,3,56.00,C,2026-01-18 07:30:33.536782+00,2026-01-18 07:30:33.536782+00
b7a09675-5458-4bb5-affe-cd5b4bdc9b60,689f30ca-d539-4a72-a5f6-d2ad95e96bf4,Information Security,IT402,4,65.00,B-,2026-01-18 07:30:33.536782+00,2026-01-18 07:30:33.536782+00
aa7c0afa-868e-4ad9-b090-243aaf80e5b6,689f30ca-d539-4a72-a5f6-d2ad95e96bf4,Web Technologies,IT201,3,63.00,C+,2026-01-18 07:30:33.536782+00,2026-01-18 07:30:33.536782+00
d05551c5-a4bb-4a16-8b1c-7a8a1c708248,689f30ca-d539-4a72-a5f6-d2ad95e96bf4,Database Systems,IT301,4,62.00,C+,2026-01-18 07:30:33.536782+00,2026-01-18 07:30:33.536782+00
17490efb-504d-4ca9-8db4-9ffb80d63d77,f5b53e89-bcc5-4eb4-a47e-7a4da77f61b9,Database Systems,IT301,4,86.00,A,2026-01-18 07:30:33.536782+00,2026-01-18 07:30:33.536782+00
668ada68-e243-4891-893f-9fa2e0ba2a1b,f5b53e89-bcc5-4eb4-a47e-7a4da77f61b9,Cloud Computing,IT401,2,72.00,B,2026-01-18 07:30:33.536782+00,2026-01-18 07:30:33.536782+00
8544268f-7016-4859-b3e3-d2977614645e,f5b53e89-bcc5-4eb4-a47e-7a4da77f61b9,Information Security,IT402,3,55.00,C,2026-01-18 07:30:33.536782+00,2026-01-18 07:30:33.536782+00
e14b4b6b-d02c-4746-b064-c3da5b207aca,f5b53e89-bcc5-4eb4-a47e-7a4da77f61b9,Web Technologies,IT201,3,77.00,B+,2026-01-18 07:30:33.536782+00,2026-01-18 07:30:33.536782+00
00555a69-2182-4f17-b0fe-1402ef99d509,4e1317a7-c175-4ad2-a60d-1ca7d634bbb2,Database Systems,IT301,3,89.00,A,2026-01-18 07:30:33.536782+00,2026-01-18 07:30:33.536782+00
1b59e7ee-179c-4d61-be22-095e7b84f838,4e1317a7-c175-4ad2-a60d-1ca7d634bbb2,Information Security,IT402,3,78.00,B+,2026-01-18 07:30:33.536782+00,2026-01-18 07:30:33.536782+00
55bfd55b-d7ca-478e-8162-8094d2213c0d,4e1317a7-c175-4ad2-a60d-1ca7d634bbb2,Cloud Computing,IT401,4,53.00,C-,2026-01-18 07:30:33.536782+00,2026-01-18 07:30:33.536782+00
e3dc14c8-de0b-4711-947b-ebe69d00f8e0,4e1317a7-c175-4ad2-a60d-1ca7d634bbb2,Web Technologies,IT201,2,63.00,C+,2026-01-18 07:30:33.536782+00,2026-01-18 07:30:33.536782+00
512a9774-a0f0-4599-8caf-41abab371679,dfeacb44-1b80-47bf-a686-01831b33e525,Computer Networks,CS402,4,76.00,B+,2026-01-18 07:30:33.536782+00,2026-01-18 07:30:33.536782+00
8862d3fe-cfc8-4c5f-a3ae-4c3d212e3e10,dfeacb44-1b80-47bf-a686-01831b33e525,Machine Learning,CS401,2,56.00,C,2026-01-18 07:30:33.536782+00,2026-01-18 07:30:33.536782+00
b29cf793-b663-4f54-ae76-e289612a1cf3,dfeacb44-1b80-47bf-a686-01831b33e525,DBMS,CS302,3,68.00,B-,2026-01-18 07:30:33.536782+00,2026-01-18 07:30:33.536782+00
70c6b0d4-bdd3-4961-9861-5048abcd04b3,dfeacb44-1b80-47bf-a686-01831b33e525,Data Structures,CS201,4,71.00,B,2026-01-18 07:30:33.536782+00,2026-01-18 07:30:33.536782+00
be63bbf0-af1a-48a6-b833-8533478a59c5,39634ffc-4a39-4fbd-aa41-89314caaf574,Computer Networks,CS402,4,54.00,C-,2026-01-18 07:30:33.536782+00,2026-01-18 07:30:33.536782+00
8c87eafa-a538-4f4d-a3b3-ee73cb86930b,39634ffc-4a39-4fbd-aa41-89314caaf574,DBMS,CS302,3,63.00,C+,2026-01-18 07:30:33.536782+00,2026-01-18 07:30:33.536782+00
cdad6ccd-72e4-4b3b-a237-4fbed9cee672,39634ffc-4a39-4fbd-aa41-89314caaf574,Data Structures,CS201,2,31.00,F,2026-01-18 07:30:33.536782+00,2026-01-18 07:30:33.536782+00
0c631180-2d75-4708-b7a8-9a3f7aedb65a,39634ffc-4a39-4fbd-aa41-89314caaf574,Machine Learning,CS401,2,53.00,C-,2026-01-18 07:30:33.536782+00,2026-01-18 07:30:33.536782+00
826ed442-0c8b-4f76-8994-1194a0a3c604,4569ce00-15ec-4d2a-ae4c-649c4c518281,Operating Systems,CS301,3,61.00,C+,2026-01-18 07:30:33.536782+00,2026-01-18 07:30:33.536782+00
06ac1480-eb25-4ce7-8f88-ab5f30373cb8,4569ce00-15ec-4d2a-ae4c-649c4c518281,Data Structures,CS201,4,51.00,C-,2026-01-18 07:30:33.536782+00,2026-01-18 07:30:33.536782+00
10adac6c-1446-4829-9f67-a4c201368f09,4569ce00-15ec-4d2a-ae4c-649c4c518281,Machine Learning,CS401,2,79.00,B+,2026-01-18 07:30:33.536782+00,2026-01-18 07:30:33.536782+00
c6fad5ad-0695-411e-ba98-a392955ffaaf,4569ce00-15ec-4d2a-ae4c-649c4c518281,DBMS,CS302,3,49.00,D,2026-01-18 07:30:33.536782+00,2026-01-18 07:30:33.536782+00
2f4e6dd0-d1e7-47bd-996e-a86723f4c2b2,77cba283-3ef2-40c0-8786-584dbe2ac2d1,Machine Learning,CS401,3,59.00,C,2026-01-18 07:30:33.536782+00,2026-01-18 07:30:33.536782+00
6b69b238-cc64-493e-930b-3b08f94294d1,77cba283-3ef2-40c0-8786-584dbe2ac2d1,Operating Systems,CS301,3,64.00,C+,2026-01-18 07:30:33.536782+00,2026-01-18 07:30:33.536782+00
56a3e7d8-3151-4050-abc2-cf8d2f0d0991,77cba283-3ef2-40c0-8786-584dbe2ac2d1,DBMS,CS302,2,78.00,B+,2026-01-18 07:30:33.536782+00,2026-01-18 07:30:33.536782+00
51ce0e31-4dc9-497f-b6fb-8257f11a1d66,77cba283-3ef2-40c0-8786-584dbe2ac2d1,Computer Networks,CS402,2,49.00,D,2026-01-18 07:30:33.536782+00,2026-01-18 07:30:33.536782+00
21c1d8a8-8be0-4def-ba73-c21b30a0343b,f560f075-dcad-44fe-b3fb-8e5f764f2b63,Data Structures,CS201,2,75.00,B+,2026-01-18 07:30:33.536782+00,2026-01-18 07:30:33.536782+00
488f8731-2120-47d1-99ab-87135d1b9b35,f560f075-dcad-44fe-b3fb-8e5f764f2b63,Computer Networks,CS402,4,63.00,C+,2026-01-18 07:30:33.536782+00,2026-01-18 07:30:33.536782+00
d9acb9fd-0c82-4e79-bd42-38f67424047b,f560f075-dcad-44fe-b3fb-8e5f764f2b63,Operating Systems,CS301,4,53.00,C-,2026-01-18 07:30:33.536782+00,2026-01-18 07:30:33.536782+00
18815a04-0c62-4ebd-8a15-6ac16c81bbec,f560f075-dcad-44fe-b3fb-8e5f764f2b63,Machine Learning,CS401,3,68.00,B-,2026-01-18 07:30:33.536782+00,2026-01-18 07:30:33.536782+00
1e2b440b-b1c4-42f4-ae74-324e72f5052a,c4194fa5-0828-41a0-a519-c3fa5894e49c,Data Structures,CS201,2,65.00,B-,2026-01-18 07:30:33.536782+00,2026-01-18 07:30:33.536782+00
482b060c-2a8a-45c3-adfc-6d1cf732f593,c4194fa5-0828-41a0-a519-c3fa5894e49c,Operating Systems,CS301,3,57.00,C,2026-01-18 07:30:33.536782+00,2026-01-18 07:30:33.536782+00
da1e11fa-73de-43e7-8af0-11ad849d8efb,c4194fa5-0828-41a0-a519-c3fa5894e49c,Computer Networks,CS402,4,64.00,C+,2026-01-18 07:30:33.536782+00,2026-01-18 07:30:33.536782+00
93bb6d15-fe06-4901-b19b-a574ccd3c93a,c4194fa5-0828-41a0-a519-c3fa5894e49c,Machine Learning,CS401,4,59.00,C,2026-01-18 07:30:33.536782+00,2026-01-18 07:30:33.536782+00
46889162-c1c6-4f37-a100-07c20dd82263,114abe09-3b00-44a1-a30c-24f41091ac1c,Computer Networks,CS402,4,64.00,C+,2026-01-18 07:30:33.536782+00,2026-01-18 07:30:33.536782+00
bfbeef12-199f-4d02-9821-c9568794743e,114abe09-3b00-44a1-a30c-24f41091ac1c,DBMS,CS302,3,70.00,B,2026-01-18 07:30:33.536782+00,2026-01-18 07:30:33.536782+00
d915e7a4-f227-4343-98ea-b5701b936bb1,114abe09-3b00-44a1-a30c-24f41091ac1c,Operating Systems,CS301,2,79.00,B+,2026-01-18 07:30:33.536782+00,2026-01-18 07:30:33.536782+00
aaa583c0-3ee8-4061-8c93-5926988952a0,114abe09-3b00-44a1-a30c-24f41091ac1c,Machine Learning,CS401,4,51.00,C-,2026-01-18 07:30:33.536782+00,2026-01-18 07:30:33.536782+00
e40481bc-ab0e-4e9b-b1ea-b51e5597ff26,e8ba9ec1-4aef-408e-b5f0-3c4882f8cbf9,Machine Learning,CS401,4,84.00,A-,2026-01-18 07:30:33.536782+00,2026-01-18 07:30:33.536782+00
ce63d8a2-1c1f-4983-84de-23574d1c2c58,e8ba9ec1-4aef-408e-b5f0-3c4882f8cbf9,Computer Networks,CS402,3,44.00,D,2026-01-18 07:30:33.536782+00,2026-01-18 07:30:33.536782+00
8fc10d41-5885-4790-b2f5-93fefba25a38,e8ba9ec1-4aef-408e-b5f0-3c4882f8cbf9,Operating Systems,CS301,4,62.00,C+,2026-01-18 07:30:33.536782+00,2026-01-18 07:30:33.536782+00
682cd744-d9c2-438e-8f1b-7ac3dd5156ce,e8ba9ec1-4aef-408e-b5f0-3c4882f8cbf9,Data Structures,CS201,3,69.00,B-,2026-01-18 07:30:33.536782+00,2026-01-18 07:30:33.536782+00
546d7a97-7068-4f29-8081-e34e713e6c99,dceec6c5-a11e-4eff-bbad-e3a6223fe2ea,Database Systems,IT301,4,70.00,B,2026-01-18 07:30:33.536782+00,2026-01-18 07:30:33.536782+00
c39322d4-f5df-43ac-903b-400148fa3d43,dceec6c5-a11e-4eff-bbad-e3a6223fe2ea,Information Security,IT402,3,61.00,C+,2026-01-18 07:30:33.536782+00,2026-01-18 07:30:33.536782+00
0c9b18bf-5c0e-4946-b985-e3b9c57b4123,dceec6c5-a11e-4eff-bbad-e3a6223fe2ea,Cloud Computing,IT401,2,65.00,B-,2026-01-18 07:30:33.536782+00,2026-01-18 07:30:33.536782+00
e4d1a990-543b-4092-9c06-48cfa6e2fcf8,dceec6c5-a11e-4eff-bbad-e3a6223fe2ea,Web Technologies,IT201,3,62.00,C+,2026-01-18 07:30:33.536782+00,2026-01-18 07:30:33.536782+00
98190ce6-be4c-4759-922c-2d9ae4798994,3dd2ce04-e0b6-47cf-9dd2-6cb3d497432c,Cloud Computing,IT401,2,61.00,C+,2026-01-18 07:30:33.536782+00,2026-01-18 07:30:33.536782+00
2e5d6ec8-35cb-4803-9ff2-843cec09ff0d,3dd2ce04-e0b6-47cf-9dd2-6cb3d497432c,Database Systems,IT301,2,76.00,B+,2026-01-18 07:30:33.536782+00,2026-01-18 07:30:33.536782+00
faf57005-2435-456d-9b07-4285d39ef3da,3dd2ce04-e0b6-47cf-9dd2-6cb3d497432c,Web Technologies,IT201,3,71.00,B,2026-01-18 07:30:33.536782+00,2026-01-18 07:30:33.536782+00
35eee75e-4f67-4240-977b-1ed90392a7e6,3dd2ce04-e0b6-47cf-9dd2-6cb3d497432c,Information Security,IT402,4,60.00,C+,2026-01-18 07:30:33.536782+00,2026-01-18 07:30:33.536782+00
5670badb-c330-4237-adb8-d954b90037f4,3ffa6315-c532-430b-af5d-e7741bcab6c3,Database Systems,IT301,3,76.00,B+,2026-01-18 07:30:33.536782+00,2026-01-18 07:30:33.536782+00
9aedccee-768a-409b-bdac-c58b3eb3d894,3ffa6315-c532-430b-af5d-e7741bcab6c3,Cloud Computing,IT401,3,70.00,B,2026-01-18 07:30:33.536782+00,2026-01-18 07:30:33.536782+00
9a2076ff-d824-4994-9d00-38ddf33194c3,3ffa6315-c532-430b-af5d-e7741bcab6c3,Web Technologies,IT201,3,75.00,B+,2026-01-18 07:30:33.536782+00,2026-01-18 07:30:33.536782+00
0e75c144-a78d-4e47-8bbb-7db76db07c77,3ffa6315-c532-430b-af5d-e7741bcab6c3,Information Security,IT402,4,73.00,B,2026-01-18 07:30:33.536782+00,2026-01-18 07:30:33.536782+00
cad5016f-6446-4d48-b5f3-f38361e77ba0,f54585ce-2aea-4ee1-be92-bcd4bd153d73,Information Security,IT402,3,59.00,C,2026-01-18 07:30:33.536782+00,2026-01-18 07:30:33.536782+00
b851411f-4964-4c9e-9cad-86ce93bc8d2c,f54585ce-2aea-4ee1-be92-bcd4bd153d73,Database Systems,IT301,3,62.00,C+,2026-01-18 07:30:33.536782+00,2026-01-18 07:30:33.536782+00
60929214-4d37-4473-a509-9e7f8daee3b1,f54585ce-2aea-4ee1-be92-bcd4bd153d73,Web Technologies,IT201,4,75.00,B+,2026-01-18 07:30:33.536782+00,2026-01-18 07:30:33.536782+00
2915fb69-3c4a-4897-8faa-d73f7f415e7a,f54585ce-2aea-4ee1-be92-bcd4bd153d73,Cloud Computing,IT401,4,73.00,B,2026-01-18 07:30:33.536782+00,2026-01-18 07:30:33.536782+00
40ecb519-4ca3-4011-8fef-aa672c307f0b,ff2c2724-f461-4a48-a331-59b15b010889,Web Technologies,IT201,2,67.00,B-,2026-01-18 07:30:33.536782+00,2026-01-18 07:30:33.536782+00
905ecac9-a9f0-4a4c-8e59-eb2aceb3b5c6,ff2c2724-f461-4a48-a331-59b15b010889,Cloud Computing,IT401,3,68.00,B-,2026-01-18 07:30:33.536782+00,2026-01-18 07:30:33.536782+00
939e2172-cf1f-4a67-9f83-c69e203debdf,ff2c2724-f461-4a48-a331-59b15b010889,Database Systems,IT301,3,80.00,A-,2026-01-18 07:30:33.536782+00,2026-01-18 07:30:33.536782+00
850edada-0003-4118-8569-b17a8c4cd8c5,ff2c2724-f461-4a48-a331-59b15b010889,Information Security,IT402,3,61.00,C+,2026-01-18 07:30:33.536782+00,2026-01-18 07:30:33.536782+00
300ba8eb-d7c8-474e-ac0c-0490f2136e36,306d3759-a2fa-426b-8b92-cf124b83599d,Information Security,IT402,2,73.00,B,2026-01-18 07:30:33.536782+00,2026-01-18 07:30:33.536782+00
67625e70-d7c0-44ee-86b8-f85e713e850b,306d3759-a2fa-426b-8b92-cf124b83599d,Cloud Computing,IT401,3,65.00,B-,2026-01-18 07:30:33.536782+00,2026-01-18 07:30:33.536782+00
4166abb0-5872-4304-90ef-b8aa365684c0,306d3759-a2fa-426b-8b92-cf124b83599d,Web Technologies,IT201,3,65.00,B-,2026-01-18 07:30:33.536782+00,2026-01-18 07:30:33.536782+00
cc799251-a667-40b8-b62f-99bf39ff2b89,306d3759-a2fa-426b-8b92-cf124b83599d,Database Systems,IT301,3,78.00,B+,2026-01-18 07:30:33.536782+00,2026-01-18 07:30:33.536782+00
654675ff-2d23-40ec-9227-be82fa7ba9ec,72400c47-70af-4d18-ada1-22c525cf734d,Web Technologies,IT201,4,75.00,B+,2026-01-18 07:30:33.536782+00,2026-01-18 07:30:33.536782+00
0d119caa-a0ac-4f2a-86fc-7ffb61302646,72400c47-70af-4d18-ada1-22c525cf734d,Database Systems,IT301,2,75.00,B+,2026-01-18 07:30:33.536782+00,2026-01-18 07:30:33.536782+00
8840e777-95ac-4ab5-b931-898fc8498c52,72400c47-70af-4d18-ada1-22c525cf734d,Cloud Computing,IT401,3,80.00,A-,2026-01-18 07:30:33.536782+00,2026-01-18 07:30:33.536782+00
c688e05e-fa03-4307-b46a-43f15ad59708,72400c47-70af-4d18-ada1-22c525cf734d,Information Security,IT402,2,67.00,B-,2026-01-18 07:30:33.536782+00,2026-01-18 07:30:33.536782+00
90bb8b38-4126-4c1c-b926-4e82bfa56535,d5bc2671-d97c-4778-b70b-73d6cc282288,Web Technologies,IT201,4,74.00,B,2026-01-18 07:30:33.536782+00,2026-01-18 07:30:33.536782+00
1e39148b-6e25-46f2-9b14-6fc582f4389b,d5bc2671-d97c-4778-b70b-73d6cc282288,Database Systems,IT301,3,64.00,C+,2026-01-18 07:30:33.536782+00,2026-01-18 07:30:33.536782+00
fa172f91-911e-4675-836a-482978055656,d5bc2671-d97c-4778-b70b-73d6cc282288,Information Security,IT402,2,70.00,B,2026-01-18 07:30:33.536782+00,2026-01-18 07:30:33.536782+00
2349ad9c-4f95-475f-9ea0-a911916e0ba4,d5bc2671-d97c-4778-b70b-73d6cc282288,Cloud Computing,IT401,3,66.00,B-,2026-01-18 07:30:33.536782+00,2026-01-18 07:30:33.536782+00
9428a46f-3717-4b82-a40b-c750163aeb1a,6482ac9c-b9ab-493f-87db-f56afb8a6944,Operating Systems,CS301,3,64.00,C+,2026-01-18 07:30:33.536782+00,2026-01-18 07:30:33.536782+00
bd39743a-c143-42f3-9a68-c7c1c0d65722,6482ac9c-b9ab-493f-87db-f56afb8a6944,Data Structures,CS201,2,69.00,B-,2026-01-18 07:30:33.536782+00,2026-01-18 07:30:33.536782+00
0b457bee-218b-4b9d-873f-51805e33005d,6482ac9c-b9ab-493f-87db-f56afb8a6944,Computer Networks,CS402,3,55.00,C,2026-01-18 07:30:33.536782+00,2026-01-18 07:30:33.536782+00
c1e62c32-5942-45f8-8628-64f8b77cbf84,6482ac9c-b9ab-493f-87db-f56afb8a6944,DBMS,CS302,3,84.00,A-,2026-01-18 07:30:33.536782+00,2026-01-18 07:30:33.536782+00
b8c6c4b5-aad6-4cca-a102-dddf707b5f0a,231b05e7-26ba-46cc-b90b-1c6f8ca0a805,DBMS,CS302,3,53.00,C-,2026-01-18 07:30:33.536782+00,2026-01-18 07:30:33.536782+00
b702630d-ca8a-4524-a727-70da81c03071,231b05e7-26ba-46cc-b90b-1c6f8ca0a805,Machine Learning,CS401,2,51.00,C-,2026-01-18 07:30:33.536782+00,2026-01-18 07:30:33.536782+00
0fe35da8-50ca-4af6-97c1-b9e7fad3fa0f,231b05e7-26ba-46cc-b90b-1c6f8ca0a805,Operating Systems,CS301,3,75.00,B+,2026-01-18 07:30:33.536782+00,2026-01-18 07:30:33.536782+00
f6af88fc-f702-4b89-8014-8120c503273f,231b05e7-26ba-46cc-b90b-1c6f8ca0a805,Computer Networks,CS402,2,71.00,B,2026-01-18 07:30:33.536782+00,2026-01-18 07:30:33.536782+00
df25e292-f66b-474a-9835-70f8e15c1318,39ba1877-ed3e-4e28-bf18-887dce56913c,Computer Networks,CS402,4,69.00,B-,2026-01-18 07:30:33.536782+00,2026-01-18 07:30:33.536782+00
123b3843-4be5-485e-9822-f1a1b299bfc3,39ba1877-ed3e-4e28-bf18-887dce56913c,Data Structures,CS201,2,69.00,B-,2026-01-18 07:30:33.536782+00,2026-01-18 07:30:33.536782+00
6a91bc47-a820-419e-b8d4-d87d3fed6157,39ba1877-ed3e-4e28-bf18-887dce56913c,Operating Systems,CS301,4,63.00,C+,2026-01-18 07:30:33.536782+00,2026-01-18 07:30:33.536782+00
2126a2e8-1208-4cec-8f8b-094ac0887504,39ba1877-ed3e-4e28-bf18-887dce56913c,Machine Learning,CS401,2,54.00,C-,2026-01-18 07:30:33.536782+00,2026-01-18 07:30:33.536782+00
645d7476-1873-4357-8b70-9507093f7f24,0302ea77-d3f6-46ef-b206-d7bb1ea1793b,Data Structures,CS201,4,64.00,C+,2026-01-18 07:30:33.536782+00,2026-01-18 07:30:33.536782+00
9afd6da7-76ac-4090-86f6-67a234aa346b,0302ea77-d3f6-46ef-b206-d7bb1ea1793b,Operating Systems,CS301,2,56.00,C,2026-01-18 07:30:33.536782+00,2026-01-18 07:30:33.536782+00
c59e2148-6151-4725-81d4-35401ab19dc7,0302ea77-d3f6-46ef-b206-d7bb1ea1793b,Computer Networks,CS402,2,73.00,B,2026-01-18 07:30:33.536782+00,2026-01-18 07:30:33.536782+00
d6969fc5-74ba-48ca-b2dc-a9971d2da23f,0302ea77-d3f6-46ef-b206-d7bb1ea1793b,DBMS,CS302,2,62.00,C+,2026-01-18 07:30:33.536782+00,2026-01-18 07:30:33.536782+00
b9478bbc-260c-423d-b7e7-1a04081e4abe,1ce414d4-ae23-4539-b150-30f3540c3b90,Machine Learning,CS401,3,55.00,C,2026-01-18 07:30:33.536782+00,2026-01-18 07:30:33.536782+00
e841ffbc-8ff2-49d3-97c6-3de3c6586d4f,1ce414d4-ae23-4539-b150-30f3540c3b90,Data Structures,CS201,4,60.00,C+,2026-01-18 07:30:33.536782+00,2026-01-18 07:30:33.536782+00
f407f4ed-854a-4af6-a01d-d7c34801cb54,1ce414d4-ae23-4539-b150-30f3540c3b90,DBMS,CS302,3,67.00,B-,2026-01-18 07:30:33.536782+00,2026-01-18 07:30:33.536782+00
51ba89d8-bda0-4995-a855-94c17cb9f2e1,1ce414d4-ae23-4539-b150-30f3540c3b90,Computer Networks,CS402,3,58.00,C,2026-01-18 07:30:33.536782+00,2026-01-18 07:30:33.536782+00
ad28e8df-43c8-40a4-a32c-dbbe8985e62b,0c012c85-477a-43c5-9262-4e1fa9e6d509,Operating Systems,CS301,2,55.00,C,2026-01-18 07:30:33.536782+00,2026-01-18 07:30:33.536782+00
8939bc3b-035a-4379-9f2b-54523f2d2acb,0c012c85-477a-43c5-9262-4e1fa9e6d509,Data Structures,CS201,4,66.00,B-,2026-01-18 07:30:33.536782+00,2026-01-18 07:30:33.536782+00
0f4b51f5-8787-48c9-911b-3d2bb2a169ca,0c012c85-477a-43c5-9262-4e1fa9e6d509,Machine Learning,CS401,2,66.00,B-,2026-01-18 07:30:33.536782+00,2026-01-18 07:30:33.536782+00
aec31f0a-5ee1-40db-a497-6655e6ef61ec,0c012c85-477a-43c5-9262-4e1fa9e6d509,Computer Networks,CS402,3,58.00,C,2026-01-18 07:30:33.536782+00,2026-01-18 07:30:33.536782+00
ef617d1a-140f-41bc-a0f8-c36a059a7aee,798d8779-8144-416b-b64f-d8f5d20bb322,Computer Networks,CS402,2,58.00,C,2026-01-18 07:30:33.536782+00,2026-01-18 07:30:33.536782+00
b7435675-bf9c-4392-9c1d-8b9c3c2538f5,798d8779-8144-416b-b64f-d8f5d20bb322,Machine Learning,CS401,4,65.00,B-,2026-01-18 07:30:33.536782+00,2026-01-18 07:30:33.536782+00
eb544e8c-5633-4736-8d11-1e84b100dbad,798d8779-8144-416b-b64f-d8f5d20bb322,Operating Systems,CS301,4,49.00,D,2026-01-18 07:30:33.536782+00,2026-01-18 07:30:33.536782+00
40616cac-dba3-4e67-b2b3-a755f4e5fe59,798d8779-8144-416b-b64f-d8f5d20bb322,Data Structures,CS201,4,49.00,D,2026-01-18 07:30:33.536782+00,2026-01-18 07:30:33.536782+00
9ed73aca-bf37-41e4-bc8b-10af9ab30d0c,de283cb1-d1de-4c64-a5b9-0594f302105e,Operating Systems,CS301,4,56.00,C,2026-01-18 07:30:33.536782+00,2026-01-18 07:30:33.536782+00
e9acd895-e680-4422-bd07-9e279cc1805c,de283cb1-d1de-4c64-a5b9-0594f302105e,Data Structures,CS201,4,61.00,C+,2026-01-18 07:30:33.536782+00,2026-01-18 07:30:33.536782+00
aad375ea-7b21-4e04-aa98-655668aa1bf8,de283cb1-d1de-4c64-a5b9-0594f302105e,DBMS,CS302,2,66.00,B-,2026-01-18 07:30:33.536782+00,2026-01-18 07:30:33.536782+00
f5fe9c01-5843-4981-a414-a9f470302fec,de283cb1-d1de-4c64-a5b9-0594f302105e,Computer Networks,CS402,4,78.00,B+,2026-01-18 07:30:33.536782+00,2026-01-18 07:30:33.536782+00
5d15f1fc-5430-4ce3-8405-dc88cbaef739,616f7da1-a2a4-4e76-af5c-a5bea77fb09a,Web Technologies,IT201,2,72.00,B,2026-01-18 07:30:33.536782+00,2026-01-18 07:30:33.536782+00
c1c67d65-db3b-46d4-ae93-ead219c51ed3,616f7da1-a2a4-4e76-af5c-a5bea77fb09a,Database Systems,IT301,4,62.00,C+,2026-01-18 07:30:33.536782+00,2026-01-18 07:30:33.536782+00
70085f2e-5517-4317-8ea0-8643d5f0b4fc,616f7da1-a2a4-4e76-af5c-a5bea77fb09a,Cloud Computing,IT401,4,63.00,C+,2026-01-18 07:30:33.536782+00,2026-01-18 07:30:33.536782+00
67f4c893-fbdc-4878-a50f-5e81ce3122f4,616f7da1-a2a4-4e76-af5c-a5bea77fb09a,Information Security,IT402,3,53.00,C-,2026-01-18 07:30:33.536782+00,2026-01-18 07:30:33.536782+00
08763f63-caa2-42ad-8a2e-bcd6c8911747,aa65bd60-80ba-4600-8f4c-f77e24a59374,Web Technologies,IT201,3,63.00,C+,2026-01-18 07:30:33.536782+00,2026-01-18 07:30:33.536782+00
2adc67f1-d236-4bd8-8142-2cc47bf28089,aa65bd60-80ba-4600-8f4c-f77e24a59374,Database Systems,IT301,3,60.00,C+,2026-01-18 07:30:33.536782+00,2026-01-18 07:30:33.536782+00
22be0079-10dd-4b7e-a7a7-f0819a31645c,aa65bd60-80ba-4600-8f4c-f77e24a59374,Cloud Computing,IT401,4,66.00,B-,2026-01-18 07:30:33.536782+00,2026-01-18 07:30:33.536782+00
060c2ca9-d5ac-4e18-bded-c92052214a93,aa65bd60-80ba-4600-8f4c-f77e24a59374,Information Security,IT402,3,55.00,C,2026-01-18 07:30:33.536782+00,2026-01-18 07:30:33.536782+00
29a2b32e-33b1-4833-81b8-58acda88ca0e,d7258842-7ac3-4bd1-8edc-6915eee2217a,Database Systems,IT301,4,68.00,B-,2026-01-18 07:30:33.536782+00,2026-01-18 07:30:33.536782+00
c548146d-c062-47b4-8735-2f8751ac5438,d7258842-7ac3-4bd1-8edc-6915eee2217a,Information Security,IT402,4,78.00,B+,2026-01-18 07:30:33.536782+00,2026-01-18 07:30:33.536782+00
6a4fe0bd-b9ce-4a0b-a15e-bfeef8a74a5c,d7258842-7ac3-4bd1-8edc-6915eee2217a,Web Technologies,IT201,3,62.00,C+,2026-01-18 07:30:33.536782+00,2026-01-18 07:30:33.536782+00
3327df6b-cbc2-4660-847b-aad9d1dd2ce8,d7258842-7ac3-4bd1-8edc-6915eee2217a,Cloud Computing,IT401,3,67.00,B-,2026-01-18 07:30:33.536782+00,2026-01-18 07:30:33.536782+00
709b982c-2d2f-4c54-88b3-a713fa2a420e,12021079-af76-42fc-ab8d-317738a49e75,Information Security,IT402,2,70.00,B,2026-01-18 07:30:33.536782+00,2026-01-18 07:30:33.536782+00
32c79e47-0119-4b8e-81c4-eff12f1c09f3,12021079-af76-42fc-ab8d-317738a49e75,Cloud Computing,IT401,2,59.00,C,2026-01-18 07:30:33.536782+00,2026-01-18 07:30:33.536782+00
9a8f0345-98f3-40e5-9152-1ffaff4e3af5,12021079-af76-42fc-ab8d-317738a49e75,Database Systems,IT301,3,65.00,B-,2026-01-18 07:30:33.536782+00,2026-01-18 07:30:33.536782+00
cb59a904-6cc0-4652-ba2c-be7d097383c4,12021079-af76-42fc-ab8d-317738a49e75,Web Technologies,IT201,3,63.00,C+,2026-01-18 07:30:33.536782+00,2026-01-18 07:30:33.536782+00
3fa07adb-2461-4623-87ed-91f0b2c89699,95a6db4b-4647-436f-b3ff-b5fe8198aabe,Database Systems,IT301,2,64.00,C+,2026-01-18 07:30:33.536782+00,2026-01-18 07:30:33.536782+00
7e18aadb-eadb-44f7-8f80-62e2d3913e03,95a6db4b-4647-436f-b3ff-b5fe8198aabe,Information Security,IT402,3,55.00,C,2026-01-18 07:30:33.536782+00,2026-01-18 07:30:33.536782+00
de5e309a-4e7b-4790-8cc1-168011036460,95a6db4b-4647-436f-b3ff-b5fe8198aabe,Cloud Computing,IT401,3,63.00,C+,2026-01-18 07:30:33.536782+00,2026-01-18 07:30:33.536782+00
8492b287-d862-4e7e-be1e-def97471741c,95a6db4b-4647-436f-b3ff-b5fe8198aabe,Web Technologies,IT201,2,68.00,B-,2026-01-18 07:30:33.536782+00,2026-01-18 07:30:33.536782+00
3d98a162-2e98-48af-8918-32710fda9746,9a179214-1f92-49f1-a3b9-6f8d853c3637,Information Security,IT402,3,78.00,B+,2026-01-18 07:30:33.536782+00,2026-01-18 07:30:33.536782+00
3443946d-cfda-4234-9750-ce5d16da9f88,9a179214-1f92-49f1-a3b9-6f8d853c3637,Web Technologies,IT201,3,73.00,B,2026-01-18 07:30:33.536782+00,2026-01-18 07:30:33.536782+00
9544f499-5b5e-4a43-8aa1-dc4588e1ed60,9a179214-1f92-49f1-a3b9-6f8d853c3637,Database Systems,IT301,4,85.00,A,2026-01-18 07:30:33.536782+00,2026-01-18 07:30:33.536782+00
b565c650-e338-4fac-8bab-4a982cccebbd,9a179214-1f92-49f1-a3b9-6f8d853c3637,Cloud Computing,IT401,4,55.00,C,2026-01-18 07:30:33.536782+00,2026-01-18 07:30:33.536782+00
1b7467df-84d9-4a9b-a011-192c31b481c1,1a4f19db-aa25-4e7d-805d-f7b92ddf9902,Cloud Computing,IT401,2,72.00,B,2026-01-18 07:30:33.536782+00,2026-01-18 07:30:33.536782+00
2acf4d5a-c17d-4e60-8727-a07a989303fe,1a4f19db-aa25-4e7d-805d-f7b92ddf9902,Information Security,IT402,2,65.00,B-,2026-01-18 07:30:33.536782+00,2026-01-18 07:30:33.536782+00
0079c01c-a3a5-4e7d-b8fe-1799ded1f328,1a4f19db-aa25-4e7d-805d-f7b92ddf9902,Web Technologies,IT201,4,85.00,A,2026-01-18 07:30:33.536782+00,2026-01-18 07:30:33.536782+00
388dce0b-ff10-4f3a-a643-a9d2d6bba45e,1a4f19db-aa25-4e7d-805d-f7b92ddf9902,Database Systems,IT301,3,55.00,C,2026-01-18 07:30:33.536782+00,2026-01-18 07:30:33.536782+00
d53c5c0b-e5e2-4c76-ab07-a60e0f7ddca8,9efa9a54-e6b4-4b67-a28c-2dd61e3b6b5a,Information Security,IT402,4,55.00,C,2026-01-18 07:30:33.536782+00,2026-01-18 07:30:33.536782+00
d3946dcc-d00d-408a-8603-e842a82c48fd,9efa9a54-e6b4-4b67-a28c-2dd61e3b6b5a,Cloud Computing,IT401,4,57.00,C,2026-01-18 07:30:33.536782+00,2026-01-18 07:30:33.536782+00
09f306b8-996e-4843-a78b-b0f0f34a0db3,9efa9a54-e6b4-4b67-a28c-2dd61e3b6b5a,Web Technologies,IT201,3,42.00,D,2026-01-18 07:30:33.536782+00,2026-01-18 07:30:33.536782+00
1a626563-352a-475e-b98c-34b8c4070b96,9efa9a54-e6b4-4b67-a28c-2dd61e3b6b5a,Database Systems,IT301,3,58.00,C,2026-01-18 07:30:33.536782+00,2026-01-18 07:30:33.536782+00
5c0fa145-1082-45c1-b688-83c10a4cf3c1,70618c77-046c-4a5a-a5a9-b6278809f3a5,Data Structures,CS201,3,58.00,C,2026-01-18 07:30:33.536782+00,2026-01-18 07:30:33.536782+00
56d8fc04-b051-4e7d-b842-da6345b5abd3,70618c77-046c-4a5a-a5a9-b6278809f3a5,Computer Networks,CS402,4,67.00,B-,2026-01-18 07:30:33.536782+00,2026-01-18 07:30:33.536782+00
ef31fef3-6c47-4794-8d88-8980f7c9b012,70618c77-046c-4a5a-a5a9-b6278809f3a5,Operating Systems,CS301,2,69.00,B-,2026-01-18 07:30:33.536782+00,2026-01-18 07:30:33.536782+00
26ba4337-ccf9-406f-965d-ef8ba61c316b,70618c77-046c-4a5a-a5a9-b6278809f3a5,Machine Learning,CS401,3,85.00,A,2026-01-18 07:30:33.536782+00,2026-01-18 07:30:33.536782+00
7ac95cd0-61a1-4031-824c-5b3c4652ef70,601e561c-a3c4-479f-bb8b-750e5196339f,Computer Networks,CS402,3,75.00,B+,2026-01-18 07:30:33.536782+00,2026-01-18 07:30:33.536782+00
c6603605-dc51-443f-867f-3ef9ae005ab8,601e561c-a3c4-479f-bb8b-750e5196339f,DBMS,CS302,4,60.00,C+,2026-01-18 07:30:33.536782+00,2026-01-18 07:30:33.536782+00
5618a68b-e7db-4538-8aa6-9811c0c1e1cf,601e561c-a3c4-479f-bb8b-750e5196339f,Operating Systems,CS301,4,57.00,C,2026-01-18 07:30:33.536782+00,2026-01-18 07:30:33.536782+00
76d8ab18-2a0f-4c87-b02f-68967c60bb1d,601e561c-a3c4-479f-bb8b-750e5196339f,Machine Learning,CS401,3,71.00,B,2026-01-18 07:30:33.536782+00,2026-01-18 07:30:33.536782+00
e05c5dcf-e7db-4a75-bcc7-1714e4c9baa7,8889a33f-829f-4dff-853c-97df50789640,DBMS,CS302,3,53.00,C-,2026-01-18 07:30:33.536782+00,2026-01-18 07:30:33.536782+00
3df61104-ad02-42f4-a27f-889ae5255e60,8889a33f-829f-4dff-853c-97df50789640,Machine Learning,CS401,2,84.00,A-,2026-01-18 07:30:33.536782+00,2026-01-18 07:30:33.536782+00
142ee8bd-58c4-4e54-a055-6e3df82cd328,8889a33f-829f-4dff-853c-97df50789640,Operating Systems,CS301,2,78.00,B+,2026-01-18 07:30:33.536782+00,2026-01-18 07:30:33.536782+00
ccdf6726-6c43-4a3a-a05b-82f2f6d64308,8889a33f-829f-4dff-853c-97df50789640,Computer Networks,CS402,4,61.00,C+,2026-01-18 07:30:33.536782+00,2026-01-18 07:30:33.536782+00
8b6aeeca-d0eb-43e2-9dcd-7ee0e25bb92b,7c78aadf-275d-41a9-9eda-584a49633047,Operating Systems,CS301,2,49.00,D,2026-01-18 07:30:33.536782+00,2026-01-18 07:30:33.536782+00
427c7f7d-8501-4f7c-9687-b3330c6b8af5,7c78aadf-275d-41a9-9eda-584a49633047,DBMS,CS302,2,79.00,B+,2026-01-18 07:30:33.536782+00,2026-01-18 07:30:33.536782+00
9437c8de-73f2-4217-ab29-5e205f11c4de,7c78aadf-275d-41a9-9eda-584a49633047,Data Structures,CS201,4,65.00,B-,2026-01-18 07:30:33.536782+00,2026-01-18 07:30:33.536782+00
4cea56fe-dcdb-4a6f-aef4-e2e8c43b701c,7c78aadf-275d-41a9-9eda-584a49633047,Machine Learning,CS401,3,78.00,B+,2026-01-18 07:30:33.536782+00,2026-01-18 07:30:33.536782+00
7b728be6-8f3f-4eff-8182-4612e84b2442,747d390f-daf8-4346-bfb6-e46992b2fcc3,DBMS,CS302,3,50.00,C-,2026-01-18 07:30:33.536782+00,2026-01-18 07:30:33.536782+00
317dcae4-60fa-4bec-ab70-c8a526e5f8ba,747d390f-daf8-4346-bfb6-e46992b2fcc3,Computer Networks,CS402,2,60.00,C+,2026-01-18 07:30:33.536782+00,2026-01-18 07:30:33.536782+00
0e4e61fd-7608-47ac-b219-6e2479071025,747d390f-daf8-4346-bfb6-e46992b2fcc3,Data Structures,CS201,3,66.00,B-,2026-01-18 07:30:33.536782+00,2026-01-18 07:30:33.536782+00
8bb6df62-64a9-4620-8bcf-772ab7d15189,747d390f-daf8-4346-bfb6-e46992b2fcc3,Machine Learning,CS401,2,66.00,B-,2026-01-18 07:30:33.536782+00,2026-01-18 07:30:33.536782+00
b9f7f85b-9d07-49d2-866b-a8e2550f7492,3f38b450-c6a3-40d9-bc47-7f9a4e1d5128,DBMS,CS302,3,61.00,C+,2026-01-18 07:30:33.536782+00,2026-01-18 07:30:33.536782+00
168aedef-aaea-4383-b116-d650bdf88b39,3f38b450-c6a3-40d9-bc47-7f9a4e1d5128,Data Structures,CS201,2,72.00,B,2026-01-18 07:30:33.536782+00,2026-01-18 07:30:33.536782+00
2b0b75b8-7046-44c6-84d0-86cb3be6704c,3f38b450-c6a3-40d9-bc47-7f9a4e1d5128,Computer Networks,CS402,2,55.00,C,2026-01-18 07:30:33.536782+00,2026-01-18 07:30:33.536782+00
e96477ac-1efe-480b-b42d-286f158371ec,3f38b450-c6a3-40d9-bc47-7f9a4e1d5128,Machine Learning,CS401,4,65.00,B-,2026-01-18 07:30:33.536782+00,2026-01-18 07:30:33.536782+00
f3390ae3-007f-42bb-acd0-9ad986cfed40,c247a720-2e90-432b-994e-25c625f39480,DBMS,CS302,2,67.00,B-,2026-01-18 07:30:33.536782+00,2026-01-18 07:30:33.536782+00
df5bfaa2-09f1-4394-8ad8-84298265a917,c247a720-2e90-432b-994e-25c625f39480,Operating Systems,CS301,2,71.00,B,2026-01-18 07:30:33.536782+00,2026-01-18 07:30:33.536782+00
8f49f0b8-9990-4190-bb83-ba6610bccb7e,c247a720-2e90-432b-994e-25c625f39480,Computer Networks,CS402,4,73.00,B,2026-01-18 07:30:33.536782+00,2026-01-18 07:30:33.536782+00
77b4e512-b7ff-461d-8e29-fa3dce1fc2bc,c247a720-2e90-432b-994e-25c625f39480,Machine Learning,CS401,3,55.00,C,2026-01-18 07:30:33.536782+00,2026-01-18 07:30:33.536782+00
56249a87-247a-4649-ab65-1c5dc5b49eea,085756e2-9e78-436f-964b-b4ad760bbbcd,Machine Learning,CS401,2,51.00,C-,2026-01-18 07:30:33.536782+00,2026-01-18 07:30:33.536782+00
48f77b1b-cbad-4f65-9ee3-c6aec50ec781,085756e2-9e78-436f-964b-b4ad760bbbcd,Computer Networks,CS402,2,79.00,B+,2026-01-18 07:30:33.536782+00,2026-01-18 07:30:33.536782+00
5b02fc6c-fdcf-4c2f-bf71-ab0596c1f386,085756e2-9e78-436f-964b-b4ad760bbbcd,Operating Systems,CS301,3,69.00,B-,2026-01-18 07:30:33.536782+00,2026-01-18 07:30:33.536782+00
d838baa6-605c-415e-891f-56d55bbd65a3,085756e2-9e78-436f-964b-b4ad760bbbcd,DBMS,CS302,3,58.00,C,2026-01-18 07:30:33.536782+00,2026-01-18 07:30:33.536782+00
c046fe2c-555a-4b7c-958f-7511f15d62dd,bf0612fe-7cc0-403c-99fa-6cc64edbd759,Data Structures,CS201,2,73.00,B,2026-01-18 07:30:33.536782+00,2026-01-18 07:30:33.536782+00
1594dc49-3bbe-41c4-8155-bad371745bcb,bf0612fe-7cc0-403c-99fa-6cc64edbd759,Computer Networks,CS402,4,59.00,C,2026-01-18 07:30:33.536782+00,2026-01-18 07:30:33.536782+00
d085da58-c39e-4a6d-97f5-e07eb214f373,bf0612fe-7cc0-403c-99fa-6cc64edbd759,Operating Systems,CS301,4,69.00,B-,2026-01-18 07:30:33.536782+00,2026-01-18 07:30:33.536782+00
09b84faa-62ed-4c21-927e-5815a7305ee1,bf0612fe-7cc0-403c-99fa-6cc64edbd759,DBMS,CS302,4,58.00,C,2026-01-18 07:30:33.536782+00,2026-01-18 07:30:33.536782+00
0f8db1bc-dbab-418c-b903-cd93ce3a6d38,cc42caeb-5681-47c6-ac9c-4b0636ac0b18,Data Structures,CS201,2,78.00,B+,2026-01-18 07:30:33.536782+00,2026-01-18 07:30:33.536782+00
86faf34b-c05f-4d48-a174-04a8bdd5659a,cc42caeb-5681-47c6-ac9c-4b0636ac0b18,Operating Systems,CS301,2,75.00,B+,2026-01-18 07:30:33.536782+00,2026-01-18 07:30:33.536782+00
3514137b-6f35-4aea-aaee-7ccda8e73672,cc42caeb-5681-47c6-ac9c-4b0636ac0b18,Computer Networks,CS402,2,55.00,C,2026-01-18 07:30:33.536782+00,2026-01-18 07:30:33.536782+00
9889bc7c-3c19-42d0-bd40-cd20fa70f18f,cc42caeb-5681-47c6-ac9c-4b0636ac0b18,Machine Learning,CS401,4,67.00,B-,2026-01-18 07:30:33.536782+00,2026-01-18 07:30:33.536782+00
dee16cf4-536b-4474-9d1e-af4c7b4df667,5e3c34b8-3e75-4b59-9c00-2c3af2603b5a,Machine Learning,CS401,3,64.00,C+,2026-01-18 07:30:33.536782+00,2026-01-18 07:30:33.536782+00
fedbe6b6-c3ae-435a-9f11-77cfacc8f8a1,5e3c34b8-3e75-4b59-9c00-2c3af2603b5a,Operating Systems,CS301,3,71.00,B,2026-01-18 07:30:33.536782+00,2026-01-18 07:30:33.536782+00
f7bf9906-e4fb-43b0-9316-b94aaa7aa96a,5e3c34b8-3e75-4b59-9c00-2c3af2603b5a,DBMS,CS302,3,48.00,D,2026-01-18 07:30:33.536782+00,2026-01-18 07:30:33.536782+00
e6e6087b-46d0-414e-acfd-0e20a293e351,5e3c34b8-3e75-4b59-9c00-2c3af2603b5a,Computer Networks,CS402,4,64.00,C+,2026-01-18 07:30:33.536782+00,2026-01-18 07:30:33.536782+00
5d357972-598b-45d1-9b54-be93c48e6c8a,4b27f5b2-26df-49ee-9284-a7437a83f970,Machine Learning,CS401,4,68.00,B-,2026-01-18 07:30:33.536782+00,2026-01-18 07:30:33.536782+00
2947fced-4f34-4e53-a9b9-84f3b34d716b,4b27f5b2-26df-49ee-9284-a7437a83f970,DBMS,CS302,4,40.00,D,2026-01-18 07:30:33.536782+00,2026-01-18 07:30:33.536782+00
855e3df4-73a9-4708-826e-473e3e61b2f6,4b27f5b2-26df-49ee-9284-a7437a83f970,Computer Networks,CS402,2,46.00,D,2026-01-18 07:30:33.536782+00,2026-01-18 07:30:33.536782+00
282d3f47-1877-424a-849a-486ddcfbfe4c,4b27f5b2-26df-49ee-9284-a7437a83f970,Data Structures,CS201,2,37.00,F,2026-01-18 07:30:33.536782+00,2026-01-18 07:30:33.536782+00
ce02effd-1557-4b46-97e4-d45e9994da27,93c3b0a5-72ed-4acd-9f4e-515cf23ea954,Operating Systems,CS301,2,55.00,C,2026-01-18 07:30:33.536782+00,2026-01-18 07:30:33.536782+00
391e227a-cf9f-462f-b913-02960d5b1a1d,93c3b0a5-72ed-4acd-9f4e-515cf23ea954,DBMS,CS302,2,65.00,B-,2026-01-18 07:30:33.536782+00,2026-01-18 07:30:33.536782+00
052b8ae3-41ce-4267-ab12-21c1ae046fdc,93c3b0a5-72ed-4acd-9f4e-515cf23ea954,Machine Learning,CS401,2,72.00,B,2026-01-18 07:30:33.536782+00,2026-01-18 07:30:33.536782+00
02b42ea2-4e6c-44d9-8e62-4df41a56b1e9,93c3b0a5-72ed-4acd-9f4e-515cf23ea954,Data Structures,CS201,4,58.00,C,2026-01-18 07:30:33.536782+00,2026-01-18 07:30:33.536782+00
68073893-86ac-4f79-a503-1f062519e0e2,66157564-7268-447b-9906-f19169fc7ad8,Data Structures,CS201,3,74.00,B,2026-01-18 07:30:33.536782+00,2026-01-18 07:30:33.536782+00
f051eb68-fa7a-4892-9e53-f4ce7053bba3,66157564-7268-447b-9906-f19169fc7ad8,Operating Systems,CS301,4,44.00,D,2026-01-18 07:30:33.536782+00,2026-01-18 07:30:33.536782+00
5d63d1e2-463a-4f2c-b95a-345db05895d6,66157564-7268-447b-9906-f19169fc7ad8,Computer Networks,CS402,4,40.00,D,2026-01-18 07:30:33.536782+00,2026-01-18 07:30:33.536782+00
15ca2a9d-27b1-445a-b543-44a03374f81e,66157564-7268-447b-9906-f19169fc7ad8,Machine Learning,CS401,3,57.00,C,2026-01-18 07:30:33.536782+00,2026-01-18 07:30:33.536782+00
4b2a6515-f228-446b-89e4-3a9fb0fedfe1,c8932e6e-2d74-4998-a5f8-6fa9a85aa02f,DBMS,CS302,4,61.00,C+,2026-01-18 07:30:33.536782+00,2026-01-18 07:30:33.536782+00
aebb1ba4-277d-4c28-a796-1b5158e55bc0,c8932e6e-2d74-4998-a5f8-6fa9a85aa02f,Data Structures,CS201,3,57.00,C,2026-01-18 07:30:33.536782+00,2026-01-18 07:30:33.536782+00
47896b01-5ad8-4a09-b043-bc5fdfc4a9b2,c8932e6e-2d74-4998-a5f8-6fa9a85aa02f,Machine Learning,CS401,4,37.00,F,2026-01-18 07:30:33.536782+00,2026-01-18 07:30:33.536782+00
9ca98dc7-86be-437e-b567-abe15769711c,c8932e6e-2d74-4998-a5f8-6fa9a85aa02f,Operating Systems,CS301,3,56.00,C,2026-01-18 07:30:33.536782+00,2026-01-18 07:30:33.536782+00
3b8ed0d2-8d3f-4986-9c66-517e0d15254b,08342092-d95f-4b99-94e8-ffc2628c37ff,Data Structures,CS201,3,44.00,D,2026-01-18 07:30:33.536782+00,2026-01-18 07:30:33.536782+00
1ec663a9-22ac-477c-aacb-30da0f4e024a,08342092-d95f-4b99-94e8-ffc2628c37ff,Operating Systems,CS301,2,64.00,C+,2026-01-18 07:30:33.536782+00,2026-01-18 07:30:33.536782+00
a1706041-795f-42ff-877c-1cd89adfcbeb,08342092-d95f-4b99-94e8-ffc2628c37ff,Machine Learning,CS401,4,61.00,C+,2026-01-18 07:30:33.536782+00,2026-01-18 07:30:33.536782+00
4f4c91fc-e988-449f-b996-b0fda66f8cd2,08342092-d95f-4b99-94e8-ffc2628c37ff,Computer Networks,CS402,2,48.00,D,2026-01-18 07:30:33.536782+00,2026-01-18 07:30:33.536782+00
8aec79b9-4c0a-405d-86cd-f7271fe93ed9,bc8797c1-a3bd-4a2b-91fb-54ef84e68e21,Database Systems,IT301,2,53.00,C-,2026-01-18 07:30:33.536782+00,2026-01-18 07:30:33.536782+00
638d7db1-0462-48b1-9104-b7ba62a91690,bc8797c1-a3bd-4a2b-91fb-54ef84e68e21,Information Security,IT402,2,48.00,D,2026-01-18 07:30:33.536782+00,2026-01-18 07:30:33.536782+00
69aa176d-caf4-434f-a816-c8a2ab09ddce,bc8797c1-a3bd-4a2b-91fb-54ef84e68e21,Web Technologies,IT201,3,57.00,C,2026-01-18 07:30:33.536782+00,2026-01-18 07:30:33.536782+00
f8533178-c100-4f80-a342-1b52874a34d4,bc8797c1-a3bd-4a2b-91fb-54ef84e68e21,Cloud Computing,IT401,4,68.00,B-,2026-01-18 07:30:33.536782+00,2026-01-18 07:30:33.536782+00
581290eb-d139-4d18-a635-cfd1063eaef0,fe4616af-0683-4f61-93ce-21dc74f1ee2d,Cloud Computing,IT401,4,48.00,D,2026-01-18 07:30:33.536782+00,2026-01-18 07:30:33.536782+00
f162c17e-8e04-4335-8270-170687732c90,fe4616af-0683-4f61-93ce-21dc74f1ee2d,Database Systems,IT301,3,63.00,C+,2026-01-18 07:30:33.536782+00,2026-01-18 07:30:33.536782+00
1975594b-418c-4bde-b63d-6bb098dfb0fe,fe4616af-0683-4f61-93ce-21dc74f1ee2d,Web Technologies,IT201,4,53.00,C-,2026-01-18 07:30:33.536782+00,2026-01-18 07:30:33.536782+00
5a99272f-4c15-4f8a-b6cd-2b3da5ec5aba,fe4616af-0683-4f61-93ce-21dc74f1ee2d,Information Security,IT402,3,50.00,C-,2026-01-18 07:30:33.536782+00,2026-01-18 07:30:33.536782+00
04799a38-a238-4bb7-8c13-ecb312c2ff39,ff493559-3da1-4ec0-995e-29fe0398520e,Cloud Computing,IT401,2,57.00,C,2026-01-18 07:30:33.536782+00,2026-01-18 07:30:33.536782+00
033d6acb-d3bb-4fc7-bae7-fac8f140f15c,ff493559-3da1-4ec0-995e-29fe0398520e,Information Security,IT402,4,48.00,D,2026-01-18 07:30:33.536782+00,2026-01-18 07:30:33.536782+00
f60cd18d-a1f5-4750-b9eb-922e44318634,ff493559-3da1-4ec0-995e-29fe0398520e,Database Systems,IT301,2,53.00,C-,2026-01-18 07:30:33.536782+00,2026-01-18 07:30:33.536782+00
98594111-afc4-42a6-9196-c50df0f83cb4,ff493559-3da1-4ec0-995e-29fe0398520e,Web Technologies,IT201,3,46.00,D,2026-01-18 07:30:33.536782+00,2026-01-18 07:30:33.536782+00
a3e3d5e2-41fd-45a9-93a8-e2611fd3bdef,1f4bec51-a658-4cf2-a978-e535bd268eae,Cloud Computing,IT401,2,78.00,B+,2026-01-18 07:30:33.536782+00,2026-01-18 07:30:33.536782+00
0b2e2e7c-da5c-4ff4-8600-afc9b44f591d,1f4bec51-a658-4cf2-a978-e535bd268eae,Information Security,IT402,2,58.00,C,2026-01-18 07:30:33.536782+00,2026-01-18 07:30:33.536782+00
37602f77-cc37-4c6c-88a4-1000a059a4cf,1f4bec51-a658-4cf2-a978-e535bd268eae,Database Systems,IT301,4,51.00,C-,2026-01-18 07:30:33.536782+00,2026-01-18 07:30:33.536782+00
a8faaaf5-0951-4a7a-a164-de94849133b7,1f4bec51-a658-4cf2-a978-e535bd268eae,Web Technologies,IT201,4,60.00,C+,2026-01-18 07:30:33.536782+00,2026-01-18 07:30:33.536782+00
930c820b-538a-480d-96fc-e41520ad4d50,ceab5469-10a9-417f-82d9-81e671f5f23e,Web Technologies,IT201,2,57.00,C,2026-01-18 07:30:33.536782+00,2026-01-18 07:30:33.536782+00
dd308567-e8be-4c30-a68d-450fff491623,ceab5469-10a9-417f-82d9-81e671f5f23e,Cloud Computing,IT401,3,56.00,C,2026-01-18 07:30:33.536782+00,2026-01-18 07:30:33.536782+00
43e25419-29cd-4b88-8245-b7ef3c3ac314,ceab5469-10a9-417f-82d9-81e671f5f23e,Database Systems,IT301,4,64.00,C+,2026-01-18 07:30:33.536782+00,2026-01-18 07:30:33.536782+00
788346e5-3a48-418f-ac3a-21011fcc1e68,ceab5469-10a9-417f-82d9-81e671f5f23e,Information Security,IT402,4,66.00,B-,2026-01-18 07:30:33.536782+00,2026-01-18 07:30:33.536782+00
14671035-a6de-4829-a82d-e29557d076f3,838f05d1-9660-4475-b1a8-7c1fce7c4968,Information Security,IT402,4,53.00,C-,2026-01-18 07:30:33.536782+00,2026-01-18 07:30:33.536782+00
8c7980e7-aa58-4fa1-a44e-c395f5329e9d,838f05d1-9660-4475-b1a8-7c1fce7c4968,Database Systems,IT301,3,52.00,C-,2026-01-18 07:30:33.536782+00,2026-01-18 07:30:33.536782+00
dc1033fe-34cf-4895-b7f2-3b61ce396037,838f05d1-9660-4475-b1a8-7c1fce7c4968,Web Technologies,IT201,2,55.00,C,2026-01-18 07:30:33.536782+00,2026-01-18 07:30:33.536782+00
14ab439a-21b3-4447-a6d9-890b4956f249,838f05d1-9660-4475-b1a8-7c1fce7c4968,Cloud Computing,IT401,3,35.00,F,2026-01-18 07:30:33.536782+00,2026-01-18 07:30:33.536782+00
110c3146-61e0-4af3-9d7b-8990c269c312,8fdbbcbd-b459-43e6-932e-83e9e438bfe9,Cloud Computing,IT401,4,43.00,D,2026-01-18 07:30:33.536782+00,2026-01-18 07:30:33.536782+00
25387d68-fc9e-49d8-9c23-33aaf2d99ebc,8fdbbcbd-b459-43e6-932e-83e9e438bfe9,Database Systems,IT301,2,72.00,B,2026-01-18 07:30:33.536782+00,2026-01-18 07:30:33.536782+00
da219c0f-ae42-4809-b1cf-6d48a550df07,8fdbbcbd-b459-43e6-932e-83e9e438bfe9,Information Security,IT402,2,75.00,B+,2026-01-18 07:30:33.536782+00,2026-01-18 07:30:33.536782+00
a5da4b1e-64d1-485f-bb23-e2f8506f5a07,8fdbbcbd-b459-43e6-932e-83e9e438bfe9,Web Technologies,IT201,3,56.00,C,2026-01-18 07:30:33.536782+00,2026-01-18 07:30:33.536782+00
7f2cb74d-3d62-42bf-a902-0e8e496ab8e0,2901ec80-30ed-4bed-94fc-f69091a1cb4f,Information Security,IT402,4,64.00,C+,2026-01-18 07:30:33.536782+00,2026-01-18 07:30:33.536782+00
28801aca-d0a3-4437-8c1a-ff5b8aedb955,2901ec80-30ed-4bed-94fc-f69091a1cb4f,Cloud Computing,IT401,3,61.00,C+,2026-01-18 07:30:33.536782+00,2026-01-18 07:30:33.536782+00
2c5f58ce-f551-4d5a-9979-5548fa9fe5eb,2901ec80-30ed-4bed-94fc-f69091a1cb4f,Database Systems,IT301,4,89.00,A,2026-01-18 07:30:33.536782+00,2026-01-18 07:30:33.536782+00
c59e64e2-f672-416a-b9b2-6d26732349cc,2901ec80-30ed-4bed-94fc-f69091a1cb4f,Web Technologies,IT201,2,69.00,B-,2026-01-18 07:30:33.536782+00,2026-01-18 07:30:33.536782+00
b54f9414-42ca-4d72-92a8-75daaa79c11c,b0d2018d-bbf4-4799-a33f-194878a7f73b,Information Security,IT402,3,61.00,C+,2026-01-18 07:30:33.536782+00,2026-01-18 07:30:33.536782+00
648205db-c31b-496e-9223-5f962c09b5f8,b0d2018d-bbf4-4799-a33f-194878a7f73b,Web Technologies,IT201,2,53.00,C-,2026-01-18 07:30:33.536782+00,2026-01-18 07:30:33.536782+00
37f9ed6c-0dbc-4de8-9add-7dc597c840b3,b0d2018d-bbf4-4799-a33f-194878a7f73b,Database Systems,IT301,3,47.00,D,2026-01-18 07:30:33.536782+00,2026-01-18 07:30:33.536782+00
bc10ebc3-12e0-4425-b238-790f5cb56620,b0d2018d-bbf4-4799-a33f-194878a7f73b,Cloud Computing,IT401,4,65.00,B-,2026-01-18 07:30:33.536782+00,2026-01-18 07:30:33.536782+00
3677f80a-bd09-44ce-bc2e-d39226f6464a,e2c73371-96ac-477a-8178-2712a794e4f5,Web Technologies,IT201,2,55.00,C,2026-01-18 07:30:33.536782+00,2026-01-18 07:30:33.536782+00
5455b548-c27a-4667-ba0d-b65e3601358a,e2c73371-96ac-477a-8178-2712a794e4f5,Cloud Computing,IT401,2,49.00,D,2026-01-18 07:30:33.536782+00,2026-01-18 07:30:33.536782+00
2494b5cf-2637-4daf-9c83-0c60795432a5,e2c73371-96ac-477a-8178-2712a794e4f5,Database Systems,IT301,4,56.00,C,2026-01-18 07:30:33.536782+00,2026-01-18 07:30:33.536782+00
136ccfe1-5053-427b-84ae-d139a34423ff,e2c73371-96ac-477a-8178-2712a794e4f5,Information Security,IT402,3,52.00,C-,2026-01-18 07:30:33.536782+00,2026-01-18 07:30:33.536782+00
c653ad92-de11-458f-b388-8db8ff52fa58,db8091d5-f7b2-47bf-a1b6-ef4087a56f49,Information Security,IT402,2,80.00,A-,2026-01-18 07:30:33.536782+00,2026-01-18 07:30:33.536782+00
7482c764-e1c9-4817-a4f4-c3854a6e8dab,db8091d5-f7b2-47bf-a1b6-ef4087a56f49,Cloud Computing,IT401,3,72.00,B,2026-01-18 07:30:33.536782+00,2026-01-18 07:30:33.536782+00
fd2c2fb6-94c7-4cd7-8cdd-2c8867b673b9,db8091d5-f7b2-47bf-a1b6-ef4087a56f49,Database Systems,IT301,4,63.00,C+,2026-01-18 07:30:33.536782+00,2026-01-18 07:30:33.536782+00
989c7385-0912-40ef-946c-b41b2769c576,db8091d5-f7b2-47bf-a1b6-ef4087a56f49,Web Technologies,IT201,2,78.00,B+,2026-01-18 07:30:33.536782+00,2026-01-18 07:30:33.536782+00
b3f85741-8c0d-4395-bc0a-e93ca42c8aba,11d5ab34-1fdc-44f3-8c04-59560bffa6f4,Cloud Computing,IT401,2,64.00,C+,2026-01-18 07:30:33.536782+00,2026-01-18 07:30:33.536782+00
a5c79402-966a-4d4f-8610-5e3bb785adc2,11d5ab34-1fdc-44f3-8c04-59560bffa6f4,Database Systems,IT301,4,54.00,C-,2026-01-18 07:30:33.536782+00,2026-01-18 07:30:33.536782+00
5801207b-771d-4815-9b1c-4c9ad339afd1,c421f982-821d-469b-aa9f-775691882dcf,DBMS,CS302,4,77.00,B+,2026-01-18 07:33:38.004338+00,2026-01-18 07:33:38.004338+00
11f4de97-bdd0-4a69-a2ee-fad79fe491d6,11d5ab34-1fdc-44f3-8c04-59560bffa6f4,Information Security,IT402,4,78.00,B+,2026-01-18 07:30:33.536782+00,2026-01-18 07:30:33.536782+00
be921854-cf76-4565-b685-bf70cc887612,11d5ab34-1fdc-44f3-8c04-59560bffa6f4,Web Technologies,IT201,2,68.00,B-,2026-01-18 07:30:33.536782+00,2026-01-18 07:30:33.536782+00
6521cf68-2869-4442-8609-40f77b8f21f0,d638a116-2a61-46a0-8310-83393494ba78,Database Systems,IT301,2,52.00,C-,2026-01-18 07:30:33.536782+00,2026-01-18 07:30:33.536782+00
43ef487f-758f-486a-ba60-e543900d6473,d638a116-2a61-46a0-8310-83393494ba78,Information Security,IT402,2,61.00,C+,2026-01-18 07:30:33.536782+00,2026-01-18 07:30:33.536782+00
c90af5ea-b62d-46da-ac60-2215f1dd04e0,d638a116-2a61-46a0-8310-83393494ba78,Web Technologies,IT201,2,54.00,C-,2026-01-18 07:30:33.536782+00,2026-01-18 07:30:33.536782+00
aada2d04-908a-4576-9966-04f2ae0af4f0,d638a116-2a61-46a0-8310-83393494ba78,Cloud Computing,IT401,3,49.00,D,2026-01-18 07:30:33.536782+00,2026-01-18 07:30:33.536782+00
7a3458d0-15ba-455a-85bb-a9970971ec5c,645856dd-f22b-454e-850b-facf74fc8d3f,Web Technologies,IT201,4,72.00,B,2026-01-18 07:30:33.536782+00,2026-01-18 07:30:33.536782+00
7ab20374-271c-4c03-98ea-40bba2759ff0,645856dd-f22b-454e-850b-facf74fc8d3f,Cloud Computing,IT401,3,82.00,A-,2026-01-18 07:30:33.536782+00,2026-01-18 07:30:33.536782+00
b3d9385c-666b-4029-b6bb-f61a545b57d3,645856dd-f22b-454e-850b-facf74fc8d3f,Information Security,IT402,4,49.00,D,2026-01-18 07:30:33.536782+00,2026-01-18 07:30:33.536782+00
4bee203a-97b0-426e-b791-4dd1577bdc66,645856dd-f22b-454e-850b-facf74fc8d3f,Database Systems,IT301,4,68.00,B-,2026-01-18 07:30:33.536782+00,2026-01-18 07:30:33.536782+00
0d4b1598-d80c-425e-905d-3f6b6f2fcfa3,b6a1c785-9356-4f3b-8dde-74dccc379c3b,Cloud Computing,IT401,2,56.00,C,2026-01-18 07:30:33.536782+00,2026-01-18 07:30:33.536782+00
19464748-638b-43ab-839d-bc08bba39ebf,b6a1c785-9356-4f3b-8dde-74dccc379c3b,Database Systems,IT301,3,58.00,C,2026-01-18 07:30:33.536782+00,2026-01-18 07:30:33.536782+00
f224ba62-51f1-4eac-93e7-8d727fd6d97a,b6a1c785-9356-4f3b-8dde-74dccc379c3b,Information Security,IT402,4,57.00,C,2026-01-18 07:30:33.536782+00,2026-01-18 07:30:33.536782+00
448ff879-3c4d-4134-b439-0d87db0839c8,b6a1c785-9356-4f3b-8dde-74dccc379c3b,Web Technologies,IT201,2,54.00,C-,2026-01-18 07:30:33.536782+00,2026-01-18 07:30:33.536782+00
ced4db80-17b9-4a92-840f-2a42951cb2cb,431a3d0b-1d41-42c6-b286-552156952d10,Information Security,IT402,3,63.00,C+,2026-01-18 07:30:33.536782+00,2026-01-18 07:30:33.536782+00
14a06d21-01be-4a7f-a3a3-e51da6778462,431a3d0b-1d41-42c6-b286-552156952d10,Web Technologies,IT201,3,54.00,C-,2026-01-18 07:30:33.536782+00,2026-01-18 07:30:33.536782+00
84373984-4216-4101-b77b-2f3c7ac54acc,431a3d0b-1d41-42c6-b286-552156952d10,Cloud Computing,IT401,3,65.00,B-,2026-01-18 07:30:33.536782+00,2026-01-18 07:30:33.536782+00
e32fb34a-73fb-418e-aff0-73f006effcfb,431a3d0b-1d41-42c6-b286-552156952d10,Database Systems,IT301,4,62.00,C+,2026-01-18 07:30:33.536782+00,2026-01-18 07:30:33.536782+00
c8a5e741-66ea-4e8f-b091-f6c117138a97,b668b8ce-de0d-4d2e-b9f8-12b01f2cc18c,DBMS,CS302,4,59.00,C,2026-01-18 07:30:33.536782+00,2026-01-18 07:30:33.536782+00
794fcc70-7463-4007-b7a2-4a07ab343489,b668b8ce-de0d-4d2e-b9f8-12b01f2cc18c,Data Structures,CS201,4,52.00,C-,2026-01-18 07:30:33.536782+00,2026-01-18 07:30:33.536782+00
360599ae-45d8-4e89-8877-bf322ab4b51e,b668b8ce-de0d-4d2e-b9f8-12b01f2cc18c,Operating Systems,CS301,4,55.00,C,2026-01-18 07:30:33.536782+00,2026-01-18 07:30:33.536782+00
418b1ff3-538a-4dcc-ad0b-f9a81b2ecf0d,b668b8ce-de0d-4d2e-b9f8-12b01f2cc18c,Computer Networks,CS402,3,69.00,B-,2026-01-18 07:30:33.536782+00,2026-01-18 07:30:33.536782+00
fa396e7f-97e5-48f2-838d-3f66f52992c9,a8f59f93-4e44-4706-b938-53d0f2574431,Operating Systems,CS301,3,66.00,B-,2026-01-18 07:30:33.536782+00,2026-01-18 07:30:33.536782+00
c4aa138f-fb03-4569-9820-bcfce0959df0,a8f59f93-4e44-4706-b938-53d0f2574431,Machine Learning,CS401,3,51.00,C-,2026-01-18 07:30:33.536782+00,2026-01-18 07:30:33.536782+00
d546be7f-d715-4d84-a96a-adcfecf445eb,a8f59f93-4e44-4706-b938-53d0f2574431,DBMS,CS302,4,62.00,C+,2026-01-18 07:30:33.536782+00,2026-01-18 07:30:33.536782+00
13e29222-2743-4110-a366-d1a3ca60164c,a8f59f93-4e44-4706-b938-53d0f2574431,Computer Networks,CS402,4,68.00,B-,2026-01-18 07:30:33.536782+00,2026-01-18 07:30:33.536782+00
a742fd0c-fb67-4874-82dc-ae095405584b,ef34f6c9-053f-49f5-b23f-28b9eb719efc,Machine Learning,CS401,4,44.00,D,2026-01-18 07:30:33.536782+00,2026-01-18 07:30:33.536782+00
ae33c3e8-a1fe-4070-a36f-a50952ade59e,ef34f6c9-053f-49f5-b23f-28b9eb719efc,Computer Networks,CS402,2,66.00,B-,2026-01-18 07:30:33.536782+00,2026-01-18 07:30:33.536782+00
5e1ac82a-147d-4b3c-b3ad-a5a66a775049,ef34f6c9-053f-49f5-b23f-28b9eb719efc,Operating Systems,CS301,4,54.00,C-,2026-01-18 07:30:33.536782+00,2026-01-18 07:30:33.536782+00
01e2fae9-fef7-4abb-bf6c-d694fad9fecb,ef34f6c9-053f-49f5-b23f-28b9eb719efc,Data Structures,CS201,3,67.00,B-,2026-01-18 07:30:33.536782+00,2026-01-18 07:30:33.536782+00
b22a454f-c8f3-4fe1-b437-da79d9543d15,fa2d4574-a99a-4f47-a098-c74aab8c7807,Operating Systems,CS301,4,53.00,C-,2026-01-18 07:30:33.536782+00,2026-01-18 07:30:33.536782+00
db9aafa1-dee1-4cfa-9c04-22dd48cf2ebe,fa2d4574-a99a-4f47-a098-c74aab8c7807,Machine Learning,CS401,3,43.00,D,2026-01-18 07:30:33.536782+00,2026-01-18 07:30:33.536782+00
d38e0d2f-597c-48ed-bbef-226692b4aeb5,fa2d4574-a99a-4f47-a098-c74aab8c7807,Data Structures,CS201,4,45.00,D,2026-01-18 07:30:33.536782+00,2026-01-18 07:30:33.536782+00
f20fe4a9-0a13-45e4-848f-e2f847034659,fa2d4574-a99a-4f47-a098-c74aab8c7807,Computer Networks,CS402,3,61.00,C+,2026-01-18 07:30:33.536782+00,2026-01-18 07:30:33.536782+00
65d7a648-4afa-4a22-92ad-5cd02d080606,e253603b-34cc-4eda-ba03-9d41d812b7ff,Machine Learning,CS401,2,64.00,C+,2026-01-18 07:30:33.536782+00,2026-01-18 07:30:33.536782+00
a2763c76-a656-4577-b5ea-b3d0777642b9,e253603b-34cc-4eda-ba03-9d41d812b7ff,Operating Systems,CS301,4,52.00,C-,2026-01-18 07:30:33.536782+00,2026-01-18 07:30:33.536782+00
56e86cde-3cb3-480e-91f7-d637bf7398fa,e253603b-34cc-4eda-ba03-9d41d812b7ff,Computer Networks,CS402,4,67.00,B-,2026-01-18 07:30:33.536782+00,2026-01-18 07:30:33.536782+00
7acb798e-4b6f-4265-bc00-a8194ec77799,e253603b-34cc-4eda-ba03-9d41d812b7ff,Data Structures,CS201,3,44.00,D,2026-01-18 07:30:33.536782+00,2026-01-18 07:30:33.536782+00
c4fe56a4-b13c-4d59-ad5f-d285ba1dad10,f5d9728c-b209-4756-bb12-4d7d3db21b3e,Data Structures,CS201,2,60.00,C+,2026-01-18 07:30:33.536782+00,2026-01-18 07:30:33.536782+00
ae62f712-a92a-4041-af27-d123ccde298c,f5d9728c-b209-4756-bb12-4d7d3db21b3e,Machine Learning,CS401,4,49.00,D,2026-01-18 07:30:33.536782+00,2026-01-18 07:30:33.536782+00
4ee9afb5-6a41-49e3-8e8f-a1c8503801a8,f5d9728c-b209-4756-bb12-4d7d3db21b3e,Computer Networks,CS402,2,54.00,C-,2026-01-18 07:30:33.536782+00,2026-01-18 07:30:33.536782+00
cb47cdaa-98ba-4aa7-b340-705f135aefd5,f5d9728c-b209-4756-bb12-4d7d3db21b3e,Operating Systems,CS301,3,61.00,C+,2026-01-18 07:30:33.536782+00,2026-01-18 07:30:33.536782+00
305f7c85-b05c-4aa7-a39a-02ed022e34b6,5dea8d11-4f5f-44fd-8036-74351d5d3a68,Operating Systems,CS301,3,52.00,C-,2026-01-18 07:30:33.536782+00,2026-01-18 07:30:33.536782+00
04af7e3d-0dcf-4e96-a13d-ef9b1dd29e65,5dea8d11-4f5f-44fd-8036-74351d5d3a68,Data Structures,CS201,4,57.00,C,2026-01-18 07:30:33.536782+00,2026-01-18 07:30:33.536782+00
40d03287-0e74-4ab2-b402-3b67ee12649b,5dea8d11-4f5f-44fd-8036-74351d5d3a68,Computer Networks,CS402,4,71.00,B,2026-01-18 07:30:33.536782+00,2026-01-18 07:30:33.536782+00
dd5d561e-6341-4b15-bf30-a20159d1804e,5dea8d11-4f5f-44fd-8036-74351d5d3a68,DBMS,CS302,3,55.00,C,2026-01-18 07:30:33.536782+00,2026-01-18 07:30:33.536782+00
3cd531da-922b-43a7-ab6f-27aa7cc5489f,803035ed-95d0-418d-9ba2-6c7534ad90c2,Data Structures,CS201,3,69.00,B-,2026-01-18 07:30:33.536782+00,2026-01-18 07:30:33.536782+00
21ac420e-ee90-4d53-b346-4cf9e0169897,803035ed-95d0-418d-9ba2-6c7534ad90c2,DBMS,CS302,4,50.00,C-,2026-01-18 07:30:33.536782+00,2026-01-18 07:30:33.536782+00
ba5cbebf-9130-42c8-b9fe-ce9c09d0f4e5,803035ed-95d0-418d-9ba2-6c7534ad90c2,Machine Learning,CS401,4,66.00,B-,2026-01-18 07:30:33.536782+00,2026-01-18 07:30:33.536782+00
90951faf-37cc-4dcd-acd0-1dc3867f861e,803035ed-95d0-418d-9ba2-6c7534ad90c2,Operating Systems,CS301,3,75.00,B+,2026-01-18 07:30:33.536782+00,2026-01-18 07:30:33.536782+00
22bcbdba-89d3-4f4e-86fd-4f4a109fc5b4,65e5d977-7cfe-46e5-a1ed-93296eadf8a3,Signals and Systems,EC201,4,42.00,D,2026-01-18 07:30:33.536782+00,2026-01-18 07:30:33.536782+00
cdedb409-0460-420c-b0db-8a4124c6eac6,65e5d977-7cfe-46e5-a1ed-93296eadf8a3,VLSI Design,EC302,4,58.00,C,2026-01-18 07:30:33.536782+00,2026-01-18 07:30:33.536782+00
36198f2c-13f8-48b1-a534-9a57691a6950,65e5d977-7cfe-46e5-a1ed-93296eadf8a3,Communication Systems,EC303,3,72.00,B,2026-01-18 07:30:33.536782+00,2026-01-18 07:30:33.536782+00
73bd9173-fb8a-49c4-b8f7-b8f5c1f7cd82,65e5d977-7cfe-46e5-a1ed-93296eadf8a3,Digital Signal Processing,EC301,2,64.00,C+,2026-01-18 07:30:33.536782+00,2026-01-18 07:30:33.536782+00
bb66e590-c7a6-46f3-a567-19755ccf32e5,0c088690-83a2-464e-95ba-07a3322837c1,Signals and Systems,EC201,3,70.00,B,2026-01-18 07:30:33.536782+00,2026-01-18 07:30:33.536782+00
4fdd9352-5a4e-4dbb-8434-c21f4e287fae,0c088690-83a2-464e-95ba-07a3322837c1,Digital Signal Processing,EC301,2,60.00,C+,2026-01-18 07:30:33.536782+00,2026-01-18 07:30:33.536782+00
28f4f963-0d69-463e-88c3-50062171eb85,0c088690-83a2-464e-95ba-07a3322837c1,Communication Systems,EC303,4,67.00,B-,2026-01-18 07:30:33.536782+00,2026-01-18 07:30:33.536782+00
5122fc96-6790-47cb-afd6-c5739a036a80,0c088690-83a2-464e-95ba-07a3322837c1,VLSI Design,EC302,3,65.00,B-,2026-01-18 07:30:33.536782+00,2026-01-18 07:30:33.536782+00
4d956e7b-6e3a-40e5-aecf-1aa4ae2bede7,62e891e5-1c98-46fc-90f3-c292debe4960,Signals and Systems,EC201,3,78.00,B+,2026-01-18 07:30:33.536782+00,2026-01-18 07:30:33.536782+00
114394c1-70a2-4aeb-bab7-0fefec2468ad,62e891e5-1c98-46fc-90f3-c292debe4960,Communication Systems,EC303,3,69.00,B-,2026-01-18 07:30:33.536782+00,2026-01-18 07:30:33.536782+00
24925d77-322a-42fb-a6a5-2c5b91aeac4a,62e891e5-1c98-46fc-90f3-c292debe4960,Digital Signal Processing,EC301,3,70.00,B,2026-01-18 07:30:33.536782+00,2026-01-18 07:30:33.536782+00
14e0e21c-d6ff-4e99-8074-056b10f66a1e,62e891e5-1c98-46fc-90f3-c292debe4960,VLSI Design,EC302,3,62.00,C+,2026-01-18 07:30:33.536782+00,2026-01-18 07:30:33.536782+00
68a0771a-c644-4630-b1ca-de7c8829240b,ebf284ab-b1d0-4d44-bd09-cdc913d15910,Digital Signal Processing,EC301,2,61.00,C+,2026-01-18 07:30:33.536782+00,2026-01-18 07:30:33.536782+00
cdd0f94a-c75f-4e7e-aa33-2fda19177074,ebf284ab-b1d0-4d44-bd09-cdc913d15910,Signals and Systems,EC201,2,62.00,C+,2026-01-18 07:30:33.536782+00,2026-01-18 07:30:33.536782+00
8178c706-d006-47bd-bdbf-358c1d5cf081,ebf284ab-b1d0-4d44-bd09-cdc913d15910,Communication Systems,EC303,2,70.00,B,2026-01-18 07:30:33.536782+00,2026-01-18 07:30:33.536782+00
473100c6-6e78-4ade-a9a2-95a76b1be2cf,ebf284ab-b1d0-4d44-bd09-cdc913d15910,VLSI Design,EC302,4,62.00,C+,2026-01-18 07:30:33.536782+00,2026-01-18 07:30:33.536782+00
8858c084-9ce6-4880-81f1-354c822b7edb,248a62c3-2b3c-42e8-8880-17514535aa00,Communication Systems,EC303,4,69.00,B-,2026-01-18 07:30:33.536782+00,2026-01-18 07:30:33.536782+00
316e5764-ed05-41fa-8d18-037351cf7369,248a62c3-2b3c-42e8-8880-17514535aa00,VLSI Design,EC302,2,87.00,A,2026-01-18 07:30:33.536782+00,2026-01-18 07:30:33.536782+00
384701d9-8ed2-416d-bc1e-60c4b8a2d267,248a62c3-2b3c-42e8-8880-17514535aa00,Signals and Systems,EC201,2,75.00,B+,2026-01-18 07:30:33.536782+00,2026-01-18 07:30:33.536782+00
5956e703-ea36-498e-9722-55efe75b0836,248a62c3-2b3c-42e8-8880-17514535aa00,Digital Signal Processing,EC301,3,63.00,C+,2026-01-18 07:30:33.536782+00,2026-01-18 07:30:33.536782+00
cfee9098-b92d-43d2-a327-81be93b2af4d,1f1e0a58-f466-4b33-9795-dc5466ed7902,VLSI Design,EC302,3,78.00,B+,2026-01-18 07:30:33.536782+00,2026-01-18 07:30:33.536782+00
6ececd22-656d-40d6-9871-345c3122244b,1f1e0a58-f466-4b33-9795-dc5466ed7902,Digital Signal Processing,EC301,3,62.00,C+,2026-01-18 07:30:33.536782+00,2026-01-18 07:30:33.536782+00
03f55812-cfeb-4023-97f3-547254e0a25a,1f1e0a58-f466-4b33-9795-dc5466ed7902,Communication Systems,EC303,4,46.00,D,2026-01-18 07:30:33.536782+00,2026-01-18 07:30:33.536782+00
1dee1b3b-f60d-41f8-8c28-025ed015c6ee,1f1e0a58-f466-4b33-9795-dc5466ed7902,Signals and Systems,EC201,4,56.00,C,2026-01-18 07:30:33.536782+00,2026-01-18 07:30:33.536782+00
8e42013e-272d-45e2-8e31-9702557488ff,0e933468-7dd7-4b17-812b-7a579ed41608,Digital Signal Processing,EC301,4,48.00,D,2026-01-18 07:30:33.536782+00,2026-01-18 07:30:33.536782+00
d6c9a735-dad5-452b-8382-ccf6778c0518,0e933468-7dd7-4b17-812b-7a579ed41608,Signals and Systems,EC201,3,63.00,C+,2026-01-18 07:30:33.536782+00,2026-01-18 07:30:33.536782+00
eb14e833-7852-4742-84ca-876efebe6ebc,0e933468-7dd7-4b17-812b-7a579ed41608,Communication Systems,EC303,4,66.00,B-,2026-01-18 07:30:33.536782+00,2026-01-18 07:30:33.536782+00
1242589a-e69f-4dfb-acd1-b18d1357057a,0e933468-7dd7-4b17-812b-7a579ed41608,VLSI Design,EC302,3,83.00,A-,2026-01-18 07:30:33.536782+00,2026-01-18 07:30:33.536782+00
3b2227f6-6b9e-4b8d-a539-3cb8cd9d76a1,c4572d04-8209-41cb-94c5-e66f8d72938a,VLSI Design,EC302,3,70.00,B,2026-01-18 07:30:33.536782+00,2026-01-18 07:30:33.536782+00
db323577-a153-468c-8204-6eed97ae0acc,c4572d04-8209-41cb-94c5-e66f8d72938a,Digital Signal Processing,EC301,3,64.00,C+,2026-01-18 07:30:33.536782+00,2026-01-18 07:30:33.536782+00
d6e2f424-ed59-46ba-a462-d1d7b454f5cb,c4572d04-8209-41cb-94c5-e66f8d72938a,Communication Systems,EC303,2,75.00,B+,2026-01-18 07:30:33.536782+00,2026-01-18 07:30:33.536782+00
ffad693d-83e0-41cc-84d0-980eb17b0650,c4572d04-8209-41cb-94c5-e66f8d72938a,Signals and Systems,EC201,2,44.00,D,2026-01-18 07:30:33.536782+00,2026-01-18 07:30:33.536782+00
2b2bc2bc-814a-4cc9-bca9-7229ca1524df,944180ef-b4a7-4cc5-b8a7-01d3e20f3fc9,Communication Systems,EC303,4,64.00,C+,2026-01-18 07:30:33.536782+00,2026-01-18 07:30:33.536782+00
896b1d90-3735-49e9-98e6-bd0f2ca41b90,944180ef-b4a7-4cc5-b8a7-01d3e20f3fc9,VLSI Design,EC302,3,69.00,B-,2026-01-18 07:30:33.536782+00,2026-01-18 07:30:33.536782+00
2d9c23a1-b60e-4508-abe5-d2c7264b5f1d,944180ef-b4a7-4cc5-b8a7-01d3e20f3fc9,Digital Signal Processing,EC301,2,47.00,D,2026-01-18 07:30:33.536782+00,2026-01-18 07:30:33.536782+00
d99103d3-5be5-4c7a-b69e-ffea0ea2237a,944180ef-b4a7-4cc5-b8a7-01d3e20f3fc9,Signals and Systems,EC201,4,73.00,B,2026-01-18 07:30:33.536782+00,2026-01-18 07:30:33.536782+00
ec658e27-7a96-4f20-a0f3-560b287b1067,d841c557-b229-4b2f-bc9e-11260f7edabe,Communication Systems,EC303,4,65.00,B-,2026-01-18 07:30:33.536782+00,2026-01-18 07:30:33.536782+00
2f55549d-701a-41af-9641-21ab8e56b28d,d841c557-b229-4b2f-bc9e-11260f7edabe,Digital Signal Processing,EC301,4,57.00,C,2026-01-18 07:30:33.536782+00,2026-01-18 07:30:33.536782+00
cc3e57f6-795e-4bb6-94ee-5efd93380a1a,d841c557-b229-4b2f-bc9e-11260f7edabe,Signals and Systems,EC201,3,68.00,B-,2026-01-18 07:30:33.536782+00,2026-01-18 07:30:33.536782+00
6a5a1428-d2ac-4137-b46d-35721c25edbf,d841c557-b229-4b2f-bc9e-11260f7edabe,VLSI Design,EC302,3,84.00,A-,2026-01-18 07:30:33.536782+00,2026-01-18 07:30:33.536782+00
54ae2c91-c285-40df-a013-df8103a263e9,98812ecb-6120-48f1-beaf-c2f06ef32ec2,Digital Signal Processing,EC301,4,63.00,C+,2026-01-18 07:30:33.536782+00,2026-01-18 07:30:33.536782+00
b4f43693-aac3-4811-b13b-6a3fbdcdd36d,98812ecb-6120-48f1-beaf-c2f06ef32ec2,VLSI Design,EC302,2,64.00,C+,2026-01-18 07:30:33.536782+00,2026-01-18 07:30:33.536782+00
668effd4-8ee2-4329-893f-5add9d6cbec7,98812ecb-6120-48f1-beaf-c2f06ef32ec2,Communication Systems,EC303,4,57.00,C,2026-01-18 07:30:33.536782+00,2026-01-18 07:30:33.536782+00
abee50ff-06bc-4b9b-8b43-e7d5e497c2be,98812ecb-6120-48f1-beaf-c2f06ef32ec2,Signals and Systems,EC201,3,53.00,C-,2026-01-18 07:30:33.536782+00,2026-01-18 07:30:33.536782+00
fb8cf1f0-9c54-4e7e-b05c-6760bef151e8,dd45e3cd-7dee-4be6-b001-3c9d48f21cc6,Digital Signal Processing,EC301,3,70.00,B,2026-01-18 07:30:33.536782+00,2026-01-18 07:30:33.536782+00
46a13a98-96d0-4008-abe2-4d686d9d0a46,dd45e3cd-7dee-4be6-b001-3c9d48f21cc6,VLSI Design,EC302,3,53.00,C-,2026-01-18 07:30:33.536782+00,2026-01-18 07:30:33.536782+00
2929bd58-224f-4501-904b-fe4f50a31ef0,dd45e3cd-7dee-4be6-b001-3c9d48f21cc6,Signals and Systems,EC201,2,62.00,C+,2026-01-18 07:30:33.536782+00,2026-01-18 07:30:33.536782+00
84b69f80-6a96-4d45-ba35-26642a278b05,dd45e3cd-7dee-4be6-b001-3c9d48f21cc6,Communication Systems,EC303,4,57.00,C,2026-01-18 07:30:33.536782+00,2026-01-18 07:30:33.536782+00
c4eb8f2c-50f3-419d-a13c-0766d432eafd,e3aad500-f56e-49d9-94f1-7bc90bc30105,VLSI Design,EC302,3,66.00,B-,2026-01-18 07:30:33.536782+00,2026-01-18 07:30:33.536782+00
731afab4-299f-46c6-bf1f-534b91398d7c,e3aad500-f56e-49d9-94f1-7bc90bc30105,Communication Systems,EC303,3,65.00,B-,2026-01-18 07:30:33.536782+00,2026-01-18 07:30:33.536782+00
03fa702a-bf55-4859-a78d-8bc0baca25f3,e3aad500-f56e-49d9-94f1-7bc90bc30105,Signals and Systems,EC201,4,72.00,B,2026-01-18 07:30:33.536782+00,2026-01-18 07:30:33.536782+00
ccd30a7c-31af-4635-8afd-7eec9ee3de41,e3aad500-f56e-49d9-94f1-7bc90bc30105,Digital Signal Processing,EC301,3,56.00,C,2026-01-18 07:30:33.536782+00,2026-01-18 07:30:33.536782+00
f711e5f3-712b-49e0-aaae-db20f24845fe,f70474bf-a0d4-4967-9b38-444c463a2171,Digital Signal Processing,EC301,4,59.00,C,2026-01-18 07:30:33.536782+00,2026-01-18 07:30:33.536782+00
18dd9335-7d0a-42d3-b654-1c3bdc1e1463,f70474bf-a0d4-4967-9b38-444c463a2171,Signals and Systems,EC201,4,52.00,C-,2026-01-18 07:30:33.536782+00,2026-01-18 07:30:33.536782+00
6cae0b1a-acf5-4554-96b6-d67c558ecb41,f70474bf-a0d4-4967-9b38-444c463a2171,VLSI Design,EC302,3,57.00,C,2026-01-18 07:30:33.536782+00,2026-01-18 07:30:33.536782+00
662fddb3-11dc-48c8-9697-04eb8a3ea88c,f70474bf-a0d4-4967-9b38-444c463a2171,Communication Systems,EC303,2,65.00,B-,2026-01-18 07:30:33.536782+00,2026-01-18 07:30:33.536782+00
1e3c1bd1-2a44-4446-ab21-412034d7c73c,df335cf3-3140-4e0c-8c82-d5f1cdf66bb9,VLSI Design,EC302,2,69.00,B-,2026-01-18 07:30:33.536782+00,2026-01-18 07:30:33.536782+00
8cdd4231-1582-4ed4-b30d-038e539fcc6a,df335cf3-3140-4e0c-8c82-d5f1cdf66bb9,Digital Signal Processing,EC301,3,52.00,C-,2026-01-18 07:30:33.536782+00,2026-01-18 07:30:33.536782+00
59a77ed4-66a8-456c-88d0-433e03da63f8,df335cf3-3140-4e0c-8c82-d5f1cdf66bb9,Communication Systems,EC303,2,70.00,B,2026-01-18 07:30:33.536782+00,2026-01-18 07:30:33.536782+00
eec50f44-6559-4a41-aead-cc6c540ab12b,df335cf3-3140-4e0c-8c82-d5f1cdf66bb9,Signals and Systems,EC201,2,75.00,B+,2026-01-18 07:30:33.536782+00,2026-01-18 07:30:33.536782+00
15a64c70-b548-4252-b218-1a4ba93563d3,2a86588e-f6a1-4aba-a581-115fe3db337b,Digital Signal Processing,EC301,2,65.00,B-,2026-01-18 07:30:33.536782+00,2026-01-18 07:30:33.536782+00
bb298d7d-ed35-46c7-9bac-b97477d33643,2a86588e-f6a1-4aba-a581-115fe3db337b,VLSI Design,EC302,3,80.00,A-,2026-01-18 07:30:33.536782+00,2026-01-18 07:30:33.536782+00
95815fae-5395-4a48-a77a-6b5f372857a2,2a86588e-f6a1-4aba-a581-115fe3db337b,Communication Systems,EC303,2,54.00,C-,2026-01-18 07:30:33.536782+00,2026-01-18 07:30:33.536782+00
fe0dce36-23aa-4b0c-97ff-ff4c53e74250,2a86588e-f6a1-4aba-a581-115fe3db337b,Signals and Systems,EC201,3,49.00,D,2026-01-18 07:30:33.536782+00,2026-01-18 07:30:33.536782+00
b0a3aef6-2d72-41ee-9af6-8854b39039e4,c6bea972-6b84-4bd9-b055-193273519851,Computer Networks,CS402,4,42.00,D,2026-01-18 07:30:33.536782+00,2026-01-18 07:30:33.536782+00
ce54db58-1925-44c6-93b2-ed4c33b562f9,c6bea972-6b84-4bd9-b055-193273519851,Data Structures,CS201,4,74.00,B,2026-01-18 07:30:33.536782+00,2026-01-18 07:30:33.536782+00
521e2832-261b-40f8-871d-98b6bd2073b2,c6bea972-6b84-4bd9-b055-193273519851,Operating Systems,CS301,4,66.00,B-,2026-01-18 07:30:33.536782+00,2026-01-18 07:30:33.536782+00
8c8be106-cc26-456a-b278-bcedf631c6a6,c6bea972-6b84-4bd9-b055-193273519851,DBMS,CS302,3,59.00,C,2026-01-18 07:30:33.536782+00,2026-01-18 07:30:33.536782+00
85cf53df-5a53-4358-a530-96adcb220f71,52fe5423-316f-4eef-bddf-1734e793b5c9,Computer Networks,CS402,2,62.00,C+,2026-01-18 07:30:33.536782+00,2026-01-18 07:30:33.536782+00
3af788dd-38fe-40c4-888f-d855e0e40d0d,52fe5423-316f-4eef-bddf-1734e793b5c9,Machine Learning,CS401,4,48.00,D,2026-01-18 07:30:33.536782+00,2026-01-18 07:30:33.536782+00
9644d65f-1821-4843-840e-33f4fa1b7a2f,52fe5423-316f-4eef-bddf-1734e793b5c9,DBMS,CS302,2,84.00,A-,2026-01-18 07:30:33.536782+00,2026-01-18 07:30:33.536782+00
024132ac-85c3-413f-bec2-617a14f303d5,52fe5423-316f-4eef-bddf-1734e793b5c9,Operating Systems,CS301,3,61.00,C+,2026-01-18 07:30:33.536782+00,2026-01-18 07:30:33.536782+00
41b72e79-70af-4e2a-a316-177bb196792a,aeeee6d8-11b1-4771-bf21-ce47e13d035d,Data Structures,CS201,4,60.00,C+,2026-01-18 07:30:33.536782+00,2026-01-18 07:30:33.536782+00
0a912005-3254-444a-9f9f-bd617e976cba,aeeee6d8-11b1-4771-bf21-ce47e13d035d,DBMS,CS302,2,67.00,B-,2026-01-18 07:30:33.536782+00,2026-01-18 07:30:33.536782+00
d5cf1596-2ade-4829-89e4-85ced7a2d663,aeeee6d8-11b1-4771-bf21-ce47e13d035d,Machine Learning,CS401,4,64.00,C+,2026-01-18 07:30:33.536782+00,2026-01-18 07:30:33.536782+00
efebf95a-e547-44a2-bb7d-be720e63a056,aeeee6d8-11b1-4771-bf21-ce47e13d035d,Computer Networks,CS402,3,62.00,C+,2026-01-18 07:30:33.536782+00,2026-01-18 07:30:33.536782+00
f794c58f-dcfe-476e-9187-b6688dbaeaa6,fed64d95-682e-41af-9b75-d8e4897cee46,DBMS,CS302,2,51.00,C-,2026-01-18 07:30:33.536782+00,2026-01-18 07:30:33.536782+00
ca666c70-7b54-421e-9032-fe16668d152a,fed64d95-682e-41af-9b75-d8e4897cee46,Machine Learning,CS401,2,64.00,C+,2026-01-18 07:30:33.536782+00,2026-01-18 07:30:33.536782+00
6dd029f7-4ad9-47fc-a6d7-c88b32b719e4,fed64d95-682e-41af-9b75-d8e4897cee46,Data Structures,CS201,3,78.00,B+,2026-01-18 07:30:33.536782+00,2026-01-18 07:30:33.536782+00
a039c7d9-d677-491b-9703-52ad94703e07,fed64d95-682e-41af-9b75-d8e4897cee46,Computer Networks,CS402,3,73.00,B,2026-01-18 07:30:33.536782+00,2026-01-18 07:30:33.536782+00
109fd193-549c-4677-9ea3-0ad120d98995,b96fd71f-6632-42d8-b950-0af145874131,Data Structures,CS201,3,75.00,B+,2026-01-18 07:30:33.536782+00,2026-01-18 07:30:33.536782+00
dc0fd2b0-ac93-4247-84d4-1710c9ab4f72,b96fd71f-6632-42d8-b950-0af145874131,Computer Networks,CS402,3,54.00,C-,2026-01-18 07:30:33.536782+00,2026-01-18 07:30:33.536782+00
9ea047b8-df53-4420-aa0b-d7e5f2d8829b,b96fd71f-6632-42d8-b950-0af145874131,Machine Learning,CS401,3,49.00,D,2026-01-18 07:30:33.536782+00,2026-01-18 07:30:33.536782+00
af82e5fb-c64e-4ff0-aca0-31b925c8f7d3,b96fd71f-6632-42d8-b950-0af145874131,DBMS,CS302,4,58.00,C,2026-01-18 07:30:33.536782+00,2026-01-18 07:30:33.536782+00
70a4df2e-5d82-46b9-9336-d23c7ded6aae,fecd2605-872d-4749-869e-d1dde0fcd5a7,Computer Networks,CS402,3,60.00,C+,2026-01-18 07:30:33.536782+00,2026-01-18 07:30:33.536782+00
4a17bd38-b526-46b0-8bbe-2d2aa0ce17f1,fecd2605-872d-4749-869e-d1dde0fcd5a7,Machine Learning,CS401,4,70.00,B,2026-01-18 07:30:33.536782+00,2026-01-18 07:30:33.536782+00
78c417e6-3680-4cd0-9ef9-a461286296ba,fecd2605-872d-4749-869e-d1dde0fcd5a7,DBMS,CS302,2,42.00,D,2026-01-18 07:30:33.536782+00,2026-01-18 07:30:33.536782+00
e4aa9185-624b-4828-a78c-04c048eb45c3,fecd2605-872d-4749-869e-d1dde0fcd5a7,Data Structures,CS201,3,75.00,B+,2026-01-18 07:30:33.536782+00,2026-01-18 07:30:33.536782+00
0cb0ce12-4672-42f4-a9ae-9d4a53c9e553,ebe2b377-c76c-48c6-9bd4-a4e67d850115,Computer Networks,CS402,4,58.00,C,2026-01-18 07:30:33.536782+00,2026-01-18 07:30:33.536782+00
5b11cd5e-de89-44ef-898f-3252e2d6ab21,ebe2b377-c76c-48c6-9bd4-a4e67d850115,Machine Learning,CS401,3,55.00,C,2026-01-18 07:30:33.536782+00,2026-01-18 07:30:33.536782+00
b3bb52e7-8334-4efa-a733-9f3d5d3fd7b9,ebe2b377-c76c-48c6-9bd4-a4e67d850115,Operating Systems,CS301,2,49.00,D,2026-01-18 07:30:33.536782+00,2026-01-18 07:30:33.536782+00
c1e7c877-747b-4953-81f1-19f60fba39f5,ebe2b377-c76c-48c6-9bd4-a4e67d850115,Data Structures,CS201,3,43.00,D,2026-01-18 07:30:33.536782+00,2026-01-18 07:30:33.536782+00
48bf63df-fa89-4424-9805-f0cdbdc4c3ad,192bc4dd-7125-491c-b716-fe50613aad94,Machine Learning,CS401,4,68.00,B-,2026-01-18 07:30:33.536782+00,2026-01-18 07:30:33.536782+00
39af6da3-ad3e-4299-9d36-0ba25e2d5a21,192bc4dd-7125-491c-b716-fe50613aad94,Operating Systems,CS301,3,60.00,C+,2026-01-18 07:30:33.536782+00,2026-01-18 07:30:33.536782+00
26bf7d77-1e73-4f63-b532-00a4f11e6c25,192bc4dd-7125-491c-b716-fe50613aad94,Computer Networks,CS402,4,46.00,D,2026-01-18 07:30:33.536782+00,2026-01-18 07:30:33.536782+00
74a929e8-1705-4e62-ad11-2bb7be6ec43a,192bc4dd-7125-491c-b716-fe50613aad94,Data Structures,CS201,4,46.00,D,2026-01-18 07:30:33.536782+00,2026-01-18 07:30:33.536782+00
c783e926-5d60-4660-8b94-42926e5b8cae,195a16cf-413d-4f8e-8b7a-966a6258a4e2,DBMS,CS302,2,67.00,B-,2026-01-18 07:30:33.536782+00,2026-01-18 07:30:33.536782+00
cf7b07cb-ad6d-4ae1-acc5-b21fccf310f3,195a16cf-413d-4f8e-8b7a-966a6258a4e2,Data Structures,CS201,2,88.00,A,2026-01-18 07:30:33.536782+00,2026-01-18 07:30:33.536782+00
68a45fe5-c205-4ef1-a766-7cd842999ec8,195a16cf-413d-4f8e-8b7a-966a6258a4e2,Operating Systems,CS301,3,68.00,B-,2026-01-18 07:30:33.536782+00,2026-01-18 07:30:33.536782+00
287e4b37-5491-4dc1-872b-214e87baa5c5,195a16cf-413d-4f8e-8b7a-966a6258a4e2,Computer Networks,CS402,2,56.00,C,2026-01-18 07:30:33.536782+00,2026-01-18 07:30:33.536782+00
91d502a0-eb91-4917-874c-7fb348c2119d,96a59a08-486a-4e18-b1e1-5201330f0c7a,Operating Systems,CS301,2,68.00,B-,2026-01-18 07:30:33.536782+00,2026-01-18 07:30:33.536782+00
f953b142-6403-4362-ab6d-ba98dc7da4dc,96a59a08-486a-4e18-b1e1-5201330f0c7a,Data Structures,CS201,2,68.00,B-,2026-01-18 07:30:33.536782+00,2026-01-18 07:30:33.536782+00
f8391018-672a-46af-b6f6-3777af471a5e,96a59a08-486a-4e18-b1e1-5201330f0c7a,Machine Learning,CS401,4,44.00,D,2026-01-18 07:30:33.536782+00,2026-01-18 07:30:33.536782+00
ddc09539-3622-4587-b673-8a25c1de0d0a,96a59a08-486a-4e18-b1e1-5201330f0c7a,Computer Networks,CS402,2,70.00,B,2026-01-18 07:30:33.536782+00,2026-01-18 07:30:33.536782+00
3ebc7753-a931-4169-97cc-233fa0c656f1,3517a612-ceb7-4d96-8617-c520bf6022f3,Data Structures,CS201,2,69.00,B-,2026-01-18 07:30:33.536782+00,2026-01-18 07:30:33.536782+00
b37cc55e-0340-4ee7-a2a2-062022e86e39,3517a612-ceb7-4d96-8617-c520bf6022f3,Operating Systems,CS301,3,78.00,B+,2026-01-18 07:30:33.536782+00,2026-01-18 07:30:33.536782+00
c47a59f9-4bd5-4d9f-a6b7-190d3c4787e8,3517a612-ceb7-4d96-8617-c520bf6022f3,DBMS,CS302,2,89.00,A,2026-01-18 07:30:33.536782+00,2026-01-18 07:30:33.536782+00
6078804f-08d5-4d1f-a8e9-1afb2ab459f6,3517a612-ceb7-4d96-8617-c520bf6022f3,Computer Networks,CS402,4,82.00,A-,2026-01-18 07:30:33.536782+00,2026-01-18 07:30:33.536782+00
c7ef394e-8fdf-4cff-a018-e76367320cb6,3d90b588-8597-4bab-b749-7b2b92a1b2c2,Data Structures,CS201,4,68.00,B-,2026-01-18 07:30:33.536782+00,2026-01-18 07:30:33.536782+00
a03587e7-dbfa-4f22-b156-5a9af6975f4a,3d90b588-8597-4bab-b749-7b2b92a1b2c2,DBMS,CS302,3,60.00,C+,2026-01-18 07:30:33.536782+00,2026-01-18 07:30:33.536782+00
320fa1ec-e428-4a0f-8b21-456ee23c8267,3d90b588-8597-4bab-b749-7b2b92a1b2c2,Computer Networks,CS402,2,97.00,A+,2026-01-18 07:30:33.536782+00,2026-01-18 07:30:33.536782+00
6f2fb19d-92ed-42af-9289-a12a09c077ef,3d90b588-8597-4bab-b749-7b2b92a1b2c2,Machine Learning,CS401,2,71.00,B,2026-01-18 07:30:33.536782+00,2026-01-18 07:30:33.536782+00
3133e038-51f5-42d5-9e58-8baffa656267,ee76f3c8-8696-429c-9f10-08a3450fcc2b,Data Structures,CS201,2,71.00,B,2026-01-18 07:30:33.536782+00,2026-01-18 07:30:33.536782+00
7abf1728-89b2-45a8-bae0-76c37f27b58b,ee76f3c8-8696-429c-9f10-08a3450fcc2b,Operating Systems,CS301,4,71.00,B,2026-01-18 07:30:33.536782+00,2026-01-18 07:30:33.536782+00
ad91105e-80ee-45b7-970d-d817d3bbb26e,ee76f3c8-8696-429c-9f10-08a3450fcc2b,Computer Networks,CS402,3,73.00,B,2026-01-18 07:30:33.536782+00,2026-01-18 07:30:33.536782+00
d8f78260-034c-46c9-859b-c035b68fe21a,ee76f3c8-8696-429c-9f10-08a3450fcc2b,Machine Learning,CS401,2,69.00,B-,2026-01-18 07:30:33.536782+00,2026-01-18 07:30:33.536782+00
67ae8092-4db8-45e1-91f9-ca3577c4bee1,35f72c07-dea7-49d0-a128-b94e8905d57a,Operating Systems,CS301,4,65.00,B-,2026-01-18 07:30:33.536782+00,2026-01-18 07:30:33.536782+00
7b3c0863-1042-407c-8cf3-5d8fc1e323d0,35f72c07-dea7-49d0-a128-b94e8905d57a,DBMS,CS302,3,65.00,B-,2026-01-18 07:30:33.536782+00,2026-01-18 07:30:33.536782+00
7ca43412-1dd4-4468-9f86-fd2361a34c5a,35f72c07-dea7-49d0-a128-b94e8905d57a,Data Structures,CS201,4,71.00,B,2026-01-18 07:30:33.536782+00,2026-01-18 07:30:33.536782+00
547ef61f-79ee-401c-b435-3e0bca0c2797,35f72c07-dea7-49d0-a128-b94e8905d57a,Machine Learning,CS401,2,65.00,B-,2026-01-18 07:30:33.536782+00,2026-01-18 07:30:33.536782+00
2141d961-3395-4930-ad72-c353156bce00,41b1ef46-4da5-46f0-9074-5ec0b419c293,Data Structures,CS201,4,64.00,C+,2026-01-18 07:30:33.536782+00,2026-01-18 07:30:33.536782+00
9f1794c4-7475-4c1c-9c48-ec1f976b4052,41b1ef46-4da5-46f0-9074-5ec0b419c293,Machine Learning,CS401,4,72.00,B,2026-01-18 07:30:33.536782+00,2026-01-18 07:30:33.536782+00
0806202a-5302-4dbf-ad5f-f35f3b435436,41b1ef46-4da5-46f0-9074-5ec0b419c293,Operating Systems,CS301,2,68.00,B-,2026-01-18 07:30:33.536782+00,2026-01-18 07:30:33.536782+00
a4018c89-58a2-4be7-b68d-e0b7398648ea,41b1ef46-4da5-46f0-9074-5ec0b419c293,DBMS,CS302,3,86.00,A,2026-01-18 07:30:33.536782+00,2026-01-18 07:30:33.536782+00
feb9ab3a-af28-4618-92b2-d7677481f66c,c9513bc0-8e68-4211-9a85-845a434ddca9,Computer Networks,CS402,4,44.00,D,2026-01-18 07:30:33.536782+00,2026-01-18 07:30:33.536782+00
0c013775-c532-47dc-adad-b1780cc4af8a,c9513bc0-8e68-4211-9a85-845a434ddca9,Operating Systems,CS301,4,82.00,A-,2026-01-18 07:30:33.536782+00,2026-01-18 07:30:33.536782+00
0681c112-4e73-45b3-a3dd-0abeb92f81be,c9513bc0-8e68-4211-9a85-845a434ddca9,DBMS,CS302,4,83.00,A-,2026-01-18 07:30:33.536782+00,2026-01-18 07:30:33.536782+00
9c2cb2d4-ffe4-4350-be1f-ba457acd1092,c9513bc0-8e68-4211-9a85-845a434ddca9,Data Structures,CS201,3,50.00,C-,2026-01-18 07:30:33.536782+00,2026-01-18 07:30:33.536782+00
4e9780ea-66af-4feb-8a7c-a6ae66020af1,662894ab-06dc-4296-b703-59ad9f27ec22,Communication Systems,EC303,3,61.00,C+,2026-01-18 07:30:33.536782+00,2026-01-18 07:30:33.536782+00
2f9b58c3-46d1-424a-b712-e197d4760eee,662894ab-06dc-4296-b703-59ad9f27ec22,VLSI Design,EC302,3,60.00,C+,2026-01-18 07:30:33.536782+00,2026-01-18 07:30:33.536782+00
27eb8306-7d57-4c74-8a44-f4385ad4ee50,662894ab-06dc-4296-b703-59ad9f27ec22,Signals and Systems,EC201,3,50.00,C-,2026-01-18 07:30:33.536782+00,2026-01-18 07:30:33.536782+00
6c3058d3-0632-460b-8c13-8716213a7964,662894ab-06dc-4296-b703-59ad9f27ec22,Digital Signal Processing,EC301,4,56.00,C,2026-01-18 07:30:33.536782+00,2026-01-18 07:30:33.536782+00
d5a178fb-427c-4f4f-9a5f-a715cd065a98,c04f0593-209e-4856-becf-10e2249ac64e,Signals and Systems,EC201,2,53.00,C-,2026-01-18 07:30:33.536782+00,2026-01-18 07:30:33.536782+00
0e9d91ed-627d-4fb2-bfce-5ab9e3ec5c10,c04f0593-209e-4856-becf-10e2249ac64e,Digital Signal Processing,EC301,3,82.00,A-,2026-01-18 07:30:33.536782+00,2026-01-18 07:30:33.536782+00
15ed34fa-6708-47b7-a607-38f5709fcb90,c04f0593-209e-4856-becf-10e2249ac64e,VLSI Design,EC302,4,73.00,B,2026-01-18 07:30:33.536782+00,2026-01-18 07:30:33.536782+00
426af5a1-a822-4d62-ad3a-58fa43c0d33d,c04f0593-209e-4856-becf-10e2249ac64e,Communication Systems,EC303,2,77.00,B+,2026-01-18 07:30:33.536782+00,2026-01-18 07:30:33.536782+00
77dfa7e3-d6a2-4c99-bb9e-e51649556461,b04960c3-a6f4-4dc0-bb7c-8c41cbf762e2,Signals and Systems,EC201,3,71.00,B,2026-01-18 07:30:33.536782+00,2026-01-18 07:30:33.536782+00
9fe1422c-43a9-427e-9fda-da5dbc382773,b04960c3-a6f4-4dc0-bb7c-8c41cbf762e2,Communication Systems,EC303,4,53.00,C-,2026-01-18 07:30:33.536782+00,2026-01-18 07:30:33.536782+00
06be72fb-56e2-4aba-b949-22a810a7a8b8,b04960c3-a6f4-4dc0-bb7c-8c41cbf762e2,Digital Signal Processing,EC301,4,59.00,C,2026-01-18 07:30:33.536782+00,2026-01-18 07:30:33.536782+00
278e2880-8150-424b-bd0a-7f8b3b4d5b0e,b04960c3-a6f4-4dc0-bb7c-8c41cbf762e2,VLSI Design,EC302,3,69.00,B-,2026-01-18 07:30:33.536782+00,2026-01-18 07:30:33.536782+00
8ef76a09-c474-4da9-89f0-63d0f10f67f0,8a98b868-a18e-4a47-9407-78a607bfd7f1,Communication Systems,EC303,4,52.00,C-,2026-01-18 07:30:33.536782+00,2026-01-18 07:30:33.536782+00
fa701729-6bb8-4327-890c-d3c127564fe0,8a98b868-a18e-4a47-9407-78a607bfd7f1,VLSI Design,EC302,2,71.00,B,2026-01-18 07:30:33.536782+00,2026-01-18 07:30:33.536782+00
0b2be8ee-dcca-413a-85d8-5d8cf07db7c5,8a98b868-a18e-4a47-9407-78a607bfd7f1,Digital Signal Processing,EC301,4,62.00,C+,2026-01-18 07:30:33.536782+00,2026-01-18 07:30:33.536782+00
5d694f0b-82fc-4357-9ab2-c8d4d7f3b70d,8a98b868-a18e-4a47-9407-78a607bfd7f1,Signals and Systems,EC201,4,60.00,C+,2026-01-18 07:30:33.536782+00,2026-01-18 07:30:33.536782+00
c61e9a53-e5cc-49dc-9aec-534d7e13fabc,65bacd76-6bb6-473a-aaad-b87a81a681df,Digital Signal Processing,EC301,3,71.00,B,2026-01-18 07:30:33.536782+00,2026-01-18 07:30:33.536782+00
8703aa74-e6c5-45e4-89f3-793ee157cb6e,65bacd76-6bb6-473a-aaad-b87a81a681df,Communication Systems,EC303,3,69.00,B-,2026-01-18 07:30:33.536782+00,2026-01-18 07:30:33.536782+00
42cb9e73-4500-4bb2-a19a-821bc356bf10,65bacd76-6bb6-473a-aaad-b87a81a681df,VLSI Design,EC302,3,60.00,C+,2026-01-18 07:30:33.536782+00,2026-01-18 07:30:33.536782+00
12b2c75f-1396-47fe-bfdc-cf242b6f55f9,65bacd76-6bb6-473a-aaad-b87a81a681df,Signals and Systems,EC201,3,76.00,B+,2026-01-18 07:30:33.536782+00,2026-01-18 07:30:33.536782+00
690daca5-c5f7-484a-bf67-8ffb20b60b59,e1954f3b-5842-4ace-9a02-2a04aa2b9bbe,Communication Systems,EC303,3,53.00,C-,2026-01-18 07:30:33.536782+00,2026-01-18 07:30:33.536782+00
98cd6b56-06b0-4830-ab02-60ee68b31e14,e1954f3b-5842-4ace-9a02-2a04aa2b9bbe,VLSI Design,EC302,3,70.00,B,2026-01-18 07:30:33.536782+00,2026-01-18 07:30:33.536782+00
5a5544d7-7070-4355-8cd4-d5a1cdf1ce20,e1954f3b-5842-4ace-9a02-2a04aa2b9bbe,Signals and Systems,EC201,4,70.00,B,2026-01-18 07:30:33.536782+00,2026-01-18 07:30:33.536782+00
cbcbfc10-69ad-4da1-a989-9e96802a535d,e1954f3b-5842-4ace-9a02-2a04aa2b9bbe,Digital Signal Processing,EC301,3,61.00,C+,2026-01-18 07:30:33.536782+00,2026-01-18 07:30:33.536782+00
07b05777-7aea-4033-868b-dc3afbf60b55,708a1cf7-a331-4705-b897-9fc4361091ba,VLSI Design,EC302,2,67.00,B-,2026-01-18 07:30:33.536782+00,2026-01-18 07:30:33.536782+00
e368dfd8-0022-42e3-bc40-b04df1af4eac,708a1cf7-a331-4705-b897-9fc4361091ba,Signals and Systems,EC201,2,52.00,C-,2026-01-18 07:30:33.536782+00,2026-01-18 07:30:33.536782+00
0958248a-8317-4b0c-936e-0abc03c74a50,708a1cf7-a331-4705-b897-9fc4361091ba,Digital Signal Processing,EC301,2,73.00,B,2026-01-18 07:30:33.536782+00,2026-01-18 07:30:33.536782+00
bc7b986e-1a57-485b-835b-a5c9ea3598ea,708a1cf7-a331-4705-b897-9fc4361091ba,Communication Systems,EC303,3,62.00,C+,2026-01-18 07:30:33.536782+00,2026-01-18 07:30:33.536782+00
939db10a-e65f-4d32-92e0-07304fa9a6d4,ea0e8be7-e506-4a3e-ab47-a4c22dd5be1c,Signals and Systems,EC201,4,59.00,C,2026-01-18 07:30:33.536782+00,2026-01-18 07:30:33.536782+00
dd91feb7-919d-4a5d-830e-a1af78d85fef,ea0e8be7-e506-4a3e-ab47-a4c22dd5be1c,VLSI Design,EC302,2,75.00,B+,2026-01-18 07:30:33.536782+00,2026-01-18 07:30:33.536782+00
6fd1f6b7-56ef-4510-a917-7402098e97ad,ea0e8be7-e506-4a3e-ab47-a4c22dd5be1c,Digital Signal Processing,EC301,4,57.00,C,2026-01-18 07:30:33.536782+00,2026-01-18 07:30:33.536782+00
d16d5812-e783-4aaa-96cb-cd4d058637a1,ea0e8be7-e506-4a3e-ab47-a4c22dd5be1c,Communication Systems,EC303,4,50.00,C-,2026-01-18 07:30:33.536782+00,2026-01-18 07:30:33.536782+00
5bb79885-3169-4d60-a54c-3c4ecb7bdd7a,99e0cfd7-5b7a-4696-86d6-19a7957acf3f,VLSI Design,EC302,3,50.00,C-,2026-01-18 07:30:33.536782+00,2026-01-18 07:30:33.536782+00
6eb8d471-da5d-47ed-8371-978e212b04aa,99e0cfd7-5b7a-4696-86d6-19a7957acf3f,Communication Systems,EC303,4,71.00,B,2026-01-18 07:30:33.536782+00,2026-01-18 07:30:33.536782+00
ef34b617-f8de-4a56-b36b-66ffa2f4a22e,99e0cfd7-5b7a-4696-86d6-19a7957acf3f,Signals and Systems,EC201,3,52.00,C-,2026-01-18 07:30:33.536782+00,2026-01-18 07:30:33.536782+00
3c155395-9dea-4c41-afb5-7fb4998e609f,99e0cfd7-5b7a-4696-86d6-19a7957acf3f,Digital Signal Processing,EC301,4,83.00,A-,2026-01-18 07:30:33.536782+00,2026-01-18 07:30:33.536782+00
a7a55a1b-f91e-4619-ba61-695299a2e6b3,57d47974-7277-4975-8333-eb968fcff28c,Signals and Systems,EC201,2,44.00,D,2026-01-18 07:30:33.536782+00,2026-01-18 07:30:33.536782+00
ae2c54c5-654e-4054-a2f1-f8a02ef1aff5,57d47974-7277-4975-8333-eb968fcff28c,Digital Signal Processing,EC301,4,82.00,A-,2026-01-18 07:30:33.536782+00,2026-01-18 07:30:33.536782+00
675f23bd-f51a-4d1e-bfa4-bc99a503d931,57d47974-7277-4975-8333-eb968fcff28c,VLSI Design,EC302,4,67.00,B-,2026-01-18 07:30:33.536782+00,2026-01-18 07:30:33.536782+00
f07c7846-7b6e-4f14-a49a-1fe7a420373b,57d47974-7277-4975-8333-eb968fcff28c,Communication Systems,EC303,2,64.00,C+,2026-01-18 07:30:33.536782+00,2026-01-18 07:30:33.536782+00
14f220fa-2972-4df3-a971-ff97b56e6242,c0a22d5b-aba7-419b-9880-e7b26ae782c9,Digital Signal Processing,EC301,2,60.00,C+,2026-01-18 07:30:33.536782+00,2026-01-18 07:30:33.536782+00
45fc10ca-9698-49cc-bdec-61444b21ddee,c0a22d5b-aba7-419b-9880-e7b26ae782c9,VLSI Design,EC302,3,69.00,B-,2026-01-18 07:30:33.536782+00,2026-01-18 07:30:33.536782+00
934aa6ff-c695-4e64-8649-f4fa88063fae,c0a22d5b-aba7-419b-9880-e7b26ae782c9,Communication Systems,EC303,4,65.00,B-,2026-01-18 07:30:33.536782+00,2026-01-18 07:30:33.536782+00
b9746a0b-e487-4d18-9430-dcab0fb326ac,c0a22d5b-aba7-419b-9880-e7b26ae782c9,Signals and Systems,EC201,3,76.00,B+,2026-01-18 07:30:33.536782+00,2026-01-18 07:30:33.536782+00
0bb44db2-c83f-4e87-b921-bf6c1df60d99,1433afe6-4bd2-4808-be59-f1e1326d4ca2,Signals and Systems,EC201,4,66.00,B-,2026-01-18 07:30:33.536782+00,2026-01-18 07:30:33.536782+00
36b39ffa-6558-4493-93d6-be405ee2ea2d,1433afe6-4bd2-4808-be59-f1e1326d4ca2,Digital Signal Processing,EC301,4,67.00,B-,2026-01-18 07:30:33.536782+00,2026-01-18 07:30:33.536782+00
b672592e-b02a-499d-945f-a45db2b71d18,1433afe6-4bd2-4808-be59-f1e1326d4ca2,Communication Systems,EC303,4,62.00,C+,2026-01-18 07:30:33.536782+00,2026-01-18 07:30:33.536782+00
e8d78bc3-c3f1-4cdb-9f94-9774cf81c9bd,1433afe6-4bd2-4808-be59-f1e1326d4ca2,VLSI Design,EC302,4,65.00,B-,2026-01-18 07:30:33.536782+00,2026-01-18 07:30:33.536782+00
b26019b2-56f0-4b4a-85e5-5adaed28a1b8,1321d0f6-4958-44b3-a04e-d11fd9c36e67,Signals and Systems,EC201,2,68.00,B-,2026-01-18 07:30:33.536782+00,2026-01-18 07:30:33.536782+00
dca7f091-cee0-4b20-b45d-0aafebf22075,1321d0f6-4958-44b3-a04e-d11fd9c36e67,VLSI Design,EC302,3,48.00,D,2026-01-18 07:30:33.536782+00,2026-01-18 07:30:33.536782+00
56ddea44-f5d3-476f-9df8-3d43ddc49c89,1321d0f6-4958-44b3-a04e-d11fd9c36e67,Digital Signal Processing,EC301,4,52.00,C-,2026-01-18 07:30:33.536782+00,2026-01-18 07:30:33.536782+00
60f22c16-d6e9-443a-b379-01d07bd9946b,1321d0f6-4958-44b3-a04e-d11fd9c36e67,Communication Systems,EC303,3,73.00,B,2026-01-18 07:30:33.536782+00,2026-01-18 07:30:33.536782+00
09a6787f-6612-459e-b594-d32a5460d16b,8277f4dd-927d-499c-be3e-e61d1f0deeec,VLSI Design,EC302,2,67.00,B-,2026-01-18 07:30:33.536782+00,2026-01-18 07:30:33.536782+00
8996ce9e-0a6d-47d8-a959-051f5851c581,8277f4dd-927d-499c-be3e-e61d1f0deeec,Digital Signal Processing,EC301,4,63.00,C+,2026-01-18 07:30:33.536782+00,2026-01-18 07:30:33.536782+00
255d6686-5556-4ddd-8da7-fba95126d519,8277f4dd-927d-499c-be3e-e61d1f0deeec,Signals and Systems,EC201,4,65.00,B-,2026-01-18 07:30:33.536782+00,2026-01-18 07:30:33.536782+00
1ede7256-c16d-40ac-8591-18b01cef3f75,8277f4dd-927d-499c-be3e-e61d1f0deeec,Communication Systems,EC303,3,69.00,B-,2026-01-18 07:30:33.536782+00,2026-01-18 07:30:33.536782+00
de848402-44a0-4b58-bab0-4cff78990c23,69379b00-a044-4b26-80f0-8e6dbcc2f339,Signals and Systems,EC201,4,60.00,C+,2026-01-18 07:30:33.536782+00,2026-01-18 07:30:33.536782+00
67a1df9a-7f19-40d0-8c14-e8edde838666,69379b00-a044-4b26-80f0-8e6dbcc2f339,Communication Systems,EC303,4,57.00,C,2026-01-18 07:30:33.536782+00,2026-01-18 07:30:33.536782+00
5fe60549-d3c2-4cc5-9aa3-12d33802c068,69379b00-a044-4b26-80f0-8e6dbcc2f339,VLSI Design,EC302,2,67.00,B-,2026-01-18 07:30:33.536782+00,2026-01-18 07:30:33.536782+00
d3f0065a-1906-45db-8eb6-b4884718a724,69379b00-a044-4b26-80f0-8e6dbcc2f339,Digital Signal Processing,EC301,3,55.00,C,2026-01-18 07:30:33.536782+00,2026-01-18 07:30:33.536782+00
9a982f15-82ff-4932-8bff-4ec7c52e380e,461153c0-462d-449a-b5ca-4bbe34c056bc,Communication Systems,EC303,3,69.00,B-,2026-01-18 07:30:33.536782+00,2026-01-18 07:30:33.536782+00
a99807cf-9e21-4aad-a06c-1930d6de3e86,461153c0-462d-449a-b5ca-4bbe34c056bc,Digital Signal Processing,EC301,3,48.00,D,2026-01-18 07:30:33.536782+00,2026-01-18 07:30:33.536782+00
55017fbb-035e-492f-9158-439a29feb342,461153c0-462d-449a-b5ca-4bbe34c056bc,VLSI Design,EC302,4,76.00,B+,2026-01-18 07:30:33.536782+00,2026-01-18 07:30:33.536782+00
b4dff286-be61-4ca7-9892-b10c6baba11f,461153c0-462d-449a-b5ca-4bbe34c056bc,Signals and Systems,EC201,3,70.00,B,2026-01-18 07:30:33.536782+00,2026-01-18 07:30:33.536782+00
9a2f24f7-b51d-4595-a575-959dbe841cc3,1be69715-77e1-42fd-b675-3e57b172cfa6,Web Technologies,IT201,4,62.00,C+,2026-01-18 07:30:33.536782+00,2026-01-18 07:30:33.536782+00
0203837d-5bb3-4485-91d5-5221d7396b28,1be69715-77e1-42fd-b675-3e57b172cfa6,Information Security,IT402,2,69.00,B-,2026-01-18 07:30:33.536782+00,2026-01-18 07:30:33.536782+00
43a6387e-11d7-4010-a763-3b0fcbe97a7f,1be69715-77e1-42fd-b675-3e57b172cfa6,Cloud Computing,IT401,4,76.00,B+,2026-01-18 07:30:33.536782+00,2026-01-18 07:30:33.536782+00
d3aa344e-8b8e-47ce-9969-a64cbb3291f4,1be69715-77e1-42fd-b675-3e57b172cfa6,Database Systems,IT301,2,69.00,B-,2026-01-18 07:30:33.536782+00,2026-01-18 07:30:33.536782+00
7797fd73-dce2-4dd8-bb94-641b6480a914,bd37d2b2-98a7-470b-8393-7af0f8919cbe,Cloud Computing,IT401,4,41.00,D,2026-01-18 07:30:33.536782+00,2026-01-18 07:30:33.536782+00
7daca33d-da8c-4384-ab52-b9511544d57f,bd37d2b2-98a7-470b-8393-7af0f8919cbe,Database Systems,IT301,3,47.00,D,2026-01-18 07:30:33.536782+00,2026-01-18 07:30:33.536782+00
bf25748f-0265-4f6a-9255-825f245803c0,bd37d2b2-98a7-470b-8393-7af0f8919cbe,Information Security,IT402,3,53.00,C-,2026-01-18 07:30:33.536782+00,2026-01-18 07:30:33.536782+00
f9216bf9-8aa2-4329-9b7c-ef1114fc44be,bd37d2b2-98a7-470b-8393-7af0f8919cbe,Web Technologies,IT201,3,60.00,C+,2026-01-18 07:30:33.536782+00,2026-01-18 07:30:33.536782+00
155d836f-6fd0-4ac5-8eaa-ef9d877ec7ed,6d5e0aa4-ecb1-4de6-a224-686acd118f36,Database Systems,IT301,3,64.00,C+,2026-01-18 07:30:33.536782+00,2026-01-18 07:30:33.536782+00
06d122ba-7ac4-41df-9cdd-fddef228894a,6d5e0aa4-ecb1-4de6-a224-686acd118f36,Cloud Computing,IT401,2,52.00,C-,2026-01-18 07:30:33.536782+00,2026-01-18 07:30:33.536782+00
1cf23a4a-f18d-4d91-abe9-593524cfee68,6d5e0aa4-ecb1-4de6-a224-686acd118f36,Web Technologies,IT201,3,61.00,C+,2026-01-18 07:30:33.536782+00,2026-01-18 07:30:33.536782+00
6d65733a-40eb-4fa4-a8a7-7765c45a6287,6d5e0aa4-ecb1-4de6-a224-686acd118f36,Information Security,IT402,4,52.00,C-,2026-01-18 07:30:33.536782+00,2026-01-18 07:30:33.536782+00
1ea664ef-5878-48ec-b191-0759898f3c07,a6f8044f-2349-441d-a5d3-219d78568ebd,Information Security,IT402,2,53.00,C-,2026-01-18 07:30:33.536782+00,2026-01-18 07:30:33.536782+00
f4fc5ede-6c83-4c17-8455-ce6854be0383,a6f8044f-2349-441d-a5d3-219d78568ebd,Cloud Computing,IT401,3,45.00,D,2026-01-18 07:30:33.536782+00,2026-01-18 07:30:33.536782+00
51d892d4-2b35-4120-9fd9-cf2b06b07d60,a6f8044f-2349-441d-a5d3-219d78568ebd,Database Systems,IT301,4,50.00,C-,2026-01-18 07:30:33.536782+00,2026-01-18 07:30:33.536782+00
907487e7-ea58-4deb-af8c-8c8413418a51,a6f8044f-2349-441d-a5d3-219d78568ebd,Web Technologies,IT201,2,46.00,D,2026-01-18 07:30:33.536782+00,2026-01-18 07:30:33.536782+00
033b3986-c904-47dd-8dfa-b73fe5fa531f,d38489b2-d879-4b67-9131-571b2e1d1d97,Web Technologies,IT201,2,50.00,C-,2026-01-18 07:30:33.536782+00,2026-01-18 07:30:33.536782+00
d9794037-92d6-483b-895f-bc2ca9bdb2f1,d38489b2-d879-4b67-9131-571b2e1d1d97,Information Security,IT402,3,70.00,B,2026-01-18 07:30:33.536782+00,2026-01-18 07:30:33.536782+00
ba247c01-8ced-4919-aee9-6810fb3068e3,d38489b2-d879-4b67-9131-571b2e1d1d97,Database Systems,IT301,3,50.00,C-,2026-01-18 07:30:33.536782+00,2026-01-18 07:30:33.536782+00
cc42ea32-ab52-4450-8c40-cd03239e0d0a,d38489b2-d879-4b67-9131-571b2e1d1d97,Cloud Computing,IT401,3,86.00,A,2026-01-18 07:30:33.536782+00,2026-01-18 07:30:33.536782+00
741a11e9-6ec8-4e5d-a7dc-d70d9deb2d54,e8c808a4-4325-44df-a222-e653ba761b48,Web Technologies,IT201,2,64.00,C+,2026-01-18 07:30:33.536782+00,2026-01-18 07:30:33.536782+00
e93dc85f-c403-47a3-8962-0f3418b66bd0,e8c808a4-4325-44df-a222-e653ba761b48,Information Security,IT402,2,61.00,C+,2026-01-18 07:30:33.536782+00,2026-01-18 07:30:33.536782+00
2efa893b-3896-41f3-b637-ecc2e7754aa4,e8c808a4-4325-44df-a222-e653ba761b48,Database Systems,IT301,3,51.00,C-,2026-01-18 07:30:33.536782+00,2026-01-18 07:30:33.536782+00
96cb8f52-5157-4e27-be55-bbf63744df3e,e8c808a4-4325-44df-a222-e653ba761b48,Cloud Computing,IT401,4,66.00,B-,2026-01-18 07:30:33.536782+00,2026-01-18 07:30:33.536782+00
b0ac1686-43b5-4a69-96b6-1bf15029bd6a,1ce69240-0f86-49d4-ae66-efd086e5c371,Database Systems,IT301,3,54.00,C-,2026-01-18 07:30:33.536782+00,2026-01-18 07:30:33.536782+00
73877e06-9084-40e0-807e-efc618500d64,1ce69240-0f86-49d4-ae66-efd086e5c371,Cloud Computing,IT401,4,61.00,C+,2026-01-18 07:30:33.536782+00,2026-01-18 07:30:33.536782+00
2a80d885-eecc-4f0f-a93c-c88d09e082f6,1ce69240-0f86-49d4-ae66-efd086e5c371,Information Security,IT402,2,85.00,A,2026-01-18 07:30:33.536782+00,2026-01-18 07:30:33.536782+00
3e180f7b-6bd3-42e9-9acf-71a38973ced1,1ce69240-0f86-49d4-ae66-efd086e5c371,Web Technologies,IT201,3,58.00,C,2026-01-18 07:30:33.536782+00,2026-01-18 07:30:33.536782+00
09541757-7c0c-4898-a9e4-2ffc4b408357,e517875e-c5b8-487e-a8f9-5c6ab78cce2a,Web Technologies,IT201,4,71.00,B,2026-01-18 07:30:33.536782+00,2026-01-18 07:30:33.536782+00
2ed74558-888a-4ffb-b497-f94feab314d1,e517875e-c5b8-487e-a8f9-5c6ab78cce2a,Database Systems,IT301,3,52.00,C-,2026-01-18 07:30:33.536782+00,2026-01-18 07:30:33.536782+00
60ef91fd-776a-4f46-88d1-728a8e5d6690,e517875e-c5b8-487e-a8f9-5c6ab78cce2a,Information Security,IT402,4,59.00,C,2026-01-18 07:30:33.536782+00,2026-01-18 07:30:33.536782+00
e89fc8e9-d5d0-4a9a-bf49-ffe1078622a8,e517875e-c5b8-487e-a8f9-5c6ab78cce2a,Cloud Computing,IT401,3,77.00,B+,2026-01-18 07:30:33.536782+00,2026-01-18 07:30:33.536782+00
bd4e698f-3880-4e68-8379-af840d977fbc,4638b45b-222f-43b7-b7d3-5bd82ba31eeb,Information Security,IT402,2,57.00,C,2026-01-18 07:30:33.536782+00,2026-01-18 07:30:33.536782+00
3f3593e0-0d79-469a-888e-3ae4bbd47f2c,4638b45b-222f-43b7-b7d3-5bd82ba31eeb,Database Systems,IT301,3,81.00,A-,2026-01-18 07:30:33.536782+00,2026-01-18 07:30:33.536782+00
71ba006c-4838-4853-a3ff-eff15225be59,4638b45b-222f-43b7-b7d3-5bd82ba31eeb,Web Technologies,IT201,2,70.00,B,2026-01-18 07:30:33.536782+00,2026-01-18 07:30:33.536782+00
62272e87-98c3-4411-9f4c-3a723905006b,4638b45b-222f-43b7-b7d3-5bd82ba31eeb,Cloud Computing,IT401,4,57.00,C,2026-01-18 07:30:33.536782+00,2026-01-18 07:30:33.536782+00
ab58109b-3d44-4d1e-8aa4-8326f762e88b,3d504cbd-0226-470a-91ac-c29fd8d3236d,Information Security,IT402,3,69.00,B-,2026-01-18 07:30:33.536782+00,2026-01-18 07:30:33.536782+00
a28ae2ea-b9d8-4bb7-9b0c-e72e3cd59319,3d504cbd-0226-470a-91ac-c29fd8d3236d,Cloud Computing,IT401,2,73.00,B,2026-01-18 07:30:33.536782+00,2026-01-18 07:30:33.536782+00
40225b98-917f-4b33-83a8-0bf5f58c1936,3d504cbd-0226-470a-91ac-c29fd8d3236d,Database Systems,IT301,2,69.00,B-,2026-01-18 07:30:33.536782+00,2026-01-18 07:30:33.536782+00
824f419a-4da7-4a77-bc1c-b00dd6b2cacd,3d504cbd-0226-470a-91ac-c29fd8d3236d,Web Technologies,IT201,3,47.00,D,2026-01-18 07:30:33.536782+00,2026-01-18 07:30:33.536782+00
a90e30e9-672f-4859-9424-290aba6ac33e,6f61c9d4-f1c9-4a43-b03b-893e64edc3df,Information Security,IT402,3,56.00,C,2026-01-18 07:30:33.536782+00,2026-01-18 07:30:33.536782+00
866fc766-a579-41dd-b711-ab4ec8c6dc8d,6f61c9d4-f1c9-4a43-b03b-893e64edc3df,Cloud Computing,IT401,4,60.00,C+,2026-01-18 07:30:33.536782+00,2026-01-18 07:30:33.536782+00
ecdd438b-f008-4b95-9762-b2b0ab677285,6f61c9d4-f1c9-4a43-b03b-893e64edc3df,Web Technologies,IT201,3,62.00,C+,2026-01-18 07:30:33.536782+00,2026-01-18 07:30:33.536782+00
056dead8-3201-496f-b0de-97b787fdf911,6f61c9d4-f1c9-4a43-b03b-893e64edc3df,Database Systems,IT301,2,69.00,B-,2026-01-18 07:30:33.536782+00,2026-01-18 07:30:33.536782+00
855125eb-28d6-4764-b7fe-c58fdf745bcf,0d49d3a4-28f8-4192-a5c1-dc4846f7bae3,Cloud Computing,IT401,4,65.00,B-,2026-01-18 07:30:33.536782+00,2026-01-18 07:30:33.536782+00
e07f2172-7401-47db-b468-17d6aed5ee8d,0d49d3a4-28f8-4192-a5c1-dc4846f7bae3,Web Technologies,IT201,4,49.00,D,2026-01-18 07:30:33.536782+00,2026-01-18 07:30:33.536782+00
4dac7fcc-fa53-42b2-abf3-4bcb840e1d4d,0d49d3a4-28f8-4192-a5c1-dc4846f7bae3,Information Security,IT402,2,67.00,B-,2026-01-18 07:30:33.536782+00,2026-01-18 07:30:33.536782+00
726d29dc-d445-4409-b9e6-a00779ed9d83,0d49d3a4-28f8-4192-a5c1-dc4846f7bae3,Database Systems,IT301,3,69.00,B-,2026-01-18 07:30:33.536782+00,2026-01-18 07:30:33.536782+00
ec7f9df7-2652-4121-871f-bd8ee627e3b6,9dbfb801-2976-409f-aed2-39ec6cf6f35c,Cloud Computing,IT401,2,68.00,B-,2026-01-18 07:30:33.536782+00,2026-01-18 07:30:33.536782+00
72f4ed55-8a56-4720-a89c-267b46fcc932,9dbfb801-2976-409f-aed2-39ec6cf6f35c,Information Security,IT402,2,74.00,B,2026-01-18 07:30:33.536782+00,2026-01-18 07:30:33.536782+00
557ef2e4-eee7-444c-a788-475bd6a7c110,9dbfb801-2976-409f-aed2-39ec6cf6f35c,Web Technologies,IT201,3,71.00,B,2026-01-18 07:30:33.536782+00,2026-01-18 07:30:33.536782+00
91d52be4-cf1e-4521-8072-fc202da73b8c,9dbfb801-2976-409f-aed2-39ec6cf6f35c,Database Systems,IT301,2,67.00,B-,2026-01-18 07:30:33.536782+00,2026-01-18 07:30:33.536782+00
9ea5a747-60a4-46ae-ac67-13d2e8d776b4,5010ba8c-3e4e-4753-86c2-e76f48e57ac1,Database Systems,IT301,2,62.00,C+,2026-01-18 07:30:33.536782+00,2026-01-18 07:30:33.536782+00
9160116c-60be-440f-9400-9d02884c43c7,5010ba8c-3e4e-4753-86c2-e76f48e57ac1,Cloud Computing,IT401,4,46.00,D,2026-01-18 07:30:33.536782+00,2026-01-18 07:30:33.536782+00
8d06e270-a145-47ef-a53d-6efb9aa46844,5010ba8c-3e4e-4753-86c2-e76f48e57ac1,Web Technologies,IT201,3,67.00,B-,2026-01-18 07:30:33.536782+00,2026-01-18 07:30:33.536782+00
786dd04c-0389-4998-934d-e11e906d8422,5010ba8c-3e4e-4753-86c2-e76f48e57ac1,Information Security,IT402,3,65.00,B-,2026-01-18 07:30:33.536782+00,2026-01-18 07:30:33.536782+00
602a66c8-984a-4de8-9f19-a6d0266fa818,bd1f661c-cb6d-4996-a97f-e5b59287754e,Information Security,IT402,2,66.00,B-,2026-01-18 07:30:33.536782+00,2026-01-18 07:30:33.536782+00
68ce5dd3-c762-4f1a-af1b-8ebbec61dc50,bd1f661c-cb6d-4996-a97f-e5b59287754e,Cloud Computing,IT401,3,50.00,C-,2026-01-18 07:30:33.536782+00,2026-01-18 07:30:33.536782+00
acab3bf7-8d3b-416f-b4e1-4544af62131f,bd1f661c-cb6d-4996-a97f-e5b59287754e,Database Systems,IT301,2,52.00,C-,2026-01-18 07:30:33.536782+00,2026-01-18 07:30:33.536782+00
02dab7e6-9968-4dda-9bd6-4d837f8ee4cb,bd1f661c-cb6d-4996-a97f-e5b59287754e,Web Technologies,IT201,3,73.00,B,2026-01-18 07:30:33.536782+00,2026-01-18 07:30:33.536782+00
82ac098c-4036-4c26-a34a-34eb9ab36148,09810942-6a21-4482-9bde-753a6ce53370,Information Security,IT402,4,62.00,C+,2026-01-18 07:30:33.536782+00,2026-01-18 07:30:33.536782+00
6f1352aa-8f3c-42a1-9f09-86f5bb3b50a4,09810942-6a21-4482-9bde-753a6ce53370,Cloud Computing,IT401,2,70.00,B,2026-01-18 07:30:33.536782+00,2026-01-18 07:30:33.536782+00
fc64f8f4-2d93-4ee5-a198-1a12a11ca6f0,09810942-6a21-4482-9bde-753a6ce53370,Database Systems,IT301,3,63.00,C+,2026-01-18 07:30:33.536782+00,2026-01-18 07:30:33.536782+00
958b8ca0-7105-4930-b69c-c64ae7a17cca,09810942-6a21-4482-9bde-753a6ce53370,Web Technologies,IT201,4,63.00,C+,2026-01-18 07:30:33.536782+00,2026-01-18 07:30:33.536782+00
fe7861d8-1101-409b-ab5d-4507b66339e7,f656bc50-0985-403b-8ad4-917af206af93,Machine Learning,AI301,2,75.00,B+,2026-01-18 07:30:33.536782+00,2026-01-18 07:30:33.536782+00
f3b904d9-2ba7-46e7-8ed6-a8187a5b3630,f656bc50-0985-403b-8ad4-917af206af93,Deep Learning,AI302,2,60.00,C+,2026-01-18 07:30:33.536782+00,2026-01-18 07:30:33.536782+00
305589a1-1ab7-4265-aa87-bec0f8162160,f656bc50-0985-403b-8ad4-917af206af93,Natural Language Processing,AI303,3,66.00,B-,2026-01-18 07:30:33.536782+00,2026-01-18 07:30:33.536782+00
a146625a-3913-4a63-90b9-067c134c4aa5,f656bc50-0985-403b-8ad4-917af206af93,Computer Vision,AI304,3,61.00,C+,2026-01-18 07:30:33.536782+00,2026-01-18 07:30:33.536782+00
1bb366da-6015-47c9-ab22-43af0194aedd,6b392b70-384e-4664-8f1f-3d5d7ebc996c,Machine Learning,AI301,3,61.00,C+,2026-01-18 07:30:33.536782+00,2026-01-18 07:30:33.536782+00
df89b89c-f9b3-4fe2-898b-3c5401f8c222,6b392b70-384e-4664-8f1f-3d5d7ebc996c,Natural Language Processing,AI303,4,62.00,C+,2026-01-18 07:30:33.536782+00,2026-01-18 07:30:33.536782+00
d766b358-3f43-47f1-9edf-b91a15cfd7c2,6b392b70-384e-4664-8f1f-3d5d7ebc996c,Computer Vision,AI304,4,68.00,B-,2026-01-18 07:30:33.536782+00,2026-01-18 07:30:33.536782+00
dc505302-7de2-4487-b6f8-ca557e410484,6b392b70-384e-4664-8f1f-3d5d7ebc996c,Deep Learning,AI302,4,61.00,C+,2026-01-18 07:30:33.536782+00,2026-01-18 07:30:33.536782+00
4a991a4d-3397-4e29-87c3-874ab18d9098,9e940652-c7f2-4fea-a88e-f40a904c090e,Machine Learning,AI301,4,78.00,B+,2026-01-18 07:30:33.536782+00,2026-01-18 07:30:33.536782+00
f1d925c7-c324-4db3-bcc9-fe2c3d8d2055,9e940652-c7f2-4fea-a88e-f40a904c090e,Deep Learning,AI302,3,57.00,C,2026-01-18 07:30:33.536782+00,2026-01-18 07:30:33.536782+00
b045aa6d-b976-430f-ba83-53e33d53bb2e,9e940652-c7f2-4fea-a88e-f40a904c090e,Computer Vision,AI304,4,64.00,C+,2026-01-18 07:30:33.536782+00,2026-01-18 07:30:33.536782+00
ba65c75c-38a2-4abf-bd75-dd4d47ce1b44,9e940652-c7f2-4fea-a88e-f40a904c090e,Natural Language Processing,AI303,2,61.00,C+,2026-01-18 07:30:33.536782+00,2026-01-18 07:30:33.536782+00
3fdf72a7-c3e6-45c1-8bc0-21336a17b42b,d9637163-c83c-4572-a0fc-139056eb4ce3,Machine Learning,AI301,4,80.00,A-,2026-01-18 07:30:33.536782+00,2026-01-18 07:30:33.536782+00
4887ed1d-14a3-4730-8b4b-6e511588abae,d9637163-c83c-4572-a0fc-139056eb4ce3,Deep Learning,AI302,2,67.00,B-,2026-01-18 07:30:33.536782+00,2026-01-18 07:30:33.536782+00
9285d801-8e21-4fd2-9941-3334caa9c7e2,d9637163-c83c-4572-a0fc-139056eb4ce3,Computer Vision,AI304,4,76.00,B+,2026-01-18 07:30:33.536782+00,2026-01-18 07:30:33.536782+00
c3a3a6d8-6e2c-4a28-b5d5-3997b6b552e1,d9637163-c83c-4572-a0fc-139056eb4ce3,Natural Language Processing,AI303,4,51.00,C-,2026-01-18 07:30:33.536782+00,2026-01-18 07:30:33.536782+00
9c9dd15d-4fd0-4a5a-852e-d6823bd0dd29,10d34be6-3a76-416e-afdc-9cf3eaaa4c20,Deep Learning,AI302,3,68.00,B-,2026-01-18 07:30:33.536782+00,2026-01-18 07:30:33.536782+00
c65d4814-0f40-4cef-a952-407a18eafb47,10d34be6-3a76-416e-afdc-9cf3eaaa4c20,Machine Learning,AI301,4,74.00,B,2026-01-18 07:30:33.536782+00,2026-01-18 07:30:33.536782+00
fb6ac3f2-cb4c-45f3-bc22-90710a5d3235,10d34be6-3a76-416e-afdc-9cf3eaaa4c20,Natural Language Processing,AI303,4,66.00,B-,2026-01-18 07:30:33.536782+00,2026-01-18 07:30:33.536782+00
f83fb10d-7dc0-4223-a310-be362e5de4d9,10d34be6-3a76-416e-afdc-9cf3eaaa4c20,Computer Vision,AI304,4,76.00,B+,2026-01-18 07:30:33.536782+00,2026-01-18 07:30:33.536782+00
6ffe7729-33ad-4ab3-bf94-8d6a3c31e272,4b59d30f-bcb8-4f43-a70d-018adeb5be5d,Deep Learning,AI302,3,60.00,C+,2026-01-18 07:30:33.536782+00,2026-01-18 07:30:33.536782+00
9fbe3bfb-1738-420a-993e-040128ae3832,4b59d30f-bcb8-4f43-a70d-018adeb5be5d,Computer Vision,AI304,3,80.00,A-,2026-01-18 07:30:33.536782+00,2026-01-18 07:30:33.536782+00
8ecfec65-17d6-4b77-a98f-c9dee2b40152,4b59d30f-bcb8-4f43-a70d-018adeb5be5d,Natural Language Processing,AI303,3,88.00,A,2026-01-18 07:30:33.536782+00,2026-01-18 07:30:33.536782+00
ea7a08f0-5ee9-4d31-b6a5-714aa726206b,4b59d30f-bcb8-4f43-a70d-018adeb5be5d,Machine Learning,AI301,4,62.00,C+,2026-01-18 07:30:33.536782+00,2026-01-18 07:30:33.536782+00
842d51dd-c790-4207-a336-820c258196d8,f77e0063-4356-4319-894a-7fbdc0d272ad,Machine Learning,AI301,3,61.00,C+,2026-01-18 07:30:33.536782+00,2026-01-18 07:30:33.536782+00
9f5794ce-b5ff-47ee-8076-3d4eefe53cdf,f77e0063-4356-4319-894a-7fbdc0d272ad,Natural Language Processing,AI303,2,80.00,A-,2026-01-18 07:30:33.536782+00,2026-01-18 07:30:33.536782+00
25ee0c77-0fef-441b-8d2d-ec062f55773b,f77e0063-4356-4319-894a-7fbdc0d272ad,Deep Learning,AI302,4,81.00,A-,2026-01-18 07:30:33.536782+00,2026-01-18 07:30:33.536782+00
b5e63de7-e60b-452b-8e3a-90a36765340e,f77e0063-4356-4319-894a-7fbdc0d272ad,Computer Vision,AI304,4,60.00,C+,2026-01-18 07:30:33.536782+00,2026-01-18 07:30:33.536782+00
1372cc5e-22ce-4f1c-88d0-b7454b4f0f63,33dd49f9-b994-4551-add8-ce2951f25382,Computer Vision,AI304,3,61.00,C+,2026-01-18 07:30:33.536782+00,2026-01-18 07:30:33.536782+00
6eedc93d-e1cb-4957-b178-3b0c7091172c,33dd49f9-b994-4551-add8-ce2951f25382,Deep Learning,AI302,2,63.00,C+,2026-01-18 07:30:33.536782+00,2026-01-18 07:30:33.536782+00
bc981c4f-cf09-48e5-8c49-27c1b960613d,33dd49f9-b994-4551-add8-ce2951f25382,Natural Language Processing,AI303,4,52.00,C-,2026-01-18 07:30:33.536782+00,2026-01-18 07:30:33.536782+00
8936edfe-1c3e-4595-bc8d-13474062312f,33dd49f9-b994-4551-add8-ce2951f25382,Machine Learning,AI301,4,56.00,C,2026-01-18 07:30:33.536782+00,2026-01-18 07:30:33.536782+00
9b3d0bbb-bfc1-4c3f-8194-7189cfad25e4,d77afa6f-52c7-423c-9943-3fe8da06d92f,Digital Signal Processing,EC301,2,50.00,C-,2026-01-18 07:30:33.536782+00,2026-01-18 07:30:33.536782+00
50e82bee-b6ab-432b-8008-f29ab400b7ad,d77afa6f-52c7-423c-9943-3fe8da06d92f,Communication Systems,EC303,4,53.00,C-,2026-01-18 07:30:33.536782+00,2026-01-18 07:30:33.536782+00
08a7c38d-b77a-4153-8fa5-da88f5e3fc39,d77afa6f-52c7-423c-9943-3fe8da06d92f,VLSI Design,EC302,4,60.00,C+,2026-01-18 07:30:33.536782+00,2026-01-18 07:30:33.536782+00
7e6a5eb0-8dd4-494e-a8ce-6a343e8048e5,d77afa6f-52c7-423c-9943-3fe8da06d92f,Signals and Systems,EC201,2,63.00,C+,2026-01-18 07:30:33.536782+00,2026-01-18 07:30:33.536782+00
bc2d0e4f-2f00-4b82-ac51-f2704991fa3c,99dbf7cf-5f58-4e21-8738-e11683b6fb8f,VLSI Design,EC302,2,76.00,B+,2026-01-18 07:30:33.536782+00,2026-01-18 07:30:33.536782+00
694c3c01-bba0-4636-9595-b2a73d42f050,99dbf7cf-5f58-4e21-8738-e11683b6fb8f,Communication Systems,EC303,4,50.00,C-,2026-01-18 07:30:33.536782+00,2026-01-18 07:30:33.536782+00
c7f13f8a-6576-4c38-8794-78c7867b3328,99dbf7cf-5f58-4e21-8738-e11683b6fb8f,Digital Signal Processing,EC301,4,70.00,B,2026-01-18 07:30:33.536782+00,2026-01-18 07:30:33.536782+00
5c980d2e-239e-43e0-bb1e-42fb8e90ce9d,99dbf7cf-5f58-4e21-8738-e11683b6fb8f,Signals and Systems,EC201,4,58.00,C,2026-01-18 07:30:33.536782+00,2026-01-18 07:30:33.536782+00
28bf0ac4-08a7-4589-b9af-a5578ed46d05,ea8b3bb6-f7df-4401-91ba-0bb55db2d7eb,Signals and Systems,EC201,2,60.00,C+,2026-01-18 07:30:33.536782+00,2026-01-18 07:30:33.536782+00
b47f756c-ed56-4fe9-b80f-9561b2e44f2e,ea8b3bb6-f7df-4401-91ba-0bb55db2d7eb,VLSI Design,EC302,3,67.00,B-,2026-01-18 07:30:33.536782+00,2026-01-18 07:30:33.536782+00
03573b15-0c08-4a8b-9919-813e202c28bd,ea8b3bb6-f7df-4401-91ba-0bb55db2d7eb,Digital Signal Processing,EC301,3,49.00,D,2026-01-18 07:30:33.536782+00,2026-01-18 07:30:33.536782+00
df4bfbaf-5380-4580-96ef-2d0b29f19065,ea8b3bb6-f7df-4401-91ba-0bb55db2d7eb,Communication Systems,EC303,2,64.00,C+,2026-01-18 07:30:33.536782+00,2026-01-18 07:30:33.536782+00
fb796562-6779-4da8-82d0-cdc6f5878ad4,28776082-fa7c-4b12-9e9c-d58f0296de39,Digital Signal Processing,EC301,2,62.00,C+,2026-01-18 07:30:33.536782+00,2026-01-18 07:30:33.536782+00
7084a796-1f7e-4ecd-bd41-efac9dfddd36,28776082-fa7c-4b12-9e9c-d58f0296de39,Communication Systems,EC303,2,65.00,B-,2026-01-18 07:30:33.536782+00,2026-01-18 07:30:33.536782+00
99b4ffab-578b-404e-8c4a-ce540669be53,28776082-fa7c-4b12-9e9c-d58f0296de39,VLSI Design,EC302,2,63.00,C+,2026-01-18 07:30:33.536782+00,2026-01-18 07:30:33.536782+00
8773b99f-c21b-4bd0-bce7-ef4a4500e6bb,28776082-fa7c-4b12-9e9c-d58f0296de39,Signals and Systems,EC201,2,85.00,A,2026-01-18 07:30:33.536782+00,2026-01-18 07:30:33.536782+00
9f9884f4-c1b8-4239-9061-f3045b13c800,c11d775c-d288-4ac0-a6ef-32c017ae6ed5,VLSI Design,EC302,4,54.00,C-,2026-01-18 07:30:33.536782+00,2026-01-18 07:30:33.536782+00
5681a620-90b9-4d8e-8123-994f5202de99,c11d775c-d288-4ac0-a6ef-32c017ae6ed5,Signals and Systems,EC201,2,55.00,C,2026-01-18 07:30:33.536782+00,2026-01-18 07:30:33.536782+00
c1c888ac-9380-4fb8-8462-f036b8bbe54b,c11d775c-d288-4ac0-a6ef-32c017ae6ed5,Communication Systems,EC303,4,54.00,C-,2026-01-18 07:30:33.536782+00,2026-01-18 07:30:33.536782+00
0200c7d0-ae72-487c-9ea2-2c1c5ecb9736,c11d775c-d288-4ac0-a6ef-32c017ae6ed5,Digital Signal Processing,EC301,3,55.00,C,2026-01-18 07:30:33.536782+00,2026-01-18 07:30:33.536782+00
519ce0cb-415e-4b1e-b65d-1a73f62d7d47,5f752bd0-7be4-4742-a3e4-6f422accd4c7,Digital Signal Processing,EC301,4,54.00,C-,2026-01-18 07:30:33.536782+00,2026-01-18 07:30:33.536782+00
acff8436-21c4-49e7-8326-38f932311feb,5f752bd0-7be4-4742-a3e4-6f422accd4c7,Signals and Systems,EC201,3,72.00,B,2026-01-18 07:30:33.536782+00,2026-01-18 07:30:33.536782+00
7792d2dd-4b10-4a4c-a1e2-38dd2d9a8ee5,5f752bd0-7be4-4742-a3e4-6f422accd4c7,VLSI Design,EC302,2,75.00,B+,2026-01-18 07:30:33.536782+00,2026-01-18 07:30:33.536782+00
22311767-a3f9-4667-b015-bc5efe969919,5f752bd0-7be4-4742-a3e4-6f422accd4c7,Communication Systems,EC303,3,55.00,C,2026-01-18 07:30:33.536782+00,2026-01-18 07:30:33.536782+00
511324a2-0f0e-452a-8e29-6ade4cdd2995,72c12c88-d008-4f6b-b251-bdd61de6218a,VLSI Design,EC302,4,52.00,C-,2026-01-18 07:30:33.536782+00,2026-01-18 07:30:33.536782+00
5649cf7f-27bc-47e0-aa76-d3134ec7bd77,72c12c88-d008-4f6b-b251-bdd61de6218a,Communication Systems,EC303,3,65.00,B-,2026-01-18 07:30:33.536782+00,2026-01-18 07:30:33.536782+00
f65dc18c-96f4-4604-a6b7-e0ba353c5924,72c12c88-d008-4f6b-b251-bdd61de6218a,Signals and Systems,EC201,4,55.00,C,2026-01-18 07:30:33.536782+00,2026-01-18 07:30:33.536782+00
5735564b-89d6-4cee-a25f-2704e63c3026,72c12c88-d008-4f6b-b251-bdd61de6218a,Digital Signal Processing,EC301,3,67.00,B-,2026-01-18 07:30:33.536782+00,2026-01-18 07:30:33.536782+00
16375423-a3fd-45b4-b394-46188326bf31,49362d78-44c6-49b2-b165-f2ee6ea67e25,Digital Signal Processing,EC301,3,62.00,C+,2026-01-18 07:30:33.536782+00,2026-01-18 07:30:33.536782+00
7ffa14cb-d2a5-4ef2-9bd2-883dca86cf4b,49362d78-44c6-49b2-b165-f2ee6ea67e25,VLSI Design,EC302,2,45.00,D,2026-01-18 07:30:33.536782+00,2026-01-18 07:30:33.536782+00
45464e27-a8e0-40d3-a801-b281449e9224,49362d78-44c6-49b2-b165-f2ee6ea67e25,Signals and Systems,EC201,3,76.00,B+,2026-01-18 07:30:33.536782+00,2026-01-18 07:30:33.536782+00
036f27c7-06d5-4254-bcf6-42afd9e8838a,49362d78-44c6-49b2-b165-f2ee6ea67e25,Communication Systems,EC303,4,78.00,B+,2026-01-18 07:30:33.536782+00,2026-01-18 07:30:33.536782+00
a7f5430d-28fe-4099-86ba-6f63d3cca64c,0f0c5e02-4401-49b8-8ecc-cca1a0ebe198,Computer Networks,CS402,3,60.00,C+,2026-01-18 07:30:33.536782+00,2026-01-18 07:30:33.536782+00
8a558f38-b6fc-4439-9c95-4c6716518ce6,0f0c5e02-4401-49b8-8ecc-cca1a0ebe198,Machine Learning,CS401,4,63.00,C+,2026-01-18 07:30:33.536782+00,2026-01-18 07:30:33.536782+00
0fb2bd7b-ffb3-409a-8741-9ce2ae619da8,0f0c5e02-4401-49b8-8ecc-cca1a0ebe198,Operating Systems,CS301,4,69.00,B-,2026-01-18 07:30:33.536782+00,2026-01-18 07:30:33.536782+00
b23a18c3-d20a-4e94-8ae8-45ecdb61626c,0f0c5e02-4401-49b8-8ecc-cca1a0ebe198,DBMS,CS302,3,70.00,B,2026-01-18 07:30:33.536782+00,2026-01-18 07:30:33.536782+00
52b43bd4-9d8d-4915-9138-2a98aff8771a,0b14b5db-547c-4831-887d-a2c7cb10675f,Operating Systems,CS301,3,73.00,B,2026-01-18 07:30:33.536782+00,2026-01-18 07:30:33.536782+00
1c22fc6d-3658-4975-b2f1-a69a91bfb7a9,0b14b5db-547c-4831-887d-a2c7cb10675f,Computer Networks,CS402,2,87.00,A,2026-01-18 07:30:33.536782+00,2026-01-18 07:30:33.536782+00
0d226163-9d5f-4336-8a7c-5079785687e0,0b14b5db-547c-4831-887d-a2c7cb10675f,DBMS,CS302,4,65.00,B-,2026-01-18 07:30:33.536782+00,2026-01-18 07:30:33.536782+00
e70a4549-e882-4052-86f0-fd303dd4b2c6,0b14b5db-547c-4831-887d-a2c7cb10675f,Data Structures,CS201,3,59.00,C,2026-01-18 07:30:33.536782+00,2026-01-18 07:30:33.536782+00
e687f2ea-e22b-4414-945f-a424ca74ed6b,668631ae-3e1c-4ae6-b68d-3cd43017caf8,DBMS,CS302,3,53.00,C-,2026-01-18 07:30:33.536782+00,2026-01-18 07:30:33.536782+00
7caa3a53-3682-42ca-a0d7-314ca3c1b0f9,668631ae-3e1c-4ae6-b68d-3cd43017caf8,Data Structures,CS201,2,59.00,C,2026-01-18 07:30:33.536782+00,2026-01-18 07:30:33.536782+00
c9b7d075-585d-4d57-a7a4-1f00c9890fde,668631ae-3e1c-4ae6-b68d-3cd43017caf8,Computer Networks,CS402,2,66.00,B-,2026-01-18 07:30:33.536782+00,2026-01-18 07:30:33.536782+00
d9008754-a2bf-42ba-b5bf-8b71ce2150dc,668631ae-3e1c-4ae6-b68d-3cd43017caf8,Machine Learning,CS401,3,84.00,A-,2026-01-18 07:30:33.536782+00,2026-01-18 07:30:33.536782+00
e2d44833-8bb5-4808-b4b0-a69238504e94,28f5d300-c08b-41b6-a8ab-b69c43a4ba3e,Machine Learning,CS401,2,61.00,C+,2026-01-18 07:30:33.536782+00,2026-01-18 07:30:33.536782+00
1ac73ed3-d716-4dd6-8a51-5e5bbce1d62b,28f5d300-c08b-41b6-a8ab-b69c43a4ba3e,Operating Systems,CS301,3,69.00,B-,2026-01-18 07:30:33.536782+00,2026-01-18 07:30:33.536782+00
be28b7a2-686e-4bae-8120-1334d718d8ee,28f5d300-c08b-41b6-a8ab-b69c43a4ba3e,Computer Networks,CS402,3,66.00,B-,2026-01-18 07:30:33.536782+00,2026-01-18 07:30:33.536782+00
d21949b5-e65a-4bb9-9812-bec24ac6c46e,28f5d300-c08b-41b6-a8ab-b69c43a4ba3e,Data Structures,CS201,2,78.00,B+,2026-01-18 07:30:33.536782+00,2026-01-18 07:30:33.536782+00
aaad05cc-5996-4133-bd61-060fc19f1e4c,d715a8f7-80c9-459b-8304-2418432db2fd,Machine Learning,CS401,2,92.00,A+,2026-01-18 07:30:33.536782+00,2026-01-18 07:30:33.536782+00
a4d0ef72-7658-474d-8d49-335c21766dc1,d715a8f7-80c9-459b-8304-2418432db2fd,Data Structures,CS201,3,61.00,C+,2026-01-18 07:30:33.536782+00,2026-01-18 07:30:33.536782+00
8165a718-399f-4361-8f48-14982c9b3907,d715a8f7-80c9-459b-8304-2418432db2fd,Operating Systems,CS301,2,62.00,C+,2026-01-18 07:30:33.536782+00,2026-01-18 07:30:33.536782+00
e56aff8e-cb1f-4e04-93c1-1465a7b0a783,d715a8f7-80c9-459b-8304-2418432db2fd,DBMS,CS302,3,77.00,B+,2026-01-18 07:30:33.536782+00,2026-01-18 07:30:33.536782+00
0f193e5f-5fd0-4d3b-8006-4613345a6e5a,6db63c0f-1630-41d4-ba1a-ba662decf364,Operating Systems,CS301,4,73.00,B,2026-01-18 07:30:33.536782+00,2026-01-18 07:30:33.536782+00
3dd447d4-784d-4a71-ac9d-ffe6733fef0f,6db63c0f-1630-41d4-ba1a-ba662decf364,Data Structures,CS201,4,85.00,A,2026-01-18 07:30:33.536782+00,2026-01-18 07:30:33.536782+00
d1301fd7-fc7d-43c0-9da7-b4f6386ae02c,6db63c0f-1630-41d4-ba1a-ba662decf364,Computer Networks,CS402,3,72.00,B,2026-01-18 07:30:33.536782+00,2026-01-18 07:30:33.536782+00
30eb5c67-65ea-4844-a420-8a51e80233d1,6db63c0f-1630-41d4-ba1a-ba662decf364,Machine Learning,CS401,2,63.00,C+,2026-01-18 07:30:33.536782+00,2026-01-18 07:30:33.536782+00
0b5c72ec-5e4a-4405-a479-1868232b56c8,f4cda851-b935-4832-8c5b-be8ca85feeb5,Operating Systems,CS301,4,72.00,B,2026-01-18 07:30:33.536782+00,2026-01-18 07:30:33.536782+00
6bbeb185-8b5f-4743-ab14-d8bae580b7c0,f4cda851-b935-4832-8c5b-be8ca85feeb5,Data Structures,CS201,2,78.00,B+,2026-01-18 07:30:33.536782+00,2026-01-18 07:30:33.536782+00
017ea7f4-a1db-4006-8c25-f29223f8bdab,f4cda851-b935-4832-8c5b-be8ca85feeb5,Computer Networks,CS402,4,75.00,B+,2026-01-18 07:30:33.536782+00,2026-01-18 07:30:33.536782+00
08c67265-4872-4e95-8d44-0c32065939e7,f4cda851-b935-4832-8c5b-be8ca85feeb5,DBMS,CS302,3,72.00,B,2026-01-18 07:30:33.536782+00,2026-01-18 07:30:33.536782+00
ed61f251-cc6a-4402-bc43-723697c6f6dc,17257870-caaa-45b4-bd6b-35da4f5a600c,Machine Learning,CS401,3,77.00,B+,2026-01-18 07:30:33.536782+00,2026-01-18 07:30:33.536782+00
400146df-9174-4e8c-9153-ed478305bf56,17257870-caaa-45b4-bd6b-35da4f5a600c,Data Structures,CS201,2,78.00,B+,2026-01-18 07:30:33.536782+00,2026-01-18 07:30:33.536782+00
a601ab0d-7ea5-4af5-a4f6-69df7857741f,17257870-caaa-45b4-bd6b-35da4f5a600c,Computer Networks,CS402,2,80.00,A-,2026-01-18 07:30:33.536782+00,2026-01-18 07:30:33.536782+00
7e8e0233-72d3-4858-aa3e-7a8b5c80f091,17257870-caaa-45b4-bd6b-35da4f5a600c,DBMS,CS302,4,73.00,B,2026-01-18 07:30:33.536782+00,2026-01-18 07:30:33.536782+00
ecf18539-4853-4a03-9bca-58866bcfeda5,ad396a46-17b7-4a61-acf6-d1cb76f3ab10,Computer Vision,AI304,3,61.00,C+,2026-01-18 07:30:33.536782+00,2026-01-18 07:30:33.536782+00
cb29a6e9-2b32-4a31-a9c8-fba827b7e42b,ad396a46-17b7-4a61-acf6-d1cb76f3ab10,Machine Learning,AI301,2,64.00,C+,2026-01-18 07:30:33.536782+00,2026-01-18 07:30:33.536782+00
c5d4bebc-5228-42fa-bafe-37c818bb11a7,ad396a46-17b7-4a61-acf6-d1cb76f3ab10,Deep Learning,AI302,2,75.00,B+,2026-01-18 07:30:33.536782+00,2026-01-18 07:30:33.536782+00
485fbdfe-a6c3-4c1e-a463-c76537f69b07,ad396a46-17b7-4a61-acf6-d1cb76f3ab10,Natural Language Processing,AI303,2,54.00,C-,2026-01-18 07:30:33.536782+00,2026-01-18 07:30:33.536782+00
0f4813ba-a979-4674-aaa2-53191d7c9c35,0f0365d5-0606-46f1-b13a-5b32ea4b0aa8,Computer Vision,AI304,2,66.00,B-,2026-01-18 07:30:33.536782+00,2026-01-18 07:30:33.536782+00
f1295f78-17c2-4df5-b0ad-041e089060d1,0f0365d5-0606-46f1-b13a-5b32ea4b0aa8,Natural Language Processing,AI303,3,59.00,C,2026-01-18 07:30:33.536782+00,2026-01-18 07:30:33.536782+00
0dc1f728-4b03-45a9-9f6f-955e1f92796e,0f0365d5-0606-46f1-b13a-5b32ea4b0aa8,Deep Learning,AI302,4,63.00,C+,2026-01-18 07:30:33.536782+00,2026-01-18 07:30:33.536782+00
7e15fde8-12ab-43d8-83ea-4d54d8b91004,0f0365d5-0606-46f1-b13a-5b32ea4b0aa8,Machine Learning,AI301,4,75.00,B+,2026-01-18 07:30:33.536782+00,2026-01-18 07:30:33.536782+00
9393da6c-663b-4679-a59f-6d60f96347ee,0e0f2bd1-f0b6-452e-af5d-8b3f21bfb044,Machine Learning,AI301,3,65.00,B-,2026-01-18 07:30:33.536782+00,2026-01-18 07:30:33.536782+00
510a36da-81cb-4c45-9d71-b04ede4bb9ed,0e0f2bd1-f0b6-452e-af5d-8b3f21bfb044,Natural Language Processing,AI303,3,63.00,C+,2026-01-18 07:30:33.536782+00,2026-01-18 07:30:33.536782+00
9c397c22-2ca9-4ab5-8053-833f88bf5ffa,0e0f2bd1-f0b6-452e-af5d-8b3f21bfb044,Computer Vision,AI304,2,49.00,D,2026-01-18 07:30:33.536782+00,2026-01-18 07:30:33.536782+00
92deaa28-5aa7-405e-bbe4-5befc5691cd2,0e0f2bd1-f0b6-452e-af5d-8b3f21bfb044,Deep Learning,AI302,4,70.00,B,2026-01-18 07:30:33.536782+00,2026-01-18 07:30:33.536782+00
03e0c80a-5a92-4f6b-925b-523b324ff1da,7b306193-9128-4494-bbd9-7b761c28e1d2,Natural Language Processing,AI303,4,69.00,B-,2026-01-18 07:30:33.536782+00,2026-01-18 07:30:33.536782+00
4070e69b-65f3-4ece-9a2f-4721a2c5fb28,7b306193-9128-4494-bbd9-7b761c28e1d2,Machine Learning,AI301,4,84.00,A-,2026-01-18 07:30:33.536782+00,2026-01-18 07:30:33.536782+00
02f915a3-51bb-4803-8031-108b0c310212,7b306193-9128-4494-bbd9-7b761c28e1d2,Deep Learning,AI302,2,60.00,C+,2026-01-18 07:30:33.536782+00,2026-01-18 07:30:33.536782+00
ef662368-1627-4332-8d04-2caff1cc79f4,7b306193-9128-4494-bbd9-7b761c28e1d2,Computer Vision,AI304,4,65.00,B-,2026-01-18 07:30:33.536782+00,2026-01-18 07:30:33.536782+00
5d0d3f79-3c3c-4168-b347-61e3ef61cf5c,7a6e127e-661a-4a03-9c18-2611b8a14da2,Natural Language Processing,AI303,3,65.00,B-,2026-01-18 07:30:33.536782+00,2026-01-18 07:30:33.536782+00
3dc65f2e-c3af-4eeb-aa64-11baf9c46c59,7a6e127e-661a-4a03-9c18-2611b8a14da2,Machine Learning,AI301,2,78.00,B+,2026-01-18 07:30:33.536782+00,2026-01-18 07:30:33.536782+00
fbbb29b4-5ad9-476a-a12b-fe673be04411,7a6e127e-661a-4a03-9c18-2611b8a14da2,Computer Vision,AI304,4,62.00,C+,2026-01-18 07:30:33.536782+00,2026-01-18 07:30:33.536782+00
d63f6ee8-f9a0-41ec-80cd-fc8f3fb13762,7a6e127e-661a-4a03-9c18-2611b8a14da2,Deep Learning,AI302,3,65.00,B-,2026-01-18 07:30:33.536782+00,2026-01-18 07:30:33.536782+00
13707d14-f790-435f-82e8-ae3e48ae40cc,ff6d79ee-8448-4ef0-80bf-cb65593887f3,Natural Language Processing,AI303,2,69.00,B-,2026-01-18 07:30:33.536782+00,2026-01-18 07:30:33.536782+00
fa153cf1-88ea-4691-9967-a765895976ad,ff6d79ee-8448-4ef0-80bf-cb65593887f3,Deep Learning,AI302,3,64.00,C+,2026-01-18 07:30:33.536782+00,2026-01-18 07:30:33.536782+00
9d3704ea-2290-437c-9eb7-101ae94cf7fe,ff6d79ee-8448-4ef0-80bf-cb65593887f3,Machine Learning,AI301,2,58.00,C,2026-01-18 07:30:33.536782+00,2026-01-18 07:30:33.536782+00
74f3f3e2-1278-43a1-be0d-7c0cc24a5c31,ff6d79ee-8448-4ef0-80bf-cb65593887f3,Computer Vision,AI304,4,65.00,B-,2026-01-18 07:30:33.536782+00,2026-01-18 07:30:33.536782+00
f8b050ea-19a9-4731-9746-2cd4a5c1189b,0f31ad7d-bd7e-44f9-9a6e-b2021ca295e9,Machine Learning,AI301,2,73.00,B,2026-01-18 07:30:33.536782+00,2026-01-18 07:30:33.536782+00
0ff15f4c-e608-4314-bf1e-d10d24349fe0,0f31ad7d-bd7e-44f9-9a6e-b2021ca295e9,Natural Language Processing,AI303,3,52.00,C-,2026-01-18 07:30:33.536782+00,2026-01-18 07:30:33.536782+00
c4078030-da5e-464b-af6a-22063eba5146,0f31ad7d-bd7e-44f9-9a6e-b2021ca295e9,Deep Learning,AI302,4,64.00,C+,2026-01-18 07:30:33.536782+00,2026-01-18 07:30:33.536782+00
a8e07b29-848d-4f01-8ce6-838f0f9b3067,0f31ad7d-bd7e-44f9-9a6e-b2021ca295e9,Computer Vision,AI304,3,56.00,C,2026-01-18 07:30:33.536782+00,2026-01-18 07:30:33.536782+00
44c732f2-18c3-4581-ae64-2fa450387412,a86e7db4-66da-473f-9e9e-9c1a928bf1e9,Deep Learning,AI302,4,75.00,B+,2026-01-18 07:30:33.536782+00,2026-01-18 07:30:33.536782+00
59491154-d9c8-43a5-9b86-452b8749a176,a86e7db4-66da-473f-9e9e-9c1a928bf1e9,Natural Language Processing,AI303,2,47.00,D,2026-01-18 07:30:33.536782+00,2026-01-18 07:30:33.536782+00
7bd85e20-2f50-4682-8745-cbeceee7e3e9,a86e7db4-66da-473f-9e9e-9c1a928bf1e9,Computer Vision,AI304,2,57.00,C,2026-01-18 07:30:33.536782+00,2026-01-18 07:30:33.536782+00
5677455a-27eb-4a07-b72e-49680b98a91e,a86e7db4-66da-473f-9e9e-9c1a928bf1e9,Machine Learning,AI301,2,66.00,B-,2026-01-18 07:30:33.536782+00,2026-01-18 07:30:33.536782+00
0c55f137-28ef-4b75-83bf-9e19d1d26b8b,a9a37dac-9ec7-4114-af76-1ec42b0ca3ed,Machine Learning,CS401,2,80.00,A-,2026-01-18 07:30:33.536782+00,2026-01-18 07:30:33.536782+00
9f54dc87-17b9-4bf0-829d-231da941217b,a9a37dac-9ec7-4114-af76-1ec42b0ca3ed,Data Structures,CS201,2,63.00,C+,2026-01-18 07:30:33.536782+00,2026-01-18 07:30:33.536782+00
cc935745-6481-49cc-bfe9-141172b83416,a9a37dac-9ec7-4114-af76-1ec42b0ca3ed,Operating Systems,CS301,2,58.00,C,2026-01-18 07:30:33.536782+00,2026-01-18 07:30:33.536782+00
48aad569-9e2d-4049-b5ca-512feb2075f6,a9a37dac-9ec7-4114-af76-1ec42b0ca3ed,Computer Networks,CS402,3,83.00,A-,2026-01-18 07:30:33.536782+00,2026-01-18 07:30:33.536782+00
3843440a-73ae-47f5-884e-9acf1359d63d,d82c92fa-753e-4825-88aa-cece0b389e81,DBMS,CS302,3,49.00,D,2026-01-18 07:30:33.536782+00,2026-01-18 07:30:33.536782+00
e4422462-d163-4cc5-a775-2b9c5bea3f22,d82c92fa-753e-4825-88aa-cece0b389e81,Machine Learning,CS401,2,42.00,D,2026-01-18 07:30:33.536782+00,2026-01-18 07:30:33.536782+00
19a6646f-fb58-4189-9417-051457c5ee39,d82c92fa-753e-4825-88aa-cece0b389e81,Computer Networks,CS402,4,68.00,B-,2026-01-18 07:30:33.536782+00,2026-01-18 07:30:33.536782+00
b84cfb8f-c5e6-4088-bde2-5f07d03d812d,d82c92fa-753e-4825-88aa-cece0b389e81,Operating Systems,CS301,2,59.00,C,2026-01-18 07:30:33.536782+00,2026-01-18 07:30:33.536782+00
3b7a44e6-c38e-4338-94e9-e1e9d29fe102,1d2214a8-579d-4510-ada1-9d6d40d5758b,DBMS,CS302,3,54.00,C-,2026-01-18 07:30:33.536782+00,2026-01-18 07:30:33.536782+00
dcab9467-e73a-4914-951a-67e4e77347ab,1d2214a8-579d-4510-ada1-9d6d40d5758b,Computer Networks,CS402,2,71.00,B,2026-01-18 07:30:33.536782+00,2026-01-18 07:30:33.536782+00
7e851ab3-81ee-4a1a-8bc3-19afd1b7cfea,1d2214a8-579d-4510-ada1-9d6d40d5758b,Data Structures,CS201,3,66.00,B-,2026-01-18 07:30:33.536782+00,2026-01-18 07:30:33.536782+00
7613cd3b-ac13-40b1-9f9c-e2946dcc3441,1d2214a8-579d-4510-ada1-9d6d40d5758b,Operating Systems,CS301,3,58.00,C,2026-01-18 07:30:33.536782+00,2026-01-18 07:30:33.536782+00
82b67a08-4f44-4893-a814-ad3baf879682,30e18f36-6c70-4f7d-8c24-96469ce58c6c,Machine Learning,CS401,2,51.00,C-,2026-01-18 07:30:33.536782+00,2026-01-18 07:30:33.536782+00
ffae8b33-9a59-4f91-8429-7fbd05b4b765,30e18f36-6c70-4f7d-8c24-96469ce58c6c,Computer Networks,CS402,3,73.00,B,2026-01-18 07:30:33.536782+00,2026-01-18 07:30:33.536782+00
13154124-aa5c-49c3-998e-dbb0461d58ca,30e18f36-6c70-4f7d-8c24-96469ce58c6c,Operating Systems,CS301,4,70.00,B,2026-01-18 07:30:33.536782+00,2026-01-18 07:30:33.536782+00
56915ffd-9488-46f8-867d-ead713c1f9eb,30e18f36-6c70-4f7d-8c24-96469ce58c6c,DBMS,CS302,3,63.00,C+,2026-01-18 07:30:33.536782+00,2026-01-18 07:30:33.536782+00
29d9ab4f-edf1-4203-aaef-44e76fde54a5,c4b742ef-c2fd-474b-820d-f77566566b7c,DBMS,CS302,2,82.00,A-,2026-01-18 07:30:33.536782+00,2026-01-18 07:30:33.536782+00
0f97472e-5dcd-4ab1-b74b-504c7395c7c1,c4b742ef-c2fd-474b-820d-f77566566b7c,Computer Networks,CS402,3,53.00,C-,2026-01-18 07:30:33.536782+00,2026-01-18 07:30:33.536782+00
2e637151-4f6a-42fa-a461-582b145effb6,c4b742ef-c2fd-474b-820d-f77566566b7c,Data Structures,CS201,4,49.00,D,2026-01-18 07:30:33.536782+00,2026-01-18 07:30:33.536782+00
3aa158da-73e6-4063-aada-2236f6a0c869,c4b742ef-c2fd-474b-820d-f77566566b7c,Operating Systems,CS301,2,57.00,C,2026-01-18 07:30:33.536782+00,2026-01-18 07:30:33.536782+00
74ce2734-0798-49af-ac59-ad08705ae034,577446da-d313-43a1-91e2-a4e3de594fb0,Computer Networks,CS402,2,63.00,C+,2026-01-18 07:30:33.536782+00,2026-01-18 07:30:33.536782+00
b2b43785-06e8-4b2a-a48c-a31aa66a3de3,577446da-d313-43a1-91e2-a4e3de594fb0,DBMS,CS302,3,66.00,B-,2026-01-18 07:30:33.536782+00,2026-01-18 07:30:33.536782+00
8389602e-defc-4232-9009-b7ff63758292,577446da-d313-43a1-91e2-a4e3de594fb0,Operating Systems,CS301,4,61.00,C+,2026-01-18 07:30:33.536782+00,2026-01-18 07:30:33.536782+00
344dfec1-f6df-4ae1-b628-2e84b524bdf6,577446da-d313-43a1-91e2-a4e3de594fb0,Data Structures,CS201,3,67.00,B-,2026-01-18 07:30:33.536782+00,2026-01-18 07:30:33.536782+00
de2d0dc7-e635-46da-85bf-481ec561d2a8,11b918aa-a8f7-4411-8e11-06ef1f60b9c9,DBMS,CS302,2,51.00,C-,2026-01-18 07:30:33.536782+00,2026-01-18 07:30:33.536782+00
4ac9d1eb-4841-459f-a5f3-7bbb21c6e8a0,11b918aa-a8f7-4411-8e11-06ef1f60b9c9,Machine Learning,CS401,4,78.00,B+,2026-01-18 07:30:33.536782+00,2026-01-18 07:30:33.536782+00
df25e6fa-bff2-4be7-a68f-99c6bd1dc7a1,11b918aa-a8f7-4411-8e11-06ef1f60b9c9,Computer Networks,CS402,3,63.00,C+,2026-01-18 07:30:33.536782+00,2026-01-18 07:30:33.536782+00
2ee98bfd-4e51-46e9-a21a-6b61d7befa7d,11b918aa-a8f7-4411-8e11-06ef1f60b9c9,Operating Systems,CS301,3,75.00,B+,2026-01-18 07:30:33.536782+00,2026-01-18 07:30:33.536782+00
9253ad1a-bf1d-4acd-a84c-e0bcefd40844,94eed6e8-70ec-4a22-9f2f-ba7118c38eaa,Machine Learning,CS401,4,67.00,B-,2026-01-18 07:30:33.536782+00,2026-01-18 07:30:33.536782+00
f767684b-deaf-4449-a935-ca5cb4427e14,94eed6e8-70ec-4a22-9f2f-ba7118c38eaa,Data Structures,CS201,3,68.00,B-,2026-01-18 07:30:33.536782+00,2026-01-18 07:30:33.536782+00
0fad55b8-a40d-4200-bb17-515ab43af830,94eed6e8-70ec-4a22-9f2f-ba7118c38eaa,DBMS,CS302,3,70.00,B,2026-01-18 07:30:33.536782+00,2026-01-18 07:30:33.536782+00
ecd90f41-db21-4a85-b255-26f735e95632,94eed6e8-70ec-4a22-9f2f-ba7118c38eaa,Operating Systems,CS301,4,68.00,B-,2026-01-18 07:30:33.536782+00,2026-01-18 07:30:33.536782+00
baff485d-9762-445a-91cf-47f3e116d914,e4872f0d-453e-4f93-ad41-d978920cab59,Web Technologies,IT201,4,69.00,B-,2026-01-18 07:30:33.536782+00,2026-01-18 07:30:33.536782+00
d217421d-20d4-40d8-9ccc-4f6e3646f361,e4872f0d-453e-4f93-ad41-d978920cab59,Information Security,IT402,4,76.00,B+,2026-01-18 07:30:33.536782+00,2026-01-18 07:30:33.536782+00
8d686fd2-cc65-4b6a-ad3d-5346725ff5f8,e4872f0d-453e-4f93-ad41-d978920cab59,Database Systems,IT301,4,65.00,B-,2026-01-18 07:30:33.536782+00,2026-01-18 07:30:33.536782+00
e9a52aea-2a29-4b94-ab14-8d766d7a2385,e4872f0d-453e-4f93-ad41-d978920cab59,Cloud Computing,IT401,2,70.00,B,2026-01-18 07:30:33.536782+00,2026-01-18 07:30:33.536782+00
9048603a-504b-4672-a5e8-1770ba459e7e,1c487680-e7ef-4fc4-a7d3-6dba2a6084f1,Web Technologies,IT201,2,62.00,C+,2026-01-18 07:30:33.536782+00,2026-01-18 07:30:33.536782+00
6adb7d34-ffa8-4957-9ea5-92c45529831b,1c487680-e7ef-4fc4-a7d3-6dba2a6084f1,Information Security,IT402,2,77.00,B+,2026-01-18 07:30:33.536782+00,2026-01-18 07:30:33.536782+00
ee2cd8d6-ba6b-4c92-94a3-6e44faa7351c,1c487680-e7ef-4fc4-a7d3-6dba2a6084f1,Database Systems,IT301,2,56.00,C,2026-01-18 07:30:33.536782+00,2026-01-18 07:30:33.536782+00
451b2e5d-4b45-4c79-be9e-c2e697605302,1c487680-e7ef-4fc4-a7d3-6dba2a6084f1,Cloud Computing,IT401,4,81.00,A-,2026-01-18 07:30:33.536782+00,2026-01-18 07:30:33.536782+00
3ae8d5b6-a6d7-4ef0-b97d-1cc8edc0f08b,eaaae189-91d8-4345-bc84-c6f726d33192,Cloud Computing,IT401,4,62.00,C+,2026-01-18 07:30:33.536782+00,2026-01-18 07:30:33.536782+00
96c15855-0cb8-4e2e-9eb3-e5d7fdb115b8,eaaae189-91d8-4345-bc84-c6f726d33192,Database Systems,IT301,2,48.00,D,2026-01-18 07:30:33.536782+00,2026-01-18 07:30:33.536782+00
542c6f8e-7e4d-4bbb-a366-73a064d618a7,eaaae189-91d8-4345-bc84-c6f726d33192,Information Security,IT402,4,64.00,C+,2026-01-18 07:30:33.536782+00,2026-01-18 07:30:33.536782+00
86e947d7-9d8a-45f8-8c37-70c155dad45d,eaaae189-91d8-4345-bc84-c6f726d33192,Web Technologies,IT201,3,56.00,C,2026-01-18 07:30:33.536782+00,2026-01-18 07:30:33.536782+00
c3778be4-460b-4ef9-9d04-150eaa51707b,1bb5f0ae-828c-49d8-9a37-b1f10d8ca26f,Cloud Computing,IT401,4,71.00,B,2026-01-18 07:30:33.536782+00,2026-01-18 07:30:33.536782+00
37075a97-0f5b-42c8-abf3-a58ac634de56,1bb5f0ae-828c-49d8-9a37-b1f10d8ca26f,Database Systems,IT301,2,56.00,C,2026-01-18 07:30:33.536782+00,2026-01-18 07:30:33.536782+00
bae51437-3dc3-46d9-9d38-597976f546bc,1bb5f0ae-828c-49d8-9a37-b1f10d8ca26f,Information Security,IT402,4,58.00,C,2026-01-18 07:30:33.536782+00,2026-01-18 07:30:33.536782+00
61cb92e1-a215-4109-ab67-d0551c477397,1bb5f0ae-828c-49d8-9a37-b1f10d8ca26f,Web Technologies,IT201,3,44.00,D,2026-01-18 07:30:33.536782+00,2026-01-18 07:30:33.536782+00
1df6d47a-d5d5-48db-94ff-2405968bf641,e8b362a8-38dc-4a9b-a21d-dba611a25b46,Information Security,IT402,2,58.00,C,2026-01-18 07:30:33.536782+00,2026-01-18 07:30:33.536782+00
58c690ca-d78f-49a5-85e2-2aa0a88fbd3c,e8b362a8-38dc-4a9b-a21d-dba611a25b46,Database Systems,IT301,2,38.00,F,2026-01-18 07:30:33.536782+00,2026-01-18 07:30:33.536782+00
2e4b2e94-91a1-44c3-b78b-57737ec50189,e8b362a8-38dc-4a9b-a21d-dba611a25b46,Cloud Computing,IT401,4,47.00,D,2026-01-18 07:30:33.536782+00,2026-01-18 07:30:33.536782+00
f9363700-02b6-4305-901f-720d1202b2e8,e8b362a8-38dc-4a9b-a21d-dba611a25b46,Web Technologies,IT201,2,70.00,B,2026-01-18 07:30:33.536782+00,2026-01-18 07:30:33.536782+00
64e180e8-0a31-44d2-955d-c73753baadc0,eec9efe4-8455-4279-ae35-716f5a28b9bb,Information Security,IT402,3,70.00,B,2026-01-18 07:30:33.536782+00,2026-01-18 07:30:33.536782+00
871f963f-565c-4e59-afe1-b17a26d216b7,eec9efe4-8455-4279-ae35-716f5a28b9bb,Cloud Computing,IT401,3,67.00,B-,2026-01-18 07:30:33.536782+00,2026-01-18 07:30:33.536782+00
7fc2197e-a64c-4348-9a8d-f533d0148e7a,eec9efe4-8455-4279-ae35-716f5a28b9bb,Database Systems,IT301,4,53.00,C-,2026-01-18 07:30:33.536782+00,2026-01-18 07:30:33.536782+00
d96cc310-00fd-4f3b-8ada-84cebb69c996,eec9efe4-8455-4279-ae35-716f5a28b9bb,Web Technologies,IT201,3,62.00,C+,2026-01-18 07:30:33.536782+00,2026-01-18 07:30:33.536782+00
8b9d4a4e-872b-421d-a992-30eb0c7a8a74,04914a73-3b87-4bb3-a30c-85da7eab99eb,Database Systems,IT301,2,63.00,C+,2026-01-18 07:30:33.536782+00,2026-01-18 07:30:33.536782+00
b47bbf6c-e1c9-4af0-af71-77b435622e1b,04914a73-3b87-4bb3-a30c-85da7eab99eb,Cloud Computing,IT401,2,51.00,C-,2026-01-18 07:30:33.536782+00,2026-01-18 07:30:33.536782+00
1ce57b31-dcd4-4d66-b581-2528d50bd865,04914a73-3b87-4bb3-a30c-85da7eab99eb,Information Security,IT402,2,78.00,B+,2026-01-18 07:30:33.536782+00,2026-01-18 07:30:33.536782+00
d642955c-355a-4dfd-9e40-11ed9905a642,04914a73-3b87-4bb3-a30c-85da7eab99eb,Web Technologies,IT201,2,71.00,B,2026-01-18 07:30:33.536782+00,2026-01-18 07:30:33.536782+00
74f13bd1-bf3a-43d6-beb2-4dbde247f7dd,ae7f321b-888b-42c0-a84c-2ac0d136eef8,Information Security,IT402,4,60.00,C+,2026-01-18 07:30:33.536782+00,2026-01-18 07:30:33.536782+00
d9a032be-0660-4399-875e-14db3d7fd70a,ae7f321b-888b-42c0-a84c-2ac0d136eef8,Web Technologies,IT201,3,63.00,C+,2026-01-18 07:30:33.536782+00,2026-01-18 07:30:33.536782+00
561483aa-5a66-4ee1-b57f-e487ea847dda,ae7f321b-888b-42c0-a84c-2ac0d136eef8,Database Systems,IT301,4,65.00,B-,2026-01-18 07:30:33.536782+00,2026-01-18 07:30:33.536782+00
b446b7cb-3deb-4575-93e5-624af7c098e1,ae7f321b-888b-42c0-a84c-2ac0d136eef8,Cloud Computing,IT401,3,42.00,D,2026-01-18 07:30:33.536782+00,2026-01-18 07:30:33.536782+00
50698691-ef20-4362-a6ee-17ee8db47707,6b882224-d9c5-4440-bdf9-b3eee91d8e73,Data Structures,CS201,4,70.00,B,2026-01-18 07:30:33.536782+00,2026-01-18 07:30:33.536782+00
52da0f55-815c-47d0-b285-dac7f5958895,6b882224-d9c5-4440-bdf9-b3eee91d8e73,DBMS,CS302,4,66.00,B-,2026-01-18 07:30:33.536782+00,2026-01-18 07:30:33.536782+00
2de38b69-51ab-49a6-84d4-e78c95407ad3,6b882224-d9c5-4440-bdf9-b3eee91d8e73,Operating Systems,CS301,4,62.00,C+,2026-01-18 07:30:33.536782+00,2026-01-18 07:30:33.536782+00
6f39e91c-17a5-47ee-a76e-59174622964c,6b882224-d9c5-4440-bdf9-b3eee91d8e73,Computer Networks,CS402,4,70.00,B,2026-01-18 07:30:33.536782+00,2026-01-18 07:30:33.536782+00
d503a21b-e83c-4090-81bf-94cd186a0dd8,59432b9b-1f4a-4703-95e9-db539b1e8173,Operating Systems,CS301,2,90.00,A+,2026-01-18 07:30:33.536782+00,2026-01-18 07:30:33.536782+00
9a5582ca-9119-4937-8a4a-23075df2e2ec,59432b9b-1f4a-4703-95e9-db539b1e8173,DBMS,CS302,2,79.00,B+,2026-01-18 07:30:33.536782+00,2026-01-18 07:30:33.536782+00
